time_s,dF_F
0.0000,0.000000
0.0100,0.008922
0.0200,0.012802
0.0300,0.005508
0.0400,0.010325
0.0500,0.000000
0.0600,0.033877
0.0700,0.000000
0.0800,0.000000
0.0900,0.010816
0.1000,0.009033
0.1100,0.005849
0.1200,0.008104
0.1300,0.000000
0.1400,0.019072
0.1500,0.000000
0.1600,0.014951
0.1700,0.000000
0.1800,0.003079
0.1900,0.000000
0.2000,0.006865
0.2100,0.003805
0.2200,0.004393
0.2300,0.000000
0.2400,0.000000
0.2500,0.000000
0.2600,0.005944
0.2700,0.011872
0.2800,0.001806
0.2900,0.000000
0.3000,0.001291
0.3100,0.031333
0.3200,0.019752
0.3300,0.000000
0.3400,0.000760
0.3500,0.011185
0.3600,0.000000
0.3700,0.000000
0.3800,0.000000
0.3900,0.006626
0.4000,0.000000
0.4100,0.014264
0.4200,0.000000
0.4300,0.000000
0.4400,0.013492
0.4500,0.000000
0.4600,0.000000
0.4700,0.000000
0.4800,0.025727
0.4900,0.000000
0.5000,0.000000
0.5100,0.000000
0.5200,0.005467
0.5300,0.009409
0.5400,0.027318
0.5500,0.016883
0.5600,0.002255
0.5700,0.000000
0.5800,0.019488
0.5900,0.000000
0.6001,0.000000
0.6101,0.000000
0.6201,0.000000
0.6301,0.000000
0.6401,0.000000
0.6501,0.008768
0.6601,0.000000
0.6701,0.000000
0.6801,0.000000
0.6901,0.002515
0.7001,0.000872
0.7101,0.000000
0.7201,0.000000
0.7301,0.004662
0.7401,0.016687
0.7501,0.000000
0.7601,0.001067
0.7701,0.011499
0.7801,0.000000
0.7901,0.000000
0.8001,0.000000
0.8101,0.000000
0.8201,0.002022
0.8301,0.000379
0.8401,0.006661
0.8501,0.000000
0.8601,0.000120
0.8701,0.016581
0.8801,0.024930
0.8901,0.015362
0.9001,0.000000
0.9101,0.005413
0.9201,0.000000
0.9301,0.003407
0.9401,0.000000
0.9501,0.000000
0.9601,0.000000
0.9701,0.008671
0.9801,0.003456
0.9901,0.004835
1.0001,0.002596
1.0101,0.004854
1.0201,0.006354
1.0301,0.000000
1.0401,0.000995
1.0501,0.020919
1.0601,0.001704
1.0701,0.000511
1.0801,0.001235
1.0901,0.000000
1.1001,0.000000
1.1101,0.002504
1.1201,0.000000
1.1301,0.000000
1.1401,0.000000
1.1501,0.001296
1.1601,0.007010
1.1701,0.000000
1.1801,0.000000
1.1901,0.007084
1.2001,0.001442
1.2101,0.000000
1.2201,0.009279
1.2301,0.000000
1.2401,0.012545
1.2501,0.000000
1.2601,0.000000
1.2701,0.002140
1.2801,0.000000
1.2901,0.000000
1.3001,0.000000
1.3101,0.000000
1.3201,0.000000
1.3301,0.000000
1.3401,0.015265
1.3501,0.000000
1.3601,0.000000
1.3701,0.000000
1.3801,0.009249
1.3901,0.000000
1.4001,0.001608
1.4101,0.000000
1.4201,0.000000
1.4301,0.000000
1.4401,0.000000
1.4501,0.000106
1.4601,0.002824
1.4701,0.000000
1.4801,0.000000
1.4901,0.010661
1.5001,0.000000
1.5101,0.000000
1.5201,0.000000
1.5301,0.000000
1.5401,0.003132
1.5501,0.000000
1.5601,0.000000
1.5701,0.015891
1.5801,0.011041
1.5901,0.000000
1.6001,0.000000
1.6101,0.007121
1.6201,0.000000
1.6301,0.018007
1.6401,0.007396
1.6501,0.003594
1.6601,0.000000
1.6701,0.005897
1.6801,0.000000
1.6901,0.015663
1.7001,0.005066
1.7101,0.000000
1.7201,0.009656
1.7301,0.026898
1.7401,0.000000
1.7501,0.006605
1.7601,0.000000
1.7701,0.001024
1.7801,0.000000
1.7901,0.000000
1.8002,0.000523
1.8102,0.021588
1.8202,0.000000
1.8302,0.000000
1.8402,0.015457
1.8502,0.000000
1.8602,0.000000
1.8702,0.000000
1.8802,0.000000
1.8902,0.000000
1.9002,0.000000
1.9102,0.000000
1.9202,0.001416
1.9302,0.000000
1.9402,0.000000
1.9502,0.000000
1.9602,0.000000
1.9702,0.000000
1.9802,0.000000
1.9902,0.001029
2.0002,0.012810
2.0102,0.001542
2.0202,0.000000
2.0302,0.000000
2.0402,0.000000
2.0502,0.000000
2.0602,0.000000
2.0702,0.000000
2.0802,0.000000
2.0902,0.000000
2.1002,0.011909
2.1102,0.013105
2.1202,0.000000
2.1302,0.000000
2.1402,0.000000
2.1502,0.009715
2.1602,0.001746
2.1702,0.001113
2.1802,0.006435
2.1902,0.000000
2.2002,0.016367
2.2102,0.000000
2.2202,0.000000
2.2302,0.000000
2.2402,0.014783
2.2502,0.000000
2.2602,0.011395
2.2702,0.000000
2.2802,0.000000
2.2902,0.007915
2.3002,0.000000
2.3102,0.009870
2.3202,0.004220
2.3302,0.000000
2.3402,0.000000
2.3502,0.000000
2.3602,0.004188
2.3702,0.022654
2.3802,0.000000
2.3902,0.006405
2.4002,0.000293
2.4102,0.000289
2.4202,0.000000
2.4302,0.000000
2.4402,0.004022
2.4502,0.000000
2.4602,0.000000
2.4702,0.012170
2.4802,0.001188
2.4902,0.000000
2.5002,0.016081
2.5102,0.000000
2.5202,0.015274
2.5302,0.000000
2.5402,0.002538
2.5502,0.000000
2.5602,0.000000
2.5702,0.015767
2.5802,0.022275
2.5902,0.000000
2.6002,0.004026
2.6102,0.000684
2.6202,0.020766
2.6302,0.000000
2.6402,0.004525
2.6502,0.000000
2.6602,0.000000
2.6702,0.000000
2.6802,0.022177
2.6902,0.000000
2.7002,0.009489
2.7102,0.014384
2.7202,0.000000
2.7302,0.001445
2.7402,0.000000
2.7502,0.000000
2.7602,0.010884
2.7702,0.000728
2.7802,0.004408
2.7902,0.001598
2.8002,0.026304
2.8102,0.000000
2.8202,0.019265
2.8302,0.001602
2.8402,0.020330
2.8502,0.000000
2.8602,0.002216
2.8702,0.000000
2.8802,0.001674
2.8902,0.014669
2.9002,0.004546
2.9102,0.014645
2.9202,0.000000
2.9302,0.000000
2.9402,0.000193
2.9502,0.000000
2.9602,0.000000
2.9702,0.000000
2.9802,0.014384
2.9902,0.000000
3.0003,0.017113
3.0103,0.000153
3.0203,0.007781
3.0303,0.006693
3.0403,0.000000
3.0503,0.004406
3.0603,0.023140
3.0703,0.003019
3.0803,0.010815
3.0903,0.008319
3.1003,0.003685
3.1103,0.002238
3.1203,0.006568
3.1303,0.009159
3.1403,0.000000
3.1503,0.002968
3.1603,0.000000
3.1703,0.000000
3.1803,0.015552
3.1903,0.000000
3.2003,0.000000
3.2103,0.009549
3.2203,0.000000
3.2303,0.000000
3.2403,0.010899
3.2503,0.001905
3.2603,0.005673
3.2703,0.000000
3.2803,0.000000
3.2903,0.000000
3.3003,0.000000
3.3103,0.000000
3.3203,0.003685
3.3303,0.000000
3.3403,0.002220
3.3503,0.001862
3.3603,0.004642
3.3703,0.005994
3.3803,0.000000
3.3903,0.002208
3.4003,0.002832
3.4103,0.000000
3.4203,0.007758
3.4303,0.001799
3.4403,0.006769
3.4503,0.000000
3.4603,0.000000
3.4703,0.000000
3.4803,0.008935
3.4903,0.000000
3.5003,0.000000
3.5103,0.006412
3.5203,0.000000
3.5303,0.000000
3.5403,0.010881
3.5503,0.011373
3.5603,0.008665
3.5703,0.010185
3.5803,0.000000
3.5903,0.000000
3.6003,0.000000
3.6103,0.002013
3.6203,0.000000
3.6303,0.000000
3.6403,0.007199
3.6503,0.014214
3.6603,0.004779
3.6703,0.021532
3.6803,0.000000
3.6903,0.000000
3.7003,0.008576
3.7103,0.000000
3.7203,0.000000
3.7303,0.000000
3.7403,0.000000
3.7503,0.000000
3.7603,0.000000
3.7703,0.000000
3.7803,0.001080
3.7903,0.014877
3.8003,0.008123
3.8103,0.000000
3.8203,0.007296
3.8303,0.001341
3.8403,0.000000
3.8503,0.000000
3.8603,0.002455
3.8703,0.000000
3.8803,0.000000
3.8903,0.014207
3.9003,0.000000
3.9103,0.000000
3.9203,0.000000
3.9303,0.000000
3.9403,0.000000
3.9503,0.000000
3.9603,0.017383
3.9703,0.000000
3.9803,0.002143
3.9903,0.000000
4.0003,0.005258
4.0103,0.001120
4.0203,0.000000
4.0303,0.002161
4.0403,0.002041
4.0503,0.000000
4.0603,0.003982
4.0703,0.014366
4.0803,0.000000
4.0903,0.000000
4.1003,0.000000
4.1103,0.010255
4.1203,0.000000
4.1303,0.006943
4.1403,0.000000
4.1503,0.002905
4.1603,0.000000
4.1703,0.000000
4.1803,0.018277
4.1903,0.000000
4.2004,0.005824
4.2104,0.020776
4.2204,0.008226
4.2304,0.000000
4.2404,0.000000
4.2504,0.000000
4.2604,0.001895
4.2704,0.002711
4.2804,0.000000
4.2904,0.000000
4.3004,0.000000
4.3104,0.000000
4.3204,0.023816
4.3304,0.000000
4.3404,0.000000
4.3504,0.000000
4.3604,0.007627
4.3704,0.000000
4.3804,0.000000
4.3904,0.000000
4.4004,0.000000
4.4104,0.003551
4.4204,0.032213
4.4304,0.006610
4.4404,0.000000
4.4504,0.000000
4.4604,0.000000
4.4704,0.008804
4.4804,0.008152
4.4904,0.000000
4.5004,0.014560
4.5104,0.000253
4.5204,0.009297
4.5304,0.003554
4.5404,0.000000
4.5504,0.000000
4.5604,0.000000
4.5704,0.010105
4.5804,0.000000
4.5904,0.005277
4.6004,0.000000
4.6104,0.009361
4.6204,0.003755
4.6304,0.000000
4.6404,0.000000
4.6504,0.011177
4.6604,0.000000
4.6704,0.000000
4.6804,0.000000
4.6904,0.025600
4.7004,0.000000
4.7104,0.005943
4.7204,0.003122
4.7304,0.000000
4.7404,0.001934
4.7504,0.000000
4.7604,0.000000
4.7704,0.000000
4.7804,0.000000
4.7904,0.010789
4.8004,0.000689
4.8104,0.013086
4.8204,0.006964
4.8304,0.000000
4.8404,0.000000
4.8504,0.000000
4.8604,0.000000
4.8704,0.000000
4.8804,0.001752
4.8904,0.020585
4.9004,0.006340
4.9104,0.000000
4.9204,0.000000
4.9304,0.000000
4.9404,0.009741
4.9504,0.000000
4.9604,0.006504
4.9704,0.000000
4.9804,0.008604
4.9904,0.000000
5.0004,0.019250
5.0104,0.000000
5.0204,0.009525
5.0304,0.000000
5.0404,0.000000
5.0504,0.000000
5.0604,0.003067
5.0704,0.005490
5.0804,0.012700
5.0904,0.016895
5.1004,0.003982
5.1104,0.020564
5.1204,0.001116
5.1304,0.012929
5.1404,0.005145
5.1504,0.000000
5.1604,0.002175
5.1704,0.006038
5.1804,0.000000
5.1904,0.004954
5.2004,0.010384
5.2104,0.000000
5.2204,0.000000
5.2304,0.020139
5.2404,0.000000
5.2504,0.000000
5.2604,0.000000
5.2704,0.000000
5.2804,0.000000
5.2904,0.000000
5.3004,0.000000
5.3104,0.006357
5.3204,0.024364
5.3304,0.009847
5.3404,0.013471
5.3504,0.000000
5.3604,0.001256
5.3704,0.005118
5.3804,0.000000
5.3904,0.000000
5.4005,0.010255
5.4105,0.013084
5.4205,0.000809
5.4305,0.000000
5.4405,0.000000
5.4505,0.000000
5.4605,0.000902
5.4705,0.003065
5.4805,0.000000
5.4905,0.002901
5.5005,0.005003
5.5105,0.003082
5.5205,0.000000
5.5305,0.000000
5.5405,0.004918
5.5505,0.018945
5.5605,0.000000
5.5705,0.006610
5.5805,0.010538
5.5905,0.000000
5.6005,0.013781
5.6105,0.014426
5.6205,0.016565
5.6305,0.005501
5.6405,0.028322
5.6505,0.000000
5.6605,0.025489
5.6705,0.009220
5.6805,0.016085
5.6905,0.000000
5.7005,0.010134
5.7105,0.017124
5.7205,0.000000
5.7305,0.000000
5.7405,0.000000
5.7505,0.000000
5.7605,0.000000
5.7705,0.000000
5.7805,0.035084
5.7905,0.020614
5.8005,0.000000
5.8105,0.006669
5.8205,0.009587
5.8305,0.000000
5.8405,0.002140
5.8505,0.003312
5.8605,0.000000
5.8705,0.000000
5.8805,0.002068
5.8905,0.001193
5.9005,0.000000
5.9105,0.000000
5.9205,0.000000
5.9305,0.010634
5.9405,0.000000
5.9505,0.019473
5.9605,0.000000
5.9705,0.002317
5.9805,0.000000
5.9905,0.007056
6.0005,0.000000
6.0105,0.023129
6.0205,0.000000
6.0305,0.020586
6.0405,0.001080
6.0505,0.006629
6.0605,0.016014
6.0705,0.010292
6.0805,0.000000
6.0905,0.007201
6.1005,0.022410
6.1105,0.000000
6.1205,0.025421
6.1305,0.004628
6.1405,0.000000
6.1505,0.000000
6.1605,0.000000
6.1705,0.000000
6.1805,0.000000
6.1905,0.000000
6.2005,0.000000
6.2105,0.008974
6.2205,0.000000
6.2305,0.000000
6.2405,0.000000
6.2505,0.004261
6.2605,0.000879
6.2705,0.000000
6.2805,0.001508
6.2905,0.000000
6.3005,0.000000
6.3105,0.000000
6.3205,0.006952
6.3305,0.006866
6.3405,0.000000
6.3505,0.008121
6.3605,0.000000
6.3705,0.000000
6.3805,0.000000
6.3905,0.017971
6.4005,0.001959
6.4105,0.000000
6.4205,0.018530
6.4305,0.000000
6.4405,0.026817
6.4505,0.000000
6.4605,0.000000
6.4705,0.000000
6.4805,0.000000
6.4905,0.000000
6.5005,0.031224
6.5105,0.003824
6.5205,0.005571
6.5305,0.000000
6.5405,0.000000
6.5505,0.012307
6.5605,0.000000
6.5705,0.000000
6.5805,0.000000
6.5905,0.016213
6.6006,0.000000
6.6106,0.004994
6.6206,0.000333
6.6306,0.015555
6.6406,0.000000
6.6506,0.008832
6.6606,0.000000
6.6706,0.011099
6.6806,0.000000
6.6906,0.000293
6.7006,0.000000
6.7106,0.000000
6.7206,0.000000
6.7306,0.000000
6.7406,0.001559
6.7506,0.000000
6.7606,0.000000
6.7706,0.000000
6.7806,0.000000
6.7906,0.012283
6.8006,0.008462
6.8106,0.000000
6.8206,0.002924
6.8306,0.000000
6.8406,0.019493
6.8506,0.024813
6.8606,0.001978
6.8706,0.031088
6.8806,0.000000
6.8906,0.000000
6.9006,0.000000
6.9106,0.000000
6.9206,0.027745
6.9306,0.000000
6.9406,0.000000
6.9506,0.000000
6.9606,0.013680
6.9706,0.011968
6.9806,0.000000
6.9906,0.000000
7.0006,0.000000
7.0106,0.020655
7.0206,0.008266
7.0306,0.000786
7.0406,0.022426
7.0506,0.023500
7.0606,0.000000
7.0706,0.000000
7.0806,0.000000
7.0906,0.000000
7.1006,0.000000
7.1106,0.000000
7.1206,0.000000
7.1306,0.013012
7.1406,0.000000
7.1506,0.023400
7.1606,0.000000
7.1706,0.020848
7.1806,0.000000
7.1906,0.000000
7.2006,0.015405
7.2106,0.016822
7.2206,0.000000
7.2306,0.000000
7.2406,0.000000
7.2506,0.000000
7.2606,0.001294
7.2706,0.000000
7.2806,0.000000
7.2906,0.000000
7.3006,0.008442
7.3106,0.000000
7.3206,0.000000
7.3306,0.000000
7.3406,0.000000
7.3506,0.016907
7.3606,0.000000
7.3706,0.008650
7.3806,0.000565
7.3906,0.002938
7.4006,0.000000
7.4106,0.000000
7.4206,0.000000
7.4306,0.000000
7.4406,0.003977
7.4506,0.005489
7.4606,0.026072
7.4706,0.003338
7.4806,0.000000
7.4906,0.013956
7.5006,0.000000
7.5106,0.024143
7.5206,0.017651
7.5306,0.000000
7.5406,0.008663
7.5506,0.000000
7.5606,0.000032
7.5706,0.008112
7.5806,0.013356
7.5906,0.010742
7.6006,0.000900
7.6106,0.029801
7.6206,0.000000
7.6306,0.000000
7.6406,0.000000
7.6506,0.017688
7.6606,0.000000
7.6706,0.001909
7.6806,0.000000
7.6906,0.000000
7.7006,0.000000
7.7106,0.005654
7.7206,0.000000
7.7306,0.005220
7.7406,0.004073
7.7506,0.000000
7.7606,0.000000
7.7706,0.000000
7.7806,0.036320
7.7906,0.017738
7.8007,0.016082
7.8107,0.000000
7.8207,0.000114
7.8307,0.000000
7.8407,0.000000
7.8507,0.000000
7.8607,0.015914
7.8707,0.010089
7.8807,0.000000
7.8907,0.000000
7.9007,0.008989
7.9107,0.000000
7.9207,0.000955
7.9307,0.004822
7.9407,0.004691
7.9507,0.003050
7.9607,0.000000
7.9707,0.000000
7.9807,0.000000
7.9907,0.000000
8.0007,0.000000
8.0107,0.009795
8.0207,0.000000
8.0307,0.003276
8.0407,0.009416
8.0507,0.000000
8.0607,0.000000
8.0707,0.019755
8.0807,0.006623
8.0907,0.000000
8.1007,0.007900
8.1107,0.000000
8.1207,0.008296
8.1307,0.000000
8.1407,0.000000
8.1507,0.000000
8.1607,0.000038
8.1707,0.000000
8.1807,0.000000
8.1907,0.000000
8.2007,0.005888
8.2107,0.002103
8.2207,0.000000
8.2307,0.011915
8.2407,0.000000
8.2507,0.001941
8.2607,0.009175
8.2707,0.003939
8.2807,0.013982
8.2907,0.000000
8.3007,0.012413
8.3107,0.001475
8.3207,0.006092
8.3307,0.004844
8.3407,0.014889
8.3507,0.008657
8.3607,0.000000
8.3707,0.000000
8.3807,0.000000
8.3907,0.000000
8.4007,0.000000
8.4107,0.000000
8.4207,0.000000
8.4307,0.023825
8.4407,0.000000
8.4507,0.022842
8.4607,0.004838
8.4707,0.000000
8.4807,0.000000
8.4907,0.000056
8.5007,0.022706
8.5107,0.018692
8.5207,0.003291
8.5307,0.000000
8.5407,0.000000
8.5507,0.000000
8.5607,0.015338
8.5707,0.019581
8.5807,0.002351
8.5907,0.000000
8.6007,0.018585
8.6107,0.000000
8.6207,0.000622
8.6307,0.005556
8.6407,0.000000
8.6507,0.000000
8.6607,0.000000
8.6707,0.017001
8.6807,0.022972
8.6907,0.001378
8.7007,0.000000
8.7107,0.000000
8.7207,0.000021
8.7307,0.000000
8.7407,0.000000
8.7507,0.004959
8.7607,0.000000
8.7707,0.000000
8.7807,0.000000
8.7907,0.000000
8.8007,0.000000
8.8107,0.009146
8.8207,0.000000
8.8307,0.018891
8.8407,0.001626
8.8507,0.007320
8.8607,0.008701
8.8707,0.000000
8.8807,0.000000
8.8907,0.000000
8.9007,0.000000
8.9107,0.008390
8.9207,0.000000
8.9307,0.007295
8.9407,0.000000
8.9507,0.000000
8.9607,0.014006
8.9707,0.000000
8.9807,0.000000
8.9907,0.000000
9.0008,0.000000
9.0108,0.000000
9.0208,0.012687
9.0308,0.000000
9.0408,0.000000
9.0508,0.000000
9.0608,0.000000
9.0708,0.014281
9.0808,0.007408
9.0908,0.000000
9.1008,0.000000
9.1108,0.000000
9.1208,0.000000
9.1308,0.000000
9.1408,0.000000
9.1508,0.006871
9.1608,0.007102
9.1708,0.010503
9.1808,0.000000
9.1908,0.000695
9.2008,0.000000
9.2108,0.000000
9.2208,0.000000
9.2308,0.000000
9.2408,0.000000
9.2508,0.013942
9.2608,0.003960
9.2708,0.000000
9.2808,0.005678
9.2908,0.000000
9.3008,0.000000
9.3108,0.000000
9.3208,0.006443
9.3308,0.000000
9.3408,0.000000
9.3508,0.013581
9.3608,0.000000
9.3708,0.000000
9.3808,0.008310
9.3908,0.000000
9.4008,0.000000
9.4108,0.003669
9.4208,0.000000
9.4308,0.002653
9.4408,0.000000
9.4508,0.010266
9.4608,0.006560
9.4708,0.004975
9.4808,0.000000
9.4908,0.000000
9.5008,0.000000
9.5108,0.000000
9.5208,0.000000
9.5308,0.000000
9.5408,0.014268
9.5508,0.004429
9.5608,0.000000
9.5708,0.000000
9.5808,0.000000
9.5908,0.002402
9.6008,0.000000
9.6108,0.018560
9.6208,0.000000
9.6308,0.000705
9.6408,0.000000
9.6508,0.000000
9.6608,0.002124
9.6708,0.000000
9.6808,0.000000
9.6908,0.003923
9.7008,0.018178
9.7108,0.001740
9.7208,0.013730
9.7308,0.007459
9.7408,0.013012
9.7508,0.000000
9.7608,0.000000
9.7708,0.000000
9.7808,0.006555
9.7908,0.009509
9.8008,0.001501
9.8108,0.010520
9.8208,0.000000
9.8308,0.010625
9.8408,0.012190
9.8508,0.008130
9.8608,0.001610
9.8708,0.008560
9.8808,0.000000
9.8908,0.002380
9.9008,0.003606
9.9108,0.000000
9.9208,0.005695
9.9308,0.000000
9.9408,0.000000
9.9508,0.000477
9.9608,0.000000
9.9708,0.000991
9.9808,0.000799
9.9908,0.000000
10.0008,0.006816
10.0108,0.000000
10.0208,0.027456
10.0308,0.000000
10.0408,0.000000
10.0508,0.000000
10.0608,0.013771
10.0708,0.000000
10.0808,0.000000
10.0908,0.010245
10.1008,0.000000
10.1108,0.007841
10.1208,0.011227
10.1308,0.003294
10.1408,0.028751
10.1508,0.000000
10.1608,0.000000
10.1708,0.000000
10.1808,0.027134
10.1908,0.021576
10.2009,0.015464
10.2109,0.000000
10.2209,0.000000
10.2309,0.000000
10.2409,0.000000
10.2509,0.017912
10.2609,0.000000
10.2709,0.000000
10.2809,0.009293
10.2909,0.000000
10.3009,0.000632
10.3109,0.000000
10.3209,0.000000
10.3309,0.000000
10.3409,0.000000
10.3509,0.002707
10.3609,0.002655
10.3709,0.000000
10.3809,0.004448
10.3909,0.000000
10.4009,0.008179
10.4109,0.000000
10.4209,0.000000
10.4309,0.000000
10.4409,0.000000
10.4509,0.022448
10.4609,0.000000
10.4709,0.000000
10.4809,0.011026
10.4909,0.000000
10.5009,0.003405
10.5109,0.000000
10.5209,0.015369
10.5309,0.000000
10.5409,0.016774
10.5509,0.000000
10.5609,0.000000
10.5709,0.016800
10.5809,0.002018
10.5909,0.027258
10.6009,0.000000
10.6109,0.003085
10.6209,0.022862
10.6309,0.000000
10.6409,0.000000
10.6509,0.000000
10.6609,0.009760
10.6709,0.000000
10.6809,0.007165
10.6909,0.006320
10.7009,0.024173
10.7109,0.012546
10.7209,0.004369
10.7309,0.016310
10.7409,0.006467
10.7509,0.000000
10.7609,0.000000
10.7709,0.000000
10.7809,0.000000
10.7909,0.002100
10.8009,0.000000
10.8109,0.000000
10.8209,0.000343
10.8309,0.006570
10.8409,0.019522
10.8509,0.002228
10.8609,0.000000
10.8709,0.000000
10.8809,0.008244
10.8909,0.000000
10.9009,0.010402
10.9109,0.016769
10.9209,0.000000
10.9309,0.006647
10.9409,0.015511
10.9509,0.012228
10.9609,0.000000
10.9709,0.000000
10.9809,0.000000
10.9909,0.006282
11.0009,0.004960
11.0109,0.000000
11.0209,0.000000
11.0309,0.009609
11.0409,0.001776
11.0509,0.001755
11.0609,0.000000
11.0709,0.000000
11.0809,0.000000
11.0909,0.000625
11.1009,0.007383
11.1109,0.008358
11.1209,0.001030
11.1309,0.013139
11.1409,0.000000
11.1509,0.000000
11.1609,0.005725
11.1709,0.001517
11.1809,0.005963
11.1909,0.000000
11.2009,0.021490
11.2109,0.008526
11.2209,0.000000
11.2309,0.000000
11.2409,0.012926
11.2509,0.000000
11.2609,0.027136
11.2709,0.000000
11.2809,0.020646
11.2909,0.000000
11.3009,0.018969
11.3109,0.000000
11.3209,0.000226
11.3309,0.009657
11.3409,0.007945
11.3509,0.013209
11.3609,0.000000
11.3709,0.001018
11.3809,0.014981
11.3909,0.000000
11.4010,0.006870
11.4110,0.000000
11.4210,0.002470
11.4310,0.001015
11.4410,0.000000
11.4510,0.000000
11.4610,0.001739
11.4710,0.000000
11.4810,0.018873
11.4910,0.012119
11.5010,0.003480
11.5110,0.000000
11.5210,0.000000
11.5310,0.023686
11.5410,0.000000
11.5510,0.001366
11.5610,0.004331
11.5710,0.000000
11.5810,0.000000
11.5910,0.000000
11.6010,0.000000
11.6110,0.000000
11.6210,0.015933
11.6310,0.000000
11.6410,0.000000
11.6510,0.001283
11.6610,0.008015
11.6710,0.000000
11.6810,0.010824
11.6910,0.000000
11.7010,0.014056
11.7110,0.000000
11.7210,0.000000
11.7310,0.000000
11.7410,0.000000
11.7510,0.000000
11.7610,0.000000
11.7710,0.007052
11.7810,0.000000
11.7910,0.000000
11.8010,0.000000
11.8110,0.000000
11.8210,0.000000
11.8310,0.000000
11.8410,0.012391
11.8510,0.014991
11.8610,0.024066
11.8710,0.000000
11.8810,0.000000
11.8910,0.008382
11.9010,0.000000
11.9110,0.010329
11.9210,0.002485
11.9310,0.018950
11.9410,0.012513
11.9510,0.012732
11.9610,0.000000
11.9710,0.000000
11.9810,0.000000
11.9910,0.000000
12.0010,0.017662
12.0110,0.008952
12.0210,0.000000
12.0310,0.015692
12.0410,0.000000
12.0510,0.000000
12.0610,0.012210
12.0710,0.000000
12.0810,0.000000
12.0910,0.002721
12.1010,0.004924
12.1110,0.010533
12.1210,0.007381
12.1310,0.007072
12.1410,0.000000
12.1510,0.004138
12.1610,0.000000
12.1710,0.019500
12.1810,0.000000
12.1910,0.000000
12.2010,0.000000
12.2110,0.000000
12.2210,0.001334
12.2310,0.000000
12.2410,0.015089
12.2510,0.004177
12.2610,0.000000
12.2710,0.000050
12.2810,0.016391
12.2910,0.012765
12.3010,0.000000
12.3110,0.000000
12.3210,0.007880
12.3310,0.006534
12.3410,0.000000
12.3510,0.011510
12.3610,0.000000
12.3710,0.018399
12.3810,0.009225
12.3910,0.000000
12.4010,0.000000
12.4110,0.000000
12.4210,0.005277
12.4310,0.001035
12.4410,0.000000
12.4510,0.000000
12.4610,0.010451
12.4710,0.007426
12.4810,0.005387
12.4910,0.007499
12.5010,0.000000
12.5110,0.006722
12.5210,0.035109
12.5310,0.018875
12.5410,0.001454
12.5510,0.000000
12.5610,0.000000
12.5710,0.018146
12.5810,0.014898
12.5910,0.000000
12.6011,0.000000
12.6111,0.000000
12.6211,0.011346
12.6311,0.005081
12.6411,0.014592
12.6511,0.007472
12.6611,0.018177
12.6711,0.011152
12.6811,0.016805
12.6911,0.000000
12.7011,0.000000
12.7111,0.002917
12.7211,0.020388
12.7311,0.030144
12.7411,0.005752
12.7511,0.000529
12.7611,0.000000
12.7711,0.018522
12.7811,0.001703
12.7911,0.043952
12.8011,0.000000
12.8111,0.034009
12.8211,0.017874
12.8311,0.000000
12.8411,0.011975
12.8511,0.018594
12.8611,0.006783
12.8711,0.019691
12.8811,0.019576
12.8911,0.017089
12.9011,0.009885
12.9111,0.000000
12.9211,0.009461
12.9311,0.012646
12.9411,0.000000
12.9511,0.012865
12.9611,0.009823
12.9711,0.000000
12.9811,0.007291
12.9911,0.007697
13.0011,0.034752
13.0111,0.014384
13.0211,0.024327
13.0311,0.010633
13.0411,0.000000
13.0511,0.020420
13.0611,0.004606
13.0711,0.008630
13.0811,0.000175
13.0911,0.013837
13.1011,0.025899
13.1111,0.024463
13.1211,0.032458
13.1311,0.034313
13.1411,0.000000
13.1511,0.000000
13.1611,0.000000
13.1711,0.021778
13.1811,0.006032
13.1911,0.008634
13.2011,0.012060
13.2111,0.019405
13.2211,0.000000
13.2311,0.000018
13.2411,0.015295
13.2511,0.029820
13.2611,0.015286
13.2711,0.006247
13.2811,0.000000
13.2911,0.027491
13.3011,0.007383
13.3111,0.002602
13.3211,0.000000
13.3311,0.000000
13.3411,0.005306
13.3511,0.014131
13.3611,0.002649
13.3711,0.019539
13.3811,0.014511
13.3911,0.044289
13.4011,0.000000
13.4111,0.019878
13.4211,0.020186
13.4311,0.005889
13.4411,0.019556
13.4511,0.027806
13.4611,0.019887
13.4711,0.035501
13.4811,0.000000
13.4911,0.009097
13.5011,0.037063
13.5111,0.030465
13.5211,0.026165
13.5311,0.034637
13.5411,0.000000
13.5511,0.029703
13.5611,0.033087
13.5711,0.012570
13.5811,0.052184
13.5911,0.023149
13.6011,0.000000
13.6111,0.025687
13.6211,0.012633
13.6311,0.035411
13.6411,0.028167
13.6511,0.014576
13.6611,0.039941
13.6711,0.033345
13.6811,0.012297
13.6911,0.020568
13.7011,0.028756
13.7111,0.018342
13.7211,0.018862
13.7311,0.023476
13.7411,0.010407
13.7511,0.000000
13.7611,0.026388
13.7711,0.000000
13.7811,0.011924
13.7911,0.002743
13.8012,0.004383
13.8112,0.029442
13.8212,0.021820
13.8312,0.021548
13.8412,0.009020
13.8512,0.017103
13.8612,0.029653
13.8712,0.024673
13.8812,0.035332
13.8912,0.037204
13.9012,0.022758
13.9112,0.003721
13.9212,0.017031
13.9312,0.025101
13.9412,0.017119
13.9512,0.013944
13.9612,0.027600
13.9712,0.056090
13.9812,0.021231
13.9912,0.027219
14.0012,0.011672
14.0112,0.042501
14.0212,0.038241
14.0312,0.037577
14.0412,0.044389
14.0512,0.023108
14.0612,0.024771
14.0712,0.049083
14.0812,0.036321
14.0912,0.002263
14.1012,0.034516
14.1112,0.022242
14.1212,0.040165
14.1312,0.034451
14.1412,0.008831
14.1512,0.033108
14.1612,0.032575
14.1712,0.034574
14.1812,0.037285
14.1912,0.048495
14.2012,0.035676
14.2112,0.031150
14.2212,0.044817
14.2312,0.058120
14.2412,0.042354
14.2512,0.034013
14.2612,0.036896
14.2712,0.034944
14.2812,0.032260
14.2912,0.058187
14.3012,0.023382
14.3112,0.046397
14.3212,0.031194
14.3312,0.015107
14.3412,0.030779
14.3512,0.026644
14.3612,0.040304
14.3712,0.034636
14.3812,0.021444
14.3912,0.051528
14.4012,0.047125
14.4112,0.053244
14.4212,0.037222
14.4312,0.034118
14.4412,0.043157
14.4512,0.027953
14.4612,0.036612
14.4712,0.033111
14.4812,0.017856
14.4912,0.037086
14.5012,0.030434
14.5112,0.032984
14.5212,0.040429
14.5312,0.051502
14.5412,0.026216
14.5512,0.032532
14.5612,0.027559
14.5712,0.026947
14.5812,0.029944
14.5912,0.034891
14.6012,0.044449
14.6112,0.041433
14.6212,0.025076
14.6312,0.053458
14.6412,0.049431
14.6512,0.027454
14.6612,0.053128
14.6712,0.042532
14.6812,0.036902
14.6912,0.043247
14.7012,0.038812
14.7112,0.045833
14.7212,0.041711
14.7312,0.035585
14.7412,0.015496
14.7512,0.046303
14.7612,0.035664
14.7712,0.049655
14.7812,0.046271
14.7912,0.036491
14.8012,0.053111
14.8112,0.043465
14.8212,0.043143
14.8312,0.039694
14.8412,0.061726
14.8512,0.033137
14.8612,0.037996
14.8712,0.027193
14.8812,0.050934
14.8912,0.035401
14.9012,0.036919
14.9112,0.036529
14.9212,0.043658
14.9312,0.028070
14.9412,0.016333
14.9512,0.048918
14.9612,0.018237
14.9712,0.054023
14.9812,0.062649
14.9912,0.042150
15.0013,0.059888
15.0113,0.044178
15.0213,0.063834
15.0313,0.039343
15.0413,0.016613
15.0513,0.044207
15.0613,0.065836
15.0713,0.051935
15.0813,0.039507
15.0913,0.049812
15.1013,0.057694
15.1113,0.045188
15.1213,0.077908
15.1313,0.040357
15.1413,0.058772
15.1513,0.056061
15.1613,0.038695
15.1713,0.042176
15.1813,0.059662
15.1913,0.049359
15.2013,0.051854
15.2113,0.028342
15.2213,0.056022
15.2313,0.051774
15.2413,0.047736
15.2513,0.053011
15.2613,0.043946
15.2713,0.041931
15.2813,0.046308
15.2913,0.043818
15.3013,0.075732
15.3113,0.060685
15.3213,0.038299
15.3313,0.074534
15.3413,0.045082
15.3513,0.050807
15.3613,0.061401
15.3713,0.027170
15.3813,0.048144
15.3913,0.044286
15.4013,0.053806
15.4113,0.055964
15.4213,0.050775
15.4313,0.050397
15.4413,0.064841
15.4513,0.055856
15.4613,0.052915
15.4713,0.054371
15.4813,0.074807
15.4913,0.055028
15.5013,0.046962
15.5113,0.030407
15.5213,0.036287
15.5313,0.048070
15.5413,0.052554
15.5513,0.047367
15.5613,0.058428
15.5713,0.047573
15.5813,0.043602
15.5913,0.062108
15.6013,0.071369
15.6113,0.041832
15.6213,0.058223
15.6313,0.032619
15.6413,0.037966
15.6513,0.048777
15.6613,0.069642
15.6713,0.046860
15.6813,0.046593
15.6913,0.057001
15.7013,0.057195
15.7113,0.047510
15.7213,0.080949
15.7313,0.054112
15.7413,0.058841
15.7513,0.052839
15.7613,0.063123
15.7713,0.072845
15.7813,0.078173
15.7913,0.049244
15.8013,0.071784
15.8113,0.065354
15.8213,0.070635
15.8313,0.058022
15.8413,0.057063
15.8513,0.070720
15.8613,0.071131
15.8713,0.078648
15.8813,0.062425
15.8913,0.058944
15.9013,0.030893
15.9113,0.041260
15.9213,0.056049
15.9313,0.047752
15.9413,0.070918
15.9513,0.045613
15.9613,0.055503
15.9713,0.056159
15.9813,0.076346
15.9913,0.054775
16.0013,0.067688
16.0113,0.064793
16.0213,0.073470
16.0313,0.073019
16.0413,0.062600
16.0513,0.042832
16.0613,0.060593
16.0713,0.063320
16.0813,0.067178
16.0913,0.055082
16.1013,0.077810
16.1113,0.064469
16.1213,0.053447
16.1313,0.059181
16.1413,0.088009
16.1513,0.073026
16.1613,0.077822
16.1713,0.052929
16.1813,0.057350
16.1913,0.057626
16.2014,0.068204
16.2114,0.064091
16.2214,0.060493
16.2314,0.062186
16.2414,0.057215
16.2514,0.064774
16.2614,0.080479
16.2714,0.049151
16.2814,0.071655
16.2914,0.084248
16.3014,0.065677
16.3114,0.061718
16.3214,0.079344
16.3314,0.056632
16.3414,0.068360
16.3514,0.056344
16.3614,0.046571
16.3714,0.067378
16.3814,0.054231
16.3914,0.069442
16.4014,0.083152
16.4114,0.092213
16.4214,0.071275
16.4314,0.082574
16.4414,0.075321
16.4514,0.066127
16.4614,0.047818
16.4714,0.090624
16.4814,0.058708
16.4914,0.088082
16.5014,0.078122
16.5114,0.060160
16.5214,0.075808
16.5314,0.097850
16.5414,0.090875
16.5514,0.066487
16.5614,0.064288
16.5714,0.074226
16.5814,0.071230
16.5914,0.087806
16.6014,0.082477
16.6114,0.053487
16.6214,0.079491
16.6314,0.072031
16.6414,0.074819
16.6514,0.077554
16.6614,0.089145
16.6714,0.086687
16.6814,0.066151
16.6914,0.074638
16.7014,0.070153
16.7114,0.055547
16.7214,0.074611
16.7314,0.098255
16.7414,0.055768
16.7514,0.076218
16.7614,0.076028
16.7714,0.080349
16.7814,0.065539
16.7914,0.060185
16.8014,0.060938
16.8114,0.093648
16.8214,0.066080
16.8314,0.072073
16.8414,0.103519
16.8514,0.069649
16.8614,0.082764
16.8714,0.091617
16.8814,0.091237
16.8914,0.063265
16.9014,0.070881
16.9114,0.083266
16.9214,0.102982
16.9314,0.070893
16.9414,0.074305
16.9514,0.085460
16.9614,0.088058
16.9714,0.088983
16.9814,0.070861
16.9914,0.074831
17.0014,0.083999
17.0114,0.096759
17.0214,0.078947
17.0314,0.081739
17.0414,0.069894
17.0514,0.104763
17.0614,0.084454
17.0714,0.095734
17.0814,0.083359
17.0914,0.084222
17.1014,0.065394
17.1114,0.057788
17.1214,0.098820
17.1314,0.084933
17.1414,0.086673
17.1514,0.069407
17.1614,0.073759
17.1714,0.097543
17.1814,0.105877
17.1914,0.077741
17.2014,0.093454
17.2114,0.087877
17.2214,0.084351
17.2314,0.108222
17.2414,0.080761
17.2514,0.101289
17.2614,0.091179
17.2714,0.086600
17.2814,0.103469
17.2914,0.090688
17.3014,0.086251
17.3114,0.104163
17.3214,0.102803
17.3314,0.102438
17.3414,0.041563
17.3514,0.093701
17.3614,0.091167
17.3714,0.088406
17.3814,0.096344
17.3914,0.092357
17.4015,0.097567
17.4115,0.086421
17.4215,0.107818
17.4315,0.099391
17.4415,0.096757
17.4515,0.096375
17.4615,0.104542
17.4715,0.103119
17.4815,0.089710
17.4915,0.103151
17.5015,0.093560
17.5115,0.114679
17.5215,0.105054
17.5315,0.084579
17.5415,0.120260
17.5515,0.067272
17.5615,0.100350
17.5715,0.084552
17.5815,0.115699
17.5915,0.096352
17.6015,0.083998
17.6115,0.090532
17.6215,0.085369
17.6315,0.090473
17.6415,0.090405
17.6515,0.085541
17.6615,0.098003
17.6715,0.099664
17.6815,0.083220
17.6915,0.075484
17.7015,0.099322
17.7115,0.102181
17.7215,0.104768
17.7315,0.102827
17.7415,0.115293
17.7515,0.108593
17.7615,0.128994
17.7715,0.134252
17.7815,0.076156
17.7915,0.071096
17.8015,0.097581
17.8115,0.103930
17.8215,0.097177
17.8315,0.106740
17.8415,0.095263
17.8515,0.090388
17.8615,0.092410
17.8715,0.096733
17.8815,0.109467
17.8915,0.093713
17.9015,0.096297
17.9115,0.106817
17.9215,0.097799
17.9315,0.113796
17.9415,0.089572
17.9515,0.087180
17.9615,0.104683
17.9715,0.106090
17.9815,0.091070
17.9915,0.117784
18.0015,0.124972
18.0115,0.094550
18.0215,0.120144
18.0315,0.073922
18.0415,0.115633
18.0515,0.092639
18.0615,0.114858
18.0715,0.091822
18.0815,0.102748
18.0915,0.094061
18.1015,0.101429
18.1115,0.126168
18.1215,0.103127
18.1315,0.129959
18.1415,0.100219
18.1515,0.122963
18.1615,0.085768
18.1715,0.102052
18.1815,0.099271
18.1915,0.124371
18.2015,0.108356
18.2115,0.081290
18.2215,0.090840
18.2315,0.094625
18.2415,0.118200
18.2515,0.116867
18.2615,0.103817
18.2715,0.101055
18.2815,0.116450
18.2915,0.094514
18.3015,0.113777
18.3115,0.112971
18.3215,0.105422
18.3315,0.113705
18.3415,0.110375
18.3515,0.115335
18.3615,0.093574
18.3715,0.117174
18.3815,0.122336
18.3915,0.114085
18.4015,0.117666
18.4115,0.109350
18.4215,0.121582
18.4315,0.111887
18.4415,0.097547
18.4515,0.121383
18.4615,0.092149
18.4715,0.115370
18.4815,0.107585
18.4915,0.107037
18.5015,0.114697
18.5115,0.104340
18.5215,0.119218
18.5315,0.113972
18.5415,0.106102
18.5515,0.129788
18.5615,0.116407
18.5715,0.121739
18.5815,0.131388
18.5915,0.131411
18.6016,0.121787
18.6116,0.111418
18.6216,0.098114
18.6316,0.117972
18.6416,0.128848
18.6516,0.120186
18.6616,0.074820
18.6716,0.126817
18.6816,0.127776
18.6916,0.113205
18.7016,0.128902
18.7116,0.124799
18.7216,0.109260
18.7316,0.132964
18.7416,0.102721
18.7516,0.117466
18.7616,0.116492
18.7716,0.108694
18.7816,0.122468
18.7916,0.134770
18.8016,0.134242
18.8116,0.128177
18.8216,0.099365
18.8316,0.103909
18.8416,0.122158
18.8516,0.119978
18.8616,0.114636
18.8716,0.143701
18.8816,0.122332
18.8916,0.127796
18.9016,0.133367
18.9116,0.122397
18.9216,0.153055
18.9316,0.110903
18.9416,0.115141
18.9516,0.111325
18.9616,0.141617
18.9716,0.132716
18.9816,0.116788
18.9916,0.113177
19.0016,0.140389
19.0116,0.128337
19.0216,0.141149
19.0316,0.123729
19.0416,0.130817
19.0516,0.128508
19.0616,0.117644
19.0716,0.123631
19.0816,0.111377
19.0916,0.131746
19.1016,0.135180
19.1116,0.138155
19.1216,0.134500
19.1316,0.125192
19.1416,0.145583
19.1516,0.137896
19.1616,0.144080
19.1716,0.145062
19.1816,0.126369
19.1916,0.132760
19.2016,0.137630
19.2116,0.114776
19.2216,0.115272
19.2316,0.113434
19.2416,0.127959
19.2516,0.125487
19.2616,0.112489
19.2716,0.131741
19.2816,0.129032
19.2916,0.144597
19.3016,0.154798
19.3116,0.136351
19.3216,0.122746
19.3316,0.139098
19.3416,0.131681
19.3516,0.128920
19.3616,0.121695
19.3716,0.126696
19.3816,0.130366
19.3916,0.142381
19.4016,0.139097
19.4116,0.155105
19.4216,0.141524
19.4316,0.138757
19.4416,0.130224
19.4516,0.121683
19.4616,0.127528
19.4716,0.126203
19.4816,0.104104
19.4916,0.122966
19.5016,0.154531
19.5116,0.139962
19.5216,0.131256
19.5316,0.140791
19.5416,0.112804
19.5516,0.139866
19.5616,0.152046
19.5716,0.135499
19.5816,0.115924
19.5916,0.132457
19.6016,0.153012
19.6116,0.141001
19.6216,0.121114
19.6316,0.166782
19.6416,0.123562
19.6516,0.135930
19.6616,0.126634
19.6716,0.126888
19.6816,0.134132
19.6916,0.147429
19.7016,0.155520
19.7116,0.135638
19.7216,0.128388
19.7316,0.146492
19.7416,0.147083
19.7516,0.144111
19.7616,0.144774
19.7716,0.140354
19.7816,0.143122
19.7916,0.140004
19.8017,0.155266
19.8117,0.169405
19.8217,0.145059
19.8317,0.143065
19.8417,0.146455
19.8517,0.135730
19.8617,0.153045
19.8717,0.149401
19.8817,0.139302
19.8917,0.155414
19.9017,0.145059
19.9117,0.133432
19.9217,0.149533
19.9317,0.148400
19.9417,0.157323
19.9517,0.156019
19.9617,0.144973
19.9717,0.140861
19.9817,0.146790
19.9917,0.151372
20.0017,0.153060
20.0117,0.151116
20.0217,0.146653
20.0317,0.159948
20.0417,0.140138
20.0517,0.178227
20.0617,0.157875
20.0717,0.135433
20.0817,0.151430
20.0917,0.158724
20.1017,0.145505
20.1117,0.132001
20.1217,0.137719
20.1317,0.156938
20.1417,0.129624
20.1517,0.133533
20.1617,0.157613
20.1717,0.148747
20.1817,0.143314
20.1917,0.145974
20.2017,0.134507
20.2117,0.158217
20.2217,0.142973
20.2317,0.146469
20.2417,0.157307
20.2517,0.150314
20.2617,0.145186
20.2717,0.130016
20.2817,0.158547
20.2917,0.155334
20.3017,0.148426
20.3117,0.142435
20.3217,0.155286
20.3317,0.161147
20.3417,0.156804
20.3517,0.175537
20.3617,0.164587
20.3717,0.155093
20.3817,0.165489
20.3917,0.157464
20.4017,0.157673
20.4117,0.172938
20.4217,0.146855
20.4317,0.158163
20.4417,0.172411
20.4517,0.162093
20.4617,0.154208
20.4717,0.138415
20.4817,0.131896
20.4917,0.184307
20.5017,0.163347
20.5117,0.152888
20.5217,0.164343
20.5317,0.149030
20.5417,0.156681
20.5517,0.149617
20.5617,0.144203
20.5717,0.136156
20.5817,0.142497
20.5917,0.174179
20.6017,0.150335
20.6117,0.168850
20.6217,0.174166
20.6317,0.163140
20.6417,0.159613
20.6517,0.165047
20.6617,0.158706
20.6717,0.178408
20.6817,0.186735
20.6917,0.181870
20.7017,0.138910
20.7117,0.159740
20.7217,0.165291
20.7317,0.171054
20.7417,0.145026
20.7517,0.145090
20.7617,0.181950
20.7717,0.159816
20.7817,0.148934
20.7917,0.153797
20.8017,0.171984
20.8117,0.157686
20.8217,0.170714
20.8317,0.156329
20.8417,0.147402
20.8517,0.185683
20.8617,0.173628
20.8717,0.165104
20.8817,0.163112
20.8917,0.187207
20.9017,0.176986
20.9117,0.183909
20.9217,0.163404
20.9317,0.171276
20.9417,0.175755
20.9517,0.164589
20.9617,0.170304
20.9717,0.164708
20.9817,0.176762
20.9917,0.156378
21.0018,0.179360
21.0118,0.176487
21.0218,0.170580
21.0318,0.178677
21.0418,0.169166
21.0518,0.165766
21.0618,0.180595
21.0718,0.181378
21.0818,0.168510
21.0918,0.167744
21.1018,0.172928
21.1118,0.168764
21.1218,0.193953
21.1318,0.179714
21.1418,0.176356
21.1518,0.165253
21.1618,0.185578
21.1718,0.169636
21.1818,0.169407
21.1918,0.186777
21.2018,0.182419
21.2118,0.147996
21.2218,0.176410
21.2318,0.180076
21.2418,0.174761
21.2518,0.181027
21.2618,0.157653
21.2718,0.145664
21.2818,0.168198
21.2918,0.183558
21.3018,0.141739
21.3118,0.170584
21.3218,0.157902
21.3318,0.178331
21.3418,0.205006
21.3518,0.179174
21.3618,0.180759
21.3718,0.192389
21.3818,0.182843
21.3918,0.180277
21.4018,0.194246
21.4118,0.189059
21.4218,0.187130
21.4318,0.182271
21.4418,0.180054
21.4518,0.195484
21.4618,0.180711
21.4718,0.199795
21.4818,0.172725
21.4918,0.202768
21.5018,0.191499
21.5118,0.174484
21.5218,0.192486
21.5318,0.178847
21.5418,0.187324
21.5518,0.181356
21.5618,0.185874
21.5718,0.199039
21.5818,0.194237
21.5918,0.174784
21.6018,0.175745
21.6118,0.192086
21.6218,0.193229
21.6318,0.181292
21.6418,0.208755
21.6518,0.199696
21.6618,0.182702
21.6718,0.181817
21.6818,0.188026
21.6918,0.187053
21.7018,0.206385
21.7118,0.203402
21.7218,0.192285
21.7318,0.200275
21.7418,0.202293
21.7518,0.193393
21.7618,0.197802
21.7718,0.200378
21.7818,0.199377
21.7918,0.184458
21.8018,0.185949
21.8118,0.190896
21.8218,0.186158
21.8318,0.177239
21.8418,0.203307
21.8518,0.199631
21.8618,0.179681
21.8718,0.193142
21.8818,0.194101
21.8918,0.198776
21.9018,0.183889
21.9118,0.180905
21.9218,0.203670
21.9318,0.179307
21.9418,0.195203
21.9518,0.194363
21.9618,0.197078
21.9718,0.201872
21.9818,0.218304
21.9918,0.180209
22.0018,0.210204
22.0118,0.169822
22.0218,0.216975
22.0318,0.176019
22.0418,0.230053
22.0518,0.196422
22.0618,0.216868
22.0718,0.214677
22.0818,0.196713
22.0918,0.197918
22.1018,0.192473
22.1118,0.212252
22.1218,0.198007
22.1318,0.193546
22.1418,0.210106
22.1518,0.193179
22.1618,0.200283
22.1718,0.205802
22.1818,0.197093
22.1918,0.199190
22.2019,0.223795
22.2119,0.203211
22.2219,0.201634
22.2319,0.204135
22.2419,0.211978
22.2519,0.194405
22.2619,0.212226
22.2719,0.210458
22.2819,0.186212
22.2919,0.229496
22.3019,0.225783
22.3119,0.198936
22.3219,0.195363
22.3319,0.211858
22.3419,0.192301
22.3519,0.226073
22.3619,0.204370
22.3719,0.229743
22.3819,0.200680
22.3919,0.209517
22.4019,0.226361
22.4119,0.207567
22.4219,0.215002
22.4319,0.225141
22.4419,0.205648
22.4519,0.197472
22.4619,0.195401
22.4719,0.220199
22.4819,0.218156
22.4919,0.226524
22.5019,0.210789
22.5119,0.197202
22.5219,0.186432
22.5319,0.249374
22.5419,0.221576
22.5519,0.217189
22.5619,0.219186
22.5719,0.198961
22.5819,0.206894
22.5919,0.237648
22.6019,0.224924
22.6119,0.208156
22.6219,0.202894
22.6319,0.211723
22.6419,0.214423
22.6519,0.243095
22.6619,0.216543
22.6719,0.204825
22.6819,0.218694
22.6919,0.222867
22.7019,0.204626
22.7119,0.225117
22.7219,0.235096
22.7319,0.222552
22.7419,0.211622
22.7519,0.215139
22.7619,0.201879
22.7719,0.220479
22.7819,0.226114
22.7919,0.211925
22.8019,0.246262
22.8119,0.232793
22.8219,0.202073
22.8319,0.202620
22.8419,0.212380
22.8519,0.243368
22.8619,0.235483
22.8719,0.244578
22.8819,0.225519
22.8919,0.223185
22.9019,0.211031
22.9119,0.230500
22.9219,0.224253
22.9319,0.224095
22.9419,0.246631
22.9519,0.226002
22.9619,0.243794
22.9719,0.209070
22.9819,0.260689
22.9919,0.224257
23.0019,0.237527
23.0119,0.239742
23.0219,0.223684
23.0319,0.239786
23.0419,0.240716
23.0519,0.222012
23.0619,0.222461
23.0719,0.231727
23.0819,0.230105
23.0919,0.248515
23.1019,0.240537
23.1119,0.231568
23.1219,0.239994
23.1319,0.208469
23.1419,0.225954
23.1519,0.237100
23.1619,0.247340
23.1719,0.236662
23.1819,0.252073
23.1919,0.245299
23.2019,0.229334
23.2119,0.233824
23.2219,0.240716
23.2319,0.230742
23.2419,0.254812
23.2519,0.223443
23.2619,0.240852
23.2719,0.246196
23.2819,0.233921
23.2919,0.231529
23.3019,0.237394
23.3119,0.248364
23.3219,0.232934
23.3319,0.226419
23.3419,0.253366
23.3519,0.244664
23.3619,0.252281
23.3719,0.249613
23.3819,0.266974
23.3919,0.254510
23.4020,0.232756
23.4120,0.247404
23.4220,0.235386
23.4320,0.236942
23.4420,0.225757
23.4520,0.239590
23.4620,0.249881
23.4720,0.242865
23.4820,0.230781
23.4920,0.226015
23.5020,0.269951
23.5120,0.248828
23.5220,0.235355
23.5320,0.251104
23.5420,0.272151
23.5520,0.253645
23.5620,0.213074
23.5720,0.278666
23.5820,0.224967
23.5920,0.245005
23.6020,0.234197
23.6120,0.239238
23.6220,0.251851
23.6320,0.223907
23.6420,0.247997
23.6520,0.263170
23.6620,0.239604
23.6720,0.233362
23.6820,0.248695
23.6920,0.246629
23.7020,0.243869
23.7120,0.237075
23.7220,0.257888
23.7320,0.259125
23.7420,0.239517
23.7520,0.241502
23.7620,0.254591
23.7720,0.241698
23.7820,0.255747
23.7920,0.271544
23.8020,0.253535
23.8120,0.240015
23.8220,0.259609
23.8320,0.253098
23.8420,0.253755
23.8520,0.261587
23.8620,0.264502
23.8720,0.256963
23.8820,0.256136
23.8920,0.281955
23.9020,0.271927
23.9120,0.267851
23.9220,0.259751
23.9320,0.246436
23.9420,0.272363
23.9520,0.260895
23.9620,0.252567
23.9720,0.256905
23.9820,0.248559
23.9920,0.273171
24.0020,0.269010
24.0120,0.263324
24.0220,0.260962
24.0320,0.253639
24.0420,0.236578
24.0520,0.245516
24.0620,0.253891
24.0720,0.252420
24.0820,0.266941
24.0920,0.273539
24.1020,0.262593
24.1120,0.281375
24.1220,0.255407
24.1320,0.263510
24.1420,0.264859
24.1520,0.278912
24.1620,0.267411
24.1720,0.268078
24.1820,0.246953
24.1920,0.256348
24.2020,0.280634
24.2120,0.242915
24.2220,0.284272
24.2320,0.274489
24.2420,0.259860
24.2520,0.259183
24.2620,0.292256
24.2720,0.286780
24.2820,0.268748
24.2920,0.272135
24.3020,0.263104
24.3120,0.272815
24.3220,0.263450
24.3320,0.270934
24.3420,0.293941
24.3520,0.271410
24.3620,0.260321
24.3720,0.256842
24.3820,0.275105
24.3920,0.264790
24.4020,0.277222
24.4120,0.255170
24.4220,0.283229
24.4320,0.262567
24.4420,0.276187
24.4520,0.271915
24.4620,0.296939
24.4720,0.278719
24.4820,0.300351
24.4920,0.284079
24.5020,0.294799
24.5120,0.275533
24.5220,0.282530
24.5320,0.293353
24.5420,0.289934
24.5520,0.285793
24.5620,0.275832
24.5720,0.278208
24.5820,0.294112
24.5920,0.296958
24.6021,0.274040
24.6121,0.272577
24.6221,0.271001
24.6321,0.292155
24.6421,0.271393
24.6521,0.292707
24.6621,0.289793
24.6721,0.277053
24.6821,0.302710
24.6921,0.266747
24.7021,0.304558
24.7121,0.288821
24.7221,0.260464
24.7321,0.304799
24.7421,0.297714
24.7521,0.281261
24.7621,0.275175
24.7721,0.268275
24.7821,0.316442
24.7921,0.276729
24.8021,0.273000
24.8121,0.291731
24.8221,0.269215
24.8321,0.277445
24.8421,0.301518
24.8521,0.295503
24.8621,0.285652
24.8721,0.290863
24.8821,0.285689
24.8921,0.290611
24.9021,0.282569
24.9121,0.285104
24.9221,0.285096
24.9321,0.284071
24.9421,0.305665
24.9521,0.302737
24.9621,0.282666
24.9721,0.279880
24.9821,0.292684
24.9921,0.320793
25.0021,0.282956
25.0121,0.293714
25.0221,0.297073
25.0321,0.295064
25.0421,0.291230
25.0521,0.310950
25.0621,0.302904
25.0721,0.307961
25.0821,0.305246
25.0921,0.309262
25.1021,0.317910
25.1121,0.315232
25.1221,0.327520
25.1321,0.314594
25.1421,0.292316
25.1521,0.310881
25.1621,0.309602
25.1721,0.324485
25.1821,0.290200
25.1921,0.308866
25.2021,0.294363
25.2121,0.309052
25.2221,0.300691
25.2321,0.309387
25.2421,0.287076
25.2521,0.313886
25.2621,0.307207
25.2721,0.306928
25.2821,0.328872
25.2921,0.301248
25.3021,0.310313
25.3121,0.307778
25.3221,0.309320
25.3321,0.333975
25.3421,0.308443
25.3521,0.301229
25.3621,0.330840
25.3721,0.305045
25.3821,0.289818
25.3921,0.300527
25.4021,0.294791
25.4121,0.288477
25.4221,0.306043
25.4321,0.309873
25.4421,0.325195
25.4521,0.318889
25.4621,0.318645
25.4721,0.301219
25.4821,0.322850
25.4921,0.329215
25.5021,0.317541
25.5121,0.318157
25.5221,0.298187
25.5321,0.326288
25.5421,0.335273
25.5521,0.318043
25.5621,0.307295
25.5721,0.312740
25.5821,0.309891
25.5921,0.310859
25.6021,0.323205
25.6121,0.319024
25.6221,0.327955
25.6321,0.320593
25.6421,0.306003
25.6521,0.310591
25.6621,0.310068
25.6721,0.314805
25.6821,0.338796
25.6921,0.340932
25.7021,0.327723
25.7121,0.319316
25.7221,0.301755
25.7321,0.320936
25.7421,0.309014
25.7521,0.338256
25.7621,0.299609
25.7721,0.323685
25.7821,0.308767
25.7921,0.319327
25.8022,0.327615
25.8122,0.332065
25.8222,0.319248
25.8322,0.329284
25.8422,0.312371
25.8522,0.323435
25.8622,0.332680
25.8722,0.324802
25.8822,0.314625
25.8922,0.317787
25.9022,0.333479
25.9122,0.308343
25.9222,0.310264
25.9322,0.328964
25.9422,0.316622
25.9522,0.304600
25.9622,0.338389
25.9722,0.309124
25.9822,0.320065
25.9922,0.315160
26.0022,0.319156
26.0122,0.312245
26.0222,0.331563
26.0322,0.324449
26.0422,0.335050
26.0522,0.316061
26.0622,0.349090
26.0722,0.300759
26.0822,0.304712
26.0922,0.344888
26.1022,0.329655
26.1122,0.328178
26.1222,0.329369
26.1322,0.331158
26.1422,0.328010
26.1522,0.312930
26.1622,0.334445
26.1722,0.332659
26.1822,0.341975
26.1922,0.346106
26.2022,0.329000
26.2122,0.310402
26.2222,0.346500
26.2322,0.313107
26.2422,0.329475
26.2522,0.322431
26.2622,0.320436
26.2722,0.334865
26.2822,0.328715
26.2922,0.332028
26.3022,0.316167
26.3122,0.323951
26.3222,0.316889
26.3322,0.323817
26.3422,0.324862
26.3522,0.348498
26.3622,0.323333
26.3722,0.301016
26.3822,0.343341
26.3922,0.332066
26.4022,0.325177
26.4122,0.321576
26.4222,0.315531
26.4322,0.350222
26.4422,0.327658
26.4522,0.306252
26.4622,0.331105
26.4722,0.341714
26.4822,0.329183
26.4922,0.316551
26.5022,0.315542
26.5122,0.316490
26.5222,0.345820
26.5322,0.326761
26.5422,0.307537
26.5522,0.332351
26.5622,0.329492
26.5722,0.322471
26.5822,0.315670
26.5922,0.315204
26.6022,0.341066
26.6122,0.331051
26.6222,0.333878
26.6322,0.331125
26.6422,0.332172
26.6522,0.322670
26.6622,0.325872
26.6722,0.342370
26.6822,0.345416
26.6922,0.313824
26.7022,0.326038
26.7122,0.338655
26.7222,0.351215
26.7322,0.350060
26.7422,0.319172
26.7522,0.344066
26.7622,0.329513
26.7722,0.341385
26.7822,0.338354
26.7922,0.313769
26.8022,0.335578
26.8122,0.341087
26.8222,0.328817
26.8322,0.326142
26.8422,0.310277
26.8522,0.337379
26.8622,0.331718
26.8722,0.318184
26.8822,0.325377
26.8922,0.331177
26.9022,0.322655
26.9122,0.329426
26.9222,0.308429
26.9322,0.345656
26.9422,0.329687
26.9522,0.316337
26.9622,0.300045
26.9722,0.341944
26.9822,0.336323
26.9922,0.332185
27.0023,0.340052
27.0123,0.340049
27.0223,0.332081
27.0323,0.326727
27.0423,0.324801
27.0523,0.334886
27.0623,0.346628
27.0723,0.328656
27.0823,0.347636
27.0923,0.334423
27.1023,0.334540
27.1123,0.358860
27.1223,0.349856
27.1323,0.350193
27.1423,0.320503
27.1523,0.356405
27.1623,0.329137
27.1723,0.327418
27.1823,0.304260
27.1923,0.334110
27.2023,0.317217
27.2123,0.335139
27.2223,0.316324
27.2323,0.351857
27.2423,0.336925
27.2523,0.357686
27.2623,0.318072
27.2723,0.348959
27.2823,0.308757
27.2923,0.332907
27.3023,0.322850
27.3123,0.325074
27.3223,0.324271
27.3323,0.319511
27.3423,0.315390
27.3523,0.325216
27.3623,0.331935
27.3723,0.344525
27.3823,0.334123
27.3923,0.344594
27.4023,0.312875
27.4123,0.325434
27.4223,0.339179
27.4323,0.334781
27.4423,0.320345
27.4523,0.341904
27.4623,0.324335
27.4723,0.321398
27.4823,0.336585
27.4923,0.330831
27.5023,0.324496
27.5123,0.324104
27.5223,0.317963
27.5323,0.326066
27.5423,0.344029
27.5523,0.333777
27.5623,0.342359
27.5723,0.337062
27.5823,0.323535
27.5923,0.311106
27.6023,0.319786
27.6123,0.322866
27.6223,0.321950
27.6323,0.342718
27.6423,0.342605
27.6523,0.357512
27.6623,0.321817
27.6723,0.350162
27.6823,0.350099
27.6923,0.328228
27.7023,0.336709
27.7123,0.345926
27.7223,0.330341
27.7323,0.329422
27.7423,0.323541
27.7523,0.302759
27.7623,0.331935
27.7723,0.322581
27.7823,0.318205
27.7923,0.336186
27.8023,0.313713
27.8123,0.340811
27.8223,0.336951
27.8323,0.326354
27.8423,0.330406
27.8523,0.316892
27.8623,0.340187
27.8723,0.333440
27.8823,0.334343
27.8923,0.337232
27.9023,0.323508
27.9123,0.312997
27.9223,0.342721
27.9323,0.339506
27.9423,0.324825
27.9523,0.336166
27.9623,0.346360
27.9723,0.344936
27.9823,0.324504
27.9923,0.313421
28.0023,0.315487
28.0123,0.327560
28.0223,0.348855
28.0323,0.322573
28.0423,0.324165
28.0523,0.323925
28.0623,0.324954
28.0723,0.331206
28.0823,0.315987
28.0923,0.344366
28.1023,0.329622
28.1123,0.361115
28.1223,0.317289
28.1323,0.350456
28.1423,0.348080
28.1523,0.326449
28.1623,0.326654
28.1723,0.320345
28.1823,0.320488
28.1923,0.331404
28.2024,0.331665
28.2124,0.312194
28.2224,0.358949
28.2324,0.328318
28.2424,0.332225
28.2524,0.323927
28.2624,0.328243
28.2724,0.327157
28.2824,0.331421
28.2924,0.331286
28.3024,0.341124
28.3124,0.334197
28.3224,0.339926
28.3324,0.331362
28.3424,0.334259
28.3524,0.328592
28.3624,0.343530
28.3724,0.335368
28.3824,0.329604
28.3924,0.329250
28.4024,0.330198
28.4124,0.331878
28.4224,0.330840
28.4324,0.324814
28.4424,0.340703
28.4524,0.341465
28.4624,0.352938
28.4724,0.324291
28.4824,0.339536
28.4924,0.308632
28.5024,0.341494
28.5124,0.314070
28.5224,0.319740
28.5324,0.335542
28.5424,0.324101
28.5524,0.322462
28.5624,0.325747
28.5724,0.340324
28.5824,0.320377
28.5924,0.330924
28.6024,0.327033
28.6124,0.341419
28.6224,0.341758
28.6324,0.309563
28.6424,0.344130
28.6524,0.324262
28.6624,0.334430
28.6724,0.320330
28.6824,0.336053
28.6924,0.362218
28.7024,0.333131
28.7124,0.326089
28.7224,0.328824
28.7324,0.313984
28.7424,0.349002
28.7524,0.335372
28.7624,0.319033
28.7724,0.319426
28.7824,0.331808
28.7924,0.342810
28.8024,0.317817
28.8124,0.344992
28.8224,0.330533
28.8324,0.320472
28.8424,0.326025
28.8524,0.352622
28.8624,0.314983
28.8724,0.322861
28.8824,0.343076
28.8924,0.334245
28.9024,0.322154
28.9124,0.343229
28.9224,0.343801
28.9324,0.335632
28.9424,0.324308
28.9524,0.326159
28.9624,0.335076
28.9724,0.315919
28.9824,0.347597
28.9924,0.352068
29.0024,0.328836
29.0124,0.335942
29.0224,0.345900
29.0324,0.355139
29.0424,0.350357
29.0524,0.310849
29.0624,0.327890
29.0724,0.337686
29.0824,0.325749
29.0924,0.353074
29.1024,0.351235
29.1124,0.321893
29.1224,0.329736
29.1324,0.322692
29.1424,0.329346
29.1524,0.328984
29.1624,0.343142
29.1724,0.321030
29.1824,0.300292
29.1924,0.312440
29.2024,0.319356
29.2124,0.323829
29.2224,0.333944
29.2324,0.318742
29.2424,0.317167
29.2524,0.320548
29.2624,0.318315
29.2724,0.325050
29.2824,0.324538
29.2924,0.339975
29.3024,0.319833
29.3124,0.327417
29.3224,0.325169
29.3324,0.341417
29.3424,0.329860
29.3524,0.344321
29.3624,0.317885
29.3724,0.331122
29.3824,0.324805
29.3924,0.317004
29.4025,0.330907
29.4125,0.352513
29.4225,0.321484
29.4325,0.330190
29.4425,0.315974
29.4525,0.314211
29.4625,0.322275
29.4725,0.326323
29.4825,0.326857
29.4925,0.329013
29.5025,0.311946
29.5125,0.324215
29.5225,0.337748
29.5325,0.315429
29.5425,0.327467
29.5525,0.335244
29.5625,0.322343
29.5725,0.335829
29.5825,0.313478
29.5925,0.342394
29.6025,0.336123
29.6125,0.332402
29.6225,0.345232
29.6325,0.327783
29.6425,0.324322
29.6525,0.348207
29.6625,0.353826
29.6725,0.323416
29.6825,0.330373
29.6925,0.344279
29.7025,0.330802
29.7125,0.338875
29.7225,0.341106
29.7325,0.324994
29.7425,0.336773
29.7525,0.331668
29.7625,0.317141
29.7725,0.319868
29.7825,0.323915
29.7925,0.342887
29.8025,0.343281
29.8125,0.340745
29.8225,0.337027
29.8325,0.336701
29.8425,0.335078
29.8525,0.336639
29.8625,0.337452
29.8725,0.314895
29.8825,0.322266
29.8925,0.319402
29.9025,0.345036
29.9125,0.351600
29.9225,0.305722
29.9325,0.350529
29.9425,0.332792
29.9525,0.343905
29.9625,0.337830
29.9725,0.349038
29.9825,0.334270
29.9925,0.315392
30.0025,0.330486
30.0125,0.337942
30.0225,0.329163
30.0325,0.339648
30.0425,0.330967
30.0525,0.324610
30.0625,0.318724
30.0725,0.327055
30.0825,0.334212
30.0925,0.308245
30.1025,0.322397
30.1125,0.307798
30.1225,0.324353
30.1325,0.346126
30.1425,0.317526
30.1525,0.340197
30.1625,0.365945
30.1725,0.349202
30.1825,0.333362
30.1925,0.342062
30.2025,0.315325
30.2125,0.312880
30.2225,0.332106
30.2325,0.336545
30.2425,0.344895
30.2525,0.324937
30.2625,0.334083
30.2725,0.333672
30.2825,0.330186
30.2925,0.330893
30.3025,0.321507
30.3125,0.335120
30.3225,0.334104
30.3325,0.326484
30.3425,0.339754
30.3525,0.344099
30.3625,0.339893
30.3725,0.319256
30.3825,0.332961
30.3925,0.320828
30.4025,0.332924
30.4125,0.320875
30.4225,0.347092
30.4325,0.341166
30.4425,0.345602
30.4525,0.344387
30.4625,0.328520
30.4725,0.326660
30.4825,0.352668
30.4925,0.329786
30.5025,0.315513
30.5125,0.343857
30.5225,0.333493
30.5325,0.349840
30.5425,0.334684
30.5525,0.331529
30.5625,0.350082
30.5725,0.313307
30.5825,0.324745
30.5925,0.321121
30.6026,0.305428
30.6126,0.342248
30.6226,0.325081
30.6326,0.342634
30.6426,0.336439
30.6526,0.339056
30.6626,0.326306
30.6726,0.322600
30.6826,0.332848
30.6926,0.342801
30.7026,0.331166
30.7126,0.323348
30.7226,0.317383
30.7326,0.334221
30.7426,0.325123
30.7526,0.330911
30.7626,0.328906
30.7726,0.326439
30.7826,0.335298
30.7926,0.338426
30.8026,0.355356
30.8126,0.340868
30.8226,0.350897
30.8326,0.321949
30.8426,0.312561
30.8526,0.331600
30.8626,0.342069
30.8726,0.340187
30.8826,0.346310
30.8926,0.301335
30.9026,0.346809
30.9126,0.335799
30.9226,0.313245
30.9326,0.340456
30.9426,0.333808
30.9526,0.336349
30.9626,0.343763
30.9726,0.336937
30.9826,0.314100
30.9926,0.330058
31.0026,0.312363
31.0126,0.339563
31.0226,0.348550
31.0326,0.316877
31.0426,0.323717
31.0526,0.321186
31.0626,0.326328
31.0726,0.336724
31.0826,0.326458
31.0926,0.339605
31.1026,0.344560
31.1126,0.344996
31.1226,0.318357
31.1326,0.348407
31.1426,0.349368
31.1526,0.350408
31.1626,0.329882
31.1726,0.322754
31.1826,0.319965
31.1926,0.318554
31.2026,0.331916
31.2126,0.341950
31.2226,0.347455
31.2326,0.325949
31.2426,0.331312
31.2526,0.330526
31.2626,0.324153
31.2726,0.340605
31.2826,0.336131
31.2926,0.333478
31.3026,0.336076
31.3126,0.339162
31.3226,0.339042
31.3326,0.321715
31.3426,0.342533
31.3526,0.334841
31.3626,0.326561
31.3726,0.334588
31.3826,0.335911
31.3926,0.344758
31.4026,0.319223
31.4126,0.347677
31.4226,0.332055
31.4326,0.325703
31.4426,0.325336
31.4526,0.319761
31.4626,0.310886
31.4726,0.339906
31.4826,0.355548
31.4926,0.312366
31.5026,0.320372
31.5126,0.340797
31.5226,0.331230
31.5326,0.341791
31.5426,0.330557
31.5526,0.324810
31.5626,0.329068
31.5726,0.303193
31.5826,0.318056
31.5926,0.343157
31.6026,0.346081
31.6126,0.348652
31.6226,0.337068
31.6326,0.304705
31.6426,0.324158
31.6526,0.347674
31.6626,0.351255
31.6726,0.348130
31.6826,0.328943
31.6926,0.316099
31.7026,0.331291
31.7126,0.331956
31.7226,0.350565
31.7326,0.334512
31.7426,0.331979
31.7526,0.332660
31.7626,0.336577
31.7726,0.339296
31.7826,0.323084
31.7926,0.319087
31.8027,0.348225
31.8127,0.312086
31.8227,0.351432
31.8327,0.308850
31.8427,0.324764
31.8527,0.343441
31.8627,0.331783
31.8727,0.315981
31.8827,0.336896
31.8927,0.332583
31.9027,0.329186
31.9127,0.324292
31.9227,0.331364
31.9327,0.324796
31.9427,0.360993
31.9527,0.328899
31.9627,0.327294
31.9727,0.325279
31.9827,0.353102
31.9927,0.312110
32.0027,0.336092
32.0127,0.328908
32.0227,0.314698
32.0327,0.321950
32.0427,0.335583
32.0527,0.321406
32.0627,0.334894
32.0727,0.352529
32.0827,0.333826
32.0927,0.314337
32.1027,0.321618
32.1127,0.328354
32.1227,0.327552
32.1327,0.333603
32.1427,0.335529
32.1527,0.352546
32.1627,0.331735
32.1727,0.317953
32.1827,0.345625
32.1927,0.346936
32.2027,0.334569
32.2127,0.328823
32.2227,0.339250
32.2327,0.329246
32.2427,0.307111
32.2527,0.338541
32.2627,0.342487
32.2727,0.349073
32.2827,0.323010
32.2927,0.334494
32.3027,0.334753
32.3127,0.332804
32.3227,0.333158
32.3327,0.332225
32.3427,0.334321
32.3527,0.340668
32.3627,0.346423
32.3727,0.322704
32.3827,0.329712
32.3927,0.326708
32.4027,0.324992
32.4127,0.312387
32.4227,0.332070
32.4327,0.337532
32.4427,0.329919
32.4527,0.331672
32.4627,0.336801
32.4727,0.348713
32.4827,0.326743
32.4927,0.317720
32.5027,0.330694
32.5127,0.354383
32.5227,0.317849
32.5327,0.339581
32.5427,0.345675
32.5527,0.303393
32.5627,0.336702
32.5727,0.339021
32.5827,0.328572
32.5927,0.324023
32.6027,0.324692
32.6127,0.327837
32.6227,0.328155
32.6327,0.325891
32.6427,0.327646
32.6527,0.346069
32.6627,0.317207
32.6727,0.310791
32.6827,0.346261
32.6927,0.329476
32.7027,0.327121
32.7127,0.330445
32.7227,0.334291
32.7327,0.325491
32.7427,0.337851
32.7527,0.320233
32.7627,0.328158
32.7727,0.305204
32.7827,0.345847
32.7927,0.329667
32.8027,0.339821
32.8127,0.337499
32.8227,0.338378
32.8327,0.331687
32.8427,0.336439
32.8527,0.320245
32.8627,0.317726
32.8727,0.330567
32.8827,0.323623
32.8927,0.348886
32.9027,0.336282
32.9127,0.323182
32.9227,0.328522
32.9327,0.333376
32.9427,0.330964
32.9527,0.335041
32.9627,0.332604
32.9727,0.315092
32.9827,0.305969
32.9927,0.327297
33.0028,0.338506
33.0128,0.327432
33.0228,0.346619
33.0328,0.331218
33.0428,0.348067
33.0528,0.345603
33.0628,0.344396
33.0728,0.317338
33.0828,0.331986
33.0928,0.346453
33.1028,0.335048
33.1128,0.338433
33.1228,0.315126
33.1328,0.354806
33.1428,0.322284
33.1528,0.307847
33.1628,0.327567
33.1728,0.302410
33.1828,0.318759
33.1928,0.362482
33.2028,0.327220
33.2128,0.314647
33.2228,0.332084
33.2328,0.321007
33.2428,0.342154
33.2528,0.321106
33.2628,0.335029
33.2728,0.318016
33.2828,0.362969
33.2928,0.337824
33.3028,0.330034
33.3128,0.328265
33.3228,0.325137
33.3328,0.322649
33.3428,0.322320
33.3528,0.351920
33.3628,0.325149
33.3728,0.306227
33.3828,0.317789
33.3928,0.342913
33.4028,0.328752
33.4128,0.330171
33.4228,0.345818
33.4328,0.322454
33.4428,0.339369
33.4528,0.323766
33.4628,0.338691
33.4728,0.327087
33.4828,0.328882
33.4928,0.341622
33.5028,0.340757
33.5128,0.329795
33.5228,0.326121
33.5328,0.350970
33.5428,0.338852
33.5528,0.327087
33.5628,0.323943
33.5728,0.344079
33.5828,0.333165
33.5928,0.329818
33.6028,0.333160
33.6128,0.335834
33.6228,0.331100
33.6328,0.346225
33.6428,0.346892
33.6528,0.338163
33.6628,0.348277
33.6728,0.331882
33.6828,0.340064
33.6928,0.343834
33.7028,0.344009
33.7128,0.342772
33.7228,0.339355
33.7328,0.355266
33.7428,0.325304
33.7528,0.329918
33.7628,0.329206
33.7728,0.327364
33.7828,0.307915
33.7928,0.348279
33.8028,0.319468
33.8128,0.333818
33.8228,0.314718
33.8328,0.339229
33.8428,0.322356
33.8528,0.318149
33.8628,0.334112
33.8728,0.323372
33.8828,0.324890
33.8928,0.333842
33.9028,0.341380
33.9128,0.321960
33.9228,0.319886
33.9328,0.332062
33.9428,0.338251
33.9528,0.349333
33.9628,0.318924
33.9728,0.327965
33.9828,0.345890
33.9928,0.355458
34.0028,0.319863
34.0128,0.322915
34.0228,0.336354
34.0328,0.324847
34.0428,0.322670
34.0528,0.334714
34.0628,0.350373
34.0728,0.316067
34.0828,0.349760
34.0928,0.324883
34.1028,0.335930
34.1128,0.350871
34.1228,0.335684
34.1328,0.328211
34.1428,0.340399
34.1528,0.329702
34.1628,0.338037
34.1728,0.329324
34.1828,0.342114
34.1928,0.315050
34.2029,0.319618
34.2129,0.314873
34.2229,0.331103
34.2329,0.313426
34.2429,0.323478
34.2529,0.318490
34.2629,0.349537
34.2729,0.319892
34.2829,0.316342
34.2929,0.334760
34.3029,0.352022
34.3129,0.330388
34.3229,0.331316
34.3329,0.347270
34.3429,0.342319
34.3529,0.336885
34.3629,0.324792
34.3729,0.337252
34.3829,0.315451
34.3929,0.324296
34.4029,0.348958
34.4129,0.347404
34.4229,0.337030
34.4329,0.308628
34.4429,0.317282
34.4529,0.323627
34.4629,0.329720
34.4729,0.316776
34.4829,0.328825
34.4929,0.352988
34.5029,0.336590
34.5129,0.334406
34.5229,0.319570
34.5329,0.312113
34.5429,0.317042
34.5529,0.311628
34.5629,0.332681
34.5729,0.336387
34.5829,0.320197
34.5929,0.333555
34.6029,0.349408
34.6129,0.355273
34.6229,0.341025
34.6329,0.329682
34.6429,0.340638
34.6529,0.348002
34.6629,0.307694
34.6729,0.349565
34.6829,0.325245
34.6929,0.325361
34.7029,0.327521
34.7129,0.335621
34.7229,0.318445
34.7329,0.328363
34.7429,0.338084
34.7529,0.334403
34.7629,0.336350
34.7729,0.327893
34.7829,0.340105
34.7929,0.344457
34.8029,0.343738
34.8129,0.336912
34.8229,0.343047
34.8329,0.342233
34.8429,0.363899
34.8529,0.346397
34.8629,0.330716
34.8729,0.320840
34.8829,0.328647
34.8929,0.327799
34.9029,0.337918
34.9129,0.323377
34.9229,0.346087
34.9329,0.315106
34.9429,0.312190
34.9529,0.330159
34.9629,0.321670
34.9729,0.316682
34.9829,0.324136
34.9929,0.322643
35.0029,0.331902
35.0129,0.324335
35.0229,0.325311
35.0329,0.331722
35.0429,0.343951
35.0529,0.349429
35.0629,0.333554
35.0729,0.334487
35.0829,0.329582
35.0929,0.337555
35.1029,0.336463
35.1129,0.347691
35.1229,0.309116
35.1329,0.328966
35.1429,0.335851
35.1529,0.331465
35.1629,0.320510
35.1729,0.316188
35.1829,0.341456
35.1929,0.322697
35.2029,0.310722
35.2129,0.342059
35.2229,0.337288
35.2329,0.330390
35.2429,0.320806
35.2529,0.330419
35.2629,0.346368
35.2729,0.312404
35.2829,0.313013
35.2929,0.324247
35.3029,0.331461
35.3129,0.325825
35.3229,0.339494
35.3329,0.344846
35.3429,0.335126
35.3529,0.338506
35.3629,0.335046
35.3729,0.331895
35.3829,0.316258
35.3929,0.319445
35.4030,0.315569
35.4130,0.329998
35.4230,0.334568
35.4330,0.314389
35.4430,0.332652
35.4530,0.321278
35.4630,0.318950
35.4730,0.324276
35.4830,0.318335
35.4930,0.339060
35.5030,0.329764
35.5130,0.341563
35.5230,0.326459
35.5330,0.326912
35.5430,0.354261
35.5530,0.312304
35.5630,0.347194
35.5730,0.351635
35.5830,0.340970
35.5930,0.327815
35.6030,0.348903
35.6130,0.327919
35.6230,0.323311
35.6330,0.327121
35.6430,0.324938
35.6530,0.320421
35.6630,0.345101
35.6730,0.322499
35.6830,0.331425
35.6930,0.314455
35.7030,0.332150
35.7130,0.317909
35.7230,0.317615
35.7330,0.330469
35.7430,0.344464
35.7530,0.337065
35.7630,0.337890
35.7730,0.330221
35.7830,0.327753
35.7930,0.341274
35.8030,0.325022
35.8130,0.341794
35.8230,0.346612
35.8330,0.321684
35.8430,0.323447
35.8530,0.325232
35.8630,0.314177
35.8730,0.326148
35.8830,0.347398
35.8930,0.319234
35.9030,0.347683
35.9130,0.326579
35.9230,0.357149
35.9330,0.323599
35.9430,0.330053
35.9530,0.320858
35.9630,0.323528
35.9730,0.347839
35.9830,0.337475
35.9930,0.344126
36.0030,0.315993
36.0130,0.339638
36.0230,0.320123
36.0330,0.315733
36.0430,0.334646
36.0530,0.334523
36.0630,0.332421
36.0730,0.340391
36.0830,0.342263
36.0930,0.349417
36.1030,0.317496
36.1130,0.349805
36.1230,0.354368
36.1330,0.327386
36.1430,0.311759
36.1530,0.315179
36.1630,0.326238
36.1730,0.355950
36.1830,0.331985
36.1930,0.324374
36.2030,0.323556
36.2130,0.315908
36.2230,0.342275
36.2330,0.330676
36.2430,0.356978
36.2530,0.339319
36.2630,0.341740
36.2730,0.328875
36.2830,0.318688
36.2930,0.321298
36.3030,0.315350
36.3130,0.342705
36.3230,0.327162
36.3330,0.343210
36.3430,0.333411
36.3530,0.328267
36.3630,0.317745
36.3730,0.335400
36.3830,0.329157
36.3930,0.342607
36.4030,0.323196
36.4130,0.339174
36.4230,0.351471
36.4330,0.335051
36.4430,0.341204
36.4530,0.338643
36.4630,0.354558
36.4730,0.336239
36.4830,0.340180
36.4930,0.331345
36.5030,0.322488
36.5130,0.317282
36.5230,0.346984
36.5330,0.319680
36.5430,0.340731
36.5530,0.336773
36.5630,0.342794
36.5730,0.325604
36.5830,0.322292
36.5930,0.336321
36.6031,0.328272
36.6131,0.317008
36.6231,0.355043
36.6331,0.322284
36.6431,0.319857
36.6531,0.328875
36.6631,0.346815
36.6731,0.305780
36.6831,0.345819
36.6931,0.320843
36.7031,0.334955
36.7131,0.323668
36.7231,0.355684
36.7331,0.333276
36.7431,0.323283
36.7531,0.328167
36.7631,0.332856
36.7731,0.333913
36.7831,0.337046
36.7931,0.331764
36.8031,0.315255
36.8131,0.327697
36.8231,0.339060
36.8331,0.323742
36.8431,0.339854
36.8531,0.332161
36.8631,0.329168
36.8731,0.346110
36.8831,0.310923
36.8931,0.323677
36.9031,0.346570
36.9131,0.353741
36.9231,0.359212
36.9331,0.332385
36.9431,0.337275
36.9531,0.341590
36.9631,0.347081
36.9731,0.335538
36.9831,0.342894
36.9931,0.337298
37.0031,0.338047
37.0131,0.320760
37.0231,0.327830
37.0331,0.325507
37.0431,0.317514
37.0531,0.311961
37.0631,0.326697
37.0731,0.328614
37.0831,0.333041
37.0931,0.338449
37.1031,0.334038
37.1131,0.328698
37.1231,0.320799
37.1331,0.342305
37.1431,0.330559
37.1531,0.326575
37.1631,0.329543
37.1731,0.322988
37.1831,0.325412
37.1931,0.325031
37.2031,0.328332
37.2131,0.339650
37.2231,0.336666
37.2331,0.350341
37.2431,0.346321
37.2531,0.355258
37.2631,0.338490
37.2731,0.338298
37.2831,0.325931
37.2931,0.341693
37.3031,0.323907
37.3131,0.314135
37.3231,0.350096
37.3331,0.316790
37.3431,0.337047
37.3531,0.321217
37.3631,0.345300
37.3731,0.346936
37.3831,0.338131
37.3931,0.346737
37.4031,0.331869
37.4131,0.358591
37.4231,0.340734
37.4331,0.320974
37.4431,0.332616
37.4531,0.329950
37.4631,0.328775
37.4731,0.311895
37.4831,0.336423
37.4931,0.315151
37.5031,0.301476
37.5131,0.327652
37.5231,0.322710
37.5331,0.321442
37.5431,0.294543
37.5531,0.321570
37.5631,0.329697
37.5731,0.324171
37.5831,0.336429
37.5931,0.348492
37.6031,0.337977
37.6131,0.344097
37.6231,0.345090
37.6331,0.319554
37.6431,0.337050
37.6531,0.343722
37.6631,0.326549
37.6731,0.322293
37.6831,0.338145
37.6931,0.314001
37.7031,0.318724
37.7131,0.323779
37.7231,0.337187
37.7331,0.334407
37.7431,0.344169
37.7531,0.320718
37.7631,0.320075
37.7731,0.338067
37.7831,0.322196
37.7931,0.324538
37.8032,0.309499
37.8132,0.335271
37.8232,0.350276
37.8332,0.319429
37.8432,0.344041
37.8532,0.331068
37.8632,0.310596
37.8732,0.321044
37.8832,0.320303
37.8932,0.327982
37.9032,0.336815
37.9132,0.353968
37.9232,0.314607
37.9332,0.325963
37.9432,0.321029
37.9532,0.316565
37.9632,0.332926
37.9732,0.331798
37.9832,0.310015
37.9932,0.331998
38.0032,0.317316
38.0132,0.331922
38.0232,0.347014
38.0332,0.337337
38.0432,0.333911
38.0532,0.325435
38.0632,0.332583
38.0732,0.338540
38.0832,0.337350
38.0932,0.330590
38.1032,0.334389
38.1132,0.315982
38.1232,0.322968
38.1332,0.340271
38.1432,0.341885
38.1532,0.332904
38.1632,0.349528
38.1732,0.337877
38.1832,0.328983
38.1932,0.317143
38.2032,0.349045
38.2132,0.341024
38.2232,0.353360
38.2332,0.357783
38.2432,0.316337
38.2532,0.316368
38.2632,0.297422
38.2732,0.342801
38.2832,0.339658
38.2932,0.332954
38.3032,0.317067
38.3132,0.330712
38.3232,0.333997
38.3332,0.341173
38.3432,0.335056
38.3532,0.339746
38.3632,0.330291
38.3732,0.345958
38.3832,0.339361
38.3932,0.317537
38.4032,0.348451
38.4132,0.346487
38.4232,0.337366
38.4332,0.335149
38.4432,0.351684
38.4532,0.312181
38.4632,0.346675
38.4732,0.326066
38.4832,0.344923
38.4932,0.333225
38.5032,0.316865
38.5132,0.325822
38.5232,0.344041
38.5332,0.329258
38.5432,0.324323
38.5532,0.324242
38.5632,0.339487
38.5732,0.352788
38.5832,0.306090
38.5932,0.365389
38.6032,0.334225
38.6132,0.338743
38.6232,0.326545
38.6332,0.331738
38.6432,0.334091
38.6532,0.319191
38.6632,0.322112
38.6732,0.345991
38.6832,0.313139
38.6932,0.337043
38.7032,0.327283
38.7132,0.320174
38.7232,0.355333
38.7332,0.320177
38.7432,0.318027
38.7532,0.329295
38.7632,0.322262
38.7732,0.331502
38.7832,0.333225
38.7932,0.334107
38.8032,0.329729
38.8132,0.322711
38.8232,0.338773
38.8332,0.329623
38.8432,0.324922
38.8532,0.348531
38.8632,0.329212
38.8732,0.343664
38.8832,0.345170
38.8932,0.345784
38.9032,0.338505
38.9132,0.330079
38.9232,0.329189
38.9332,0.326895
38.9432,0.303685
38.9532,0.338172
38.9632,0.332335
38.9732,0.339159
38.9832,0.327695
38.9932,0.336921
39.0033,0.312253
39.0133,0.314588
39.0233,0.298737
39.0333,0.326668
39.0433,0.318835
39.0533,0.317087
39.0633,0.331762
39.0733,0.322456
39.0833,0.310177
39.0933,0.357720
39.1033,0.326544
39.1133,0.313793
39.1233,0.318552
39.1333,0.324308
39.1433,0.324077
39.1533,0.341596
39.1633,0.324804
39.1733,0.347804
39.1833,0.320135
39.1933,0.330220
39.2033,0.337143
39.2133,0.338994
39.2233,0.340166
39.2333,0.320927
39.2433,0.323891
39.2533,0.293967
39.2633,0.321129
39.2733,0.336334
39.2833,0.333757
39.2933,0.321711
39.3033,0.342889
39.3133,0.317640
39.3233,0.313401
39.3333,0.316121
39.3433,0.308011
39.3533,0.328690
39.3633,0.324420
39.3733,0.328014
39.3833,0.315455
39.3933,0.319463
39.4033,0.293748
39.4133,0.324131
39.4233,0.320529
39.4333,0.305860
39.4433,0.317532
39.4533,0.315414
39.4633,0.339398
39.4733,0.305210
39.4833,0.321635
39.4933,0.304282
39.5033,0.310388
39.5133,0.320114
39.5233,0.313964
39.5333,0.316135
39.5433,0.319904
39.5533,0.309690
39.5633,0.325926
39.5733,0.311351
39.5833,0.313545
39.5933,0.318749
39.6033,0.316833
39.6133,0.321534
39.6233,0.317300
39.6333,0.318817
39.6433,0.308974
39.6533,0.299743
39.6633,0.295124
39.6733,0.291894
39.6833,0.332781
39.6933,0.284759
39.7033,0.325320
39.7133,0.300827
39.7233,0.324595
39.7333,0.283607
39.7433,0.306895
39.7533,0.326842
39.7633,0.317628
39.7733,0.304698
39.7833,0.285104
39.7933,0.292223
39.8033,0.324435
39.8133,0.303258
39.8233,0.306245
39.8333,0.310179
39.8433,0.290811
39.8533,0.311000
39.8633,0.300744
39.8733,0.308970
39.8833,0.298174
39.8933,0.285897
39.9033,0.299310
39.9133,0.311790
39.9233,0.308492
39.9333,0.303795
39.9433,0.313862
39.9533,0.300301
39.9633,0.303079
39.9733,0.296304
39.9833,0.313199
39.9933,0.304874
40.0033,0.294349
40.0133,0.282820
40.0233,0.313603
40.0333,0.291069
40.0433,0.300517
40.0533,0.327536
40.0633,0.308576
40.0733,0.317944
40.0833,0.291804
40.0933,0.310765
40.1033,0.297884
40.1133,0.301606
40.1233,0.321114
40.1333,0.293169
40.1433,0.296393
40.1533,0.284971
40.1633,0.306119
40.1733,0.288378
40.1833,0.307025
40.1933,0.274600
40.2034,0.300629
40.2134,0.285967
40.2234,0.302103
40.2334,0.292819
40.2434,0.286203
40.2534,0.287632
40.2634,0.281711
40.2734,0.301613
40.2834,0.278619
40.2934,0.287641
40.3034,0.294632
40.3134,0.309494
40.3234,0.289663
40.3334,0.286506
40.3434,0.292342
40.3534,0.263818
40.3634,0.273958
40.3734,0.283478
40.3834,0.279068
40.3934,0.268055
40.4034,0.297199
40.4134,0.289663
40.4234,0.287869
40.4334,0.277498
40.4434,0.286419
40.4534,0.291280
40.4634,0.281567
40.4734,0.289720
40.4834,0.274472
40.4934,0.284834
40.5034,0.297013
40.5134,0.297727
40.5234,0.298513
40.5334,0.285647
40.5434,0.282239
40.5534,0.276112
40.5634,0.259447
40.5734,0.264636
40.5834,0.278397
40.5934,0.278753
40.6034,0.296637
40.6134,0.295107
40.6234,0.270730
40.6334,0.288426
40.6434,0.272519
40.6534,0.286074
40.6634,0.287193
40.6734,0.292064
40.6834,0.270886
40.6934,0.288607
40.7034,0.253600
40.7134,0.291267
40.7234,0.275050
40.7334,0.274944
40.7434,0.250178
40.7534,0.269602
40.7634,0.290170
40.7734,0.268423
40.7834,0.281743
40.7934,0.273235
40.8034,0.285211
40.8134,0.274396
40.8234,0.260555
40.8334,0.272053
40.8434,0.290229
40.8534,0.276626
40.8634,0.268896
40.8734,0.297001
40.8834,0.283482
40.8934,0.279012
40.9034,0.272659
40.9134,0.277254
40.9234,0.277283
40.9334,0.241577
40.9434,0.272150
40.9534,0.265121
40.9634,0.260694
40.9734,0.263986
40.9834,0.247302
40.9934,0.243957
41.0034,0.280212
41.0134,0.270441
41.0234,0.235580
41.0334,0.257261
41.0434,0.274385
41.0534,0.260100
41.0634,0.278042
41.0734,0.275341
41.0834,0.246106
41.0934,0.260309
41.1034,0.256294
41.1134,0.244643
41.1234,0.243505
41.1334,0.250927
41.1434,0.252551
41.1534,0.263285
41.1634,0.272060
41.1734,0.265337
41.1834,0.267822
41.1934,0.255262
41.2034,0.265342
41.2134,0.255970
41.2234,0.252097
41.2334,0.279805
41.2434,0.228720
41.2534,0.233851
41.2634,0.260569
41.2734,0.252442
41.2834,0.238024
41.2934,0.242259
41.3034,0.243468
41.3134,0.264916
41.3234,0.268403
41.3334,0.273176
41.3434,0.234081
41.3534,0.236391
41.3634,0.235217
41.3734,0.267559
41.3834,0.256747
41.3934,0.252352
41.4035,0.253794
41.4135,0.250006
41.4235,0.236883
41.4335,0.256144
41.4435,0.247402
41.4535,0.234882
41.4635,0.255827
41.4735,0.243477
41.4835,0.250967
41.4935,0.246388
41.5035,0.258236
41.5135,0.249833
41.5235,0.236238
41.5335,0.250359
41.5435,0.250403
41.5535,0.251935
41.5635,0.257883
41.5735,0.237713
41.5835,0.252774
41.5935,0.223714
41.6035,0.242626
41.6135,0.240424
41.6235,0.260749
41.6335,0.241153
41.6435,0.249980
41.6535,0.221198
41.6635,0.237773
41.6735,0.231494
41.6835,0.271012
41.6935,0.232961
41.7035,0.241498
41.7135,0.241795
41.7235,0.220859
41.7335,0.233278
41.7435,0.244105
41.7535,0.239935
41.7635,0.210959
41.7735,0.231419
41.7835,0.250131
41.7935,0.244599
41.8035,0.251816
41.8135,0.225032
41.8235,0.251890
41.8335,0.235647
41.8435,0.254947
41.8535,0.235540
41.8635,0.210592
41.8735,0.245014
41.8835,0.229162
41.8935,0.229632
41.9035,0.216372
41.9135,0.252938
41.9235,0.226881
41.9335,0.251697
41.9435,0.227285
41.9535,0.220991
41.9635,0.247622
41.9735,0.230572
41.9835,0.230354
41.9935,0.215402
42.0035,0.224955
42.0135,0.235256
42.0235,0.214187
42.0335,0.222974
42.0435,0.224064
42.0535,0.229573
42.0635,0.246197
42.0735,0.224510
42.0835,0.219491
42.0935,0.260401
42.1035,0.221915
42.1135,0.224493
42.1235,0.222156
42.1335,0.222797
42.1435,0.226721
42.1535,0.236507
42.1635,0.229975
42.1735,0.237722
42.1835,0.236996
42.1935,0.226641
42.2035,0.228325
42.2135,0.236785
42.2235,0.209817
42.2335,0.252802
42.2435,0.216345
42.2535,0.217956
42.2635,0.207298
42.2735,0.207328
42.2835,0.232875
42.2935,0.248103
42.3035,0.213728
42.3135,0.224376
42.3235,0.222525
42.3335,0.231561
42.3435,0.245857
42.3535,0.237160
42.3635,0.215720
42.3735,0.224605
42.3835,0.225473
42.3935,0.217371
42.4035,0.204138
42.4135,0.207381
42.4235,0.230422
42.4335,0.231337
42.4435,0.213509
42.4535,0.218811
42.4635,0.229724
42.4735,0.194584
42.4835,0.209358
42.4935,0.238609
42.5035,0.217666
42.5135,0.200203
42.5235,0.214842
42.5335,0.225372
42.5435,0.182237
42.5535,0.214593
42.5635,0.207690
42.5735,0.192136
42.5835,0.212506
42.5935,0.209567
42.6036,0.210599
42.6136,0.206392
42.6236,0.197998
42.6336,0.192480
42.6436,0.201333
42.6536,0.219617
42.6636,0.211787
42.6736,0.207845
42.6836,0.195883
42.6936,0.203558
42.7036,0.216577
42.7136,0.213474
42.7236,0.201376
42.7336,0.175452
42.7436,0.198378
42.7536,0.200371
42.7636,0.194965
42.7736,0.200580
42.7836,0.215025
42.7936,0.204467
42.8036,0.216479
42.8136,0.186191
42.8236,0.200320
42.8336,0.180402
42.8436,0.198241
42.8536,0.190502
42.8636,0.218115
42.8736,0.207347
42.8836,0.214299
42.8936,0.196660
42.9036,0.189267
42.9136,0.188576
42.9236,0.204072
42.9336,0.222301
42.9436,0.205221
42.9536,0.195467
42.9636,0.197393
42.9736,0.198976
42.9836,0.223365
42.9936,0.213542
43.0036,0.201552
43.0136,0.199444
43.0236,0.201414
43.0336,0.203449
43.0436,0.192254
43.0536,0.186779
43.0636,0.208991
43.0736,0.196564
43.0836,0.207381
43.0936,0.215447
43.1036,0.201638
43.1136,0.199390
43.1236,0.233188
43.1336,0.196967
43.1436,0.181095
43.1536,0.190505
43.1636,0.212199
43.1736,0.177747
43.1836,0.183947
43.1936,0.205953
43.2036,0.189117
43.2136,0.190753
43.2236,0.204657
43.2336,0.182875
43.2436,0.173555
43.2536,0.174212
43.2636,0.197562
43.2736,0.193392
43.2836,0.181673
43.2936,0.175781
43.3036,0.186142
43.3136,0.202490
43.3236,0.178765
43.3336,0.180546
43.3436,0.173916
43.3536,0.183497
43.3636,0.191667
43.3736,0.212696
43.3836,0.189633
43.3936,0.186080
43.4036,0.196785
43.4136,0.194489
43.4236,0.178909
43.4336,0.213171
43.4436,0.184960
43.4536,0.187796
43.4636,0.191283
43.4736,0.188524
43.4836,0.202386
43.4936,0.176710
43.5036,0.192897
43.5136,0.185180
43.5236,0.194706
43.5336,0.180042
43.5436,0.178126
43.5536,0.190825
43.5636,0.186046
43.5736,0.171616
43.5836,0.197317
43.5936,0.189670
43.6036,0.179700
43.6136,0.174682
43.6236,0.184382
43.6336,0.187650
43.6436,0.160306
43.6536,0.183655
43.6636,0.186690
43.6736,0.150342
43.6836,0.180639
43.6936,0.186333
43.7036,0.184681
43.7136,0.187053
43.7236,0.173207
43.7336,0.164373
43.7436,0.154969
43.7536,0.189387
43.7636,0.184432
43.7736,0.189732
43.7836,0.166723
43.7936,0.184787
43.8037,0.156824
43.8137,0.164138
43.8237,0.175800
43.8337,0.181964
43.8437,0.193870
43.8537,0.170558
43.8637,0.162767
43.8737,0.161868
43.8837,0.164337
43.8937,0.198962
43.9037,0.181110
43.9137,0.185097
43.9237,0.168597
43.9337,0.171164
43.9437,0.179295
43.9537,0.164553
43.9637,0.166847
43.9737,0.161966
43.9837,0.164413
43.9937,0.170091
44.0037,0.159364
44.0137,0.172377
44.0237,0.172082
44.0337,0.166237
44.0437,0.158180
44.0537,0.169092
44.0637,0.161495
44.0737,0.167836
44.0837,0.180177
44.0937,0.151687
44.1037,0.192528
44.1137,0.165299
44.1237,0.170835
44.1337,0.156584
44.1437,0.179048
44.1537,0.163558
44.1637,0.160061
44.1737,0.157609
44.1837,0.161019
44.1937,0.168986
44.2037,0.165765
44.2137,0.162939
44.2237,0.154607
44.2337,0.153640
44.2437,0.157066
44.2537,0.167847
44.2637,0.169998
44.2737,0.171343
44.2837,0.161488
44.2937,0.165836
44.3037,0.158940
44.3137,0.139782
44.3237,0.157827
44.3337,0.155643
44.3437,0.147408
44.3537,0.152797
44.3637,0.160956
44.3737,0.145466
44.3837,0.150265
44.3937,0.177100
44.4037,0.139023
44.4137,0.155788
44.4237,0.143721
44.4337,0.148429
44.4437,0.154807
44.4537,0.145060
44.4637,0.163530
44.4737,0.172589
44.4837,0.166208
44.4937,0.168135
44.5037,0.139016
44.5137,0.152389
44.5237,0.160648
44.5337,0.165227
44.5437,0.175546
44.5537,0.167069
44.5637,0.164732
44.5737,0.185312
44.5837,0.154599
44.5937,0.149709
44.6037,0.155042
44.6137,0.141668
44.6237,0.153196
44.6337,0.131398
44.6437,0.145502
44.6537,0.150208
44.6637,0.162724
44.6737,0.164398
44.6837,0.139239
44.6937,0.175452
44.7037,0.152057
44.7137,0.152895
44.7237,0.130340
44.7337,0.142049
44.7437,0.161826
44.7537,0.151004
44.7637,0.149999
44.7737,0.151170
44.7837,0.130865
44.7937,0.146763
44.8037,0.164562
44.8137,0.160443
44.8237,0.145640
44.8337,0.165646
44.8437,0.131514
44.8537,0.134703
44.8637,0.168468
44.8737,0.152781
44.8837,0.142120
44.8937,0.144665
44.9037,0.135391
44.9137,0.148132
44.9237,0.146923
44.9337,0.144536
44.9437,0.130123
44.9537,0.146960
44.9637,0.137172
44.9737,0.131437
44.9837,0.158213
44.9937,0.168793
45.0038,0.165812
45.0138,0.150046
45.0238,0.138802
45.0338,0.140889
45.0438,0.146346
45.0538,0.136180
45.0638,0.156794
45.0738,0.116285
45.0838,0.136911
45.0938,0.149819
45.1038,0.129810
45.1138,0.136816
45.1238,0.146568
45.1338,0.157411
45.1438,0.123411
45.1538,0.122269
45.1638,0.127081
45.1738,0.119730
45.1838,0.120332
45.1938,0.126004
45.2038,0.152227
45.2138,0.133428
45.2238,0.137298
45.2338,0.125205
45.2438,0.144022
45.2538,0.158678
45.2638,0.125267
45.2738,0.156365
45.2838,0.139791
45.2938,0.135371
45.3038,0.139720
45.3138,0.139355
45.3238,0.156705
45.3338,0.140413
45.3438,0.140415
45.3538,0.128615
45.3638,0.143494
45.3738,0.121694
45.3838,0.134237
45.3938,0.167280
45.4038,0.102383
45.4138,0.134983
45.4238,0.135198
45.4338,0.128954
45.4438,0.128990
45.4538,0.132295
45.4638,0.127928
45.4738,0.133369
45.4838,0.124608
45.4938,0.154482
45.5038,0.126944
45.5138,0.136558
45.5238,0.121449
45.5338,0.140430
45.5438,0.137790
45.5538,0.133774
45.5638,0.116171
45.5738,0.119226
45.5838,0.148245
45.5938,0.118605
45.6038,0.135214
45.6138,0.115944
45.6238,0.139138
45.6338,0.118557
45.6438,0.114993
45.6538,0.117760
45.6638,0.119421
45.6738,0.130680
45.6838,0.126415
45.6938,0.112198
45.7038,0.124763
45.7138,0.111135
45.7238,0.132339
45.7338,0.134298
45.7438,0.123847
45.7538,0.127154
45.7638,0.144679
45.7738,0.121522
45.7838,0.111842
45.7938,0.129884
45.8038,0.109102
45.8138,0.119927
45.8238,0.115027
45.8338,0.113554
45.8438,0.118736
45.8538,0.132297
45.8638,0.134528
45.8738,0.132136
45.8838,0.124820
45.8938,0.117453
45.9038,0.092014
45.9138,0.124482
45.9238,0.092481
45.9338,0.096515
45.9438,0.117419
45.9538,0.122297
45.9638,0.113473
45.9738,0.137076
45.9838,0.123958
45.9938,0.115184
46.0038,0.134577
46.0138,0.136487
46.0238,0.123621
46.0338,0.107932
46.0438,0.110397
46.0538,0.099404
46.0638,0.116021
46.0738,0.103695
46.0838,0.112113
46.0938,0.118955
46.1038,0.091789
46.1138,0.100195
46.1238,0.109044
46.1338,0.114263
46.1438,0.108733
46.1538,0.111181
46.1638,0.105720
46.1738,0.096569
46.1838,0.107312
46.1938,0.110939
46.2039,0.109540
46.2139,0.114374
46.2239,0.117828
46.2339,0.120750
46.2439,0.104736
46.2539,0.093198
46.2639,0.127135
46.2739,0.116271
46.2839,0.099959
46.2939,0.114517
46.3039,0.123770
46.3139,0.131474
46.3239,0.113502
46.3339,0.122981
46.3439,0.095520
46.3539,0.109375
46.3639,0.105556
46.3739,0.113458
46.3839,0.128453
46.3939,0.111889
46.4039,0.097410
46.4139,0.093272
46.4239,0.127955
46.4339,0.114143
46.4439,0.113127
46.4539,0.103398
46.4639,0.110509
46.4739,0.095224
46.4839,0.111487
46.4939,0.092516
46.5039,0.102076
46.5139,0.098446
46.5239,0.066846
46.5339,0.101547
46.5439,0.094696
46.5539,0.102732
46.5639,0.105052
46.5739,0.126021
46.5839,0.108237
46.5939,0.108365
46.6039,0.110078
46.6139,0.114368
46.6239,0.109133
46.6339,0.106838
46.6439,0.111768
46.6539,0.073890
46.6639,0.127854
46.6739,0.121638
46.6839,0.104944
46.6939,0.085159
46.7039,0.116416
46.7139,0.093342
46.7239,0.107852
46.7339,0.085829
46.7439,0.127718
46.7539,0.083472
46.7639,0.101384
46.7739,0.074868
46.7839,0.099618
46.7939,0.094788
46.8039,0.113316
46.8139,0.094344
46.8239,0.112891
46.8339,0.086717
46.8439,0.095403
46.8539,0.095423
46.8639,0.104292
46.8739,0.102545
46.8839,0.106572
46.8939,0.100887
46.9039,0.105401
46.9139,0.086471
46.9239,0.101692
46.9339,0.116106
46.9439,0.076428
46.9539,0.102237
46.9639,0.104272
46.9739,0.113466
46.9839,0.104426
46.9939,0.096699
47.0039,0.100438
47.0139,0.086239
47.0239,0.090186
47.0339,0.078596
47.0439,0.112251
47.0539,0.099592
47.0639,0.082980
47.0739,0.097012
47.0839,0.107451
47.0939,0.105236
47.1039,0.081975
47.1139,0.055284
47.1239,0.097419
47.1339,0.081816
47.1439,0.099711
47.1539,0.103430
47.1639,0.105175
47.1739,0.112533
47.1839,0.106218
47.1939,0.112161
47.2039,0.107500
47.2139,0.108332
47.2239,0.090032
47.2339,0.074837
47.2439,0.119882
47.2539,0.090636
47.2639,0.104411
47.2739,0.082850
47.2839,0.100807
47.2939,0.059687
47.3039,0.083888
47.3139,0.087420
47.3239,0.093939
47.3339,0.101039
47.3439,0.074833
47.3539,0.095670
47.3639,0.102258
47.3739,0.115477
47.3839,0.095594
47.3939,0.081389
47.4040,0.071430
47.4140,0.108430
47.4240,0.095117
47.4340,0.085794
47.4440,0.066409
47.4540,0.074462
47.4640,0.093001
47.4740,0.089461
47.4840,0.061649
47.4940,0.092386
47.5040,0.065764
47.5140,0.100623
47.5240,0.086668
47.5340,0.078395
47.5440,0.095628
47.5540,0.087779
47.5640,0.099228
47.5740,0.084085
47.5840,0.084577
47.5940,0.079279
47.6040,0.085650
47.6140,0.102661
47.6240,0.076045
47.6340,0.089645
47.6440,0.071097
47.6540,0.056654
47.6640,0.083737
47.6740,0.085485
47.6840,0.079512
47.6940,0.062674
47.7040,0.084071
47.7140,0.083408
47.7240,0.069340
47.7340,0.063557
47.7440,0.076565
47.7540,0.087222
47.7640,0.084181
47.7740,0.068405
47.7840,0.080413
47.7940,0.089210
47.8040,0.064287
47.8140,0.078912
47.8240,0.094025
47.8340,0.062445
47.8440,0.091406
47.8540,0.096765
47.8640,0.074464
47.8740,0.072810
47.8840,0.089119
47.8940,0.074285
47.9040,0.048077
47.9140,0.074925
47.9240,0.081552
47.9340,0.084585
47.9440,0.064933
47.9540,0.072060
47.9640,0.086818
47.9740,0.074172
47.9840,0.056345
47.9940,0.089339
48.0040,0.071715
48.0140,0.087177
48.0240,0.057135
48.0340,0.072227
48.0440,0.079594
48.0540,0.072230
48.0640,0.058878
48.0740,0.044231
48.0840,0.090951
48.0940,0.075447
48.1040,0.086272
48.1140,0.083213
48.1240,0.079031
48.1340,0.067812
48.1440,0.077345
48.1540,0.088458
48.1640,0.072064
48.1740,0.093689
48.1840,0.052675
48.1940,0.051186
48.2040,0.082127
48.2140,0.060246
48.2240,0.094391
48.2340,0.085721
48.2440,0.088524
48.2540,0.079888
48.2640,0.058017
48.2740,0.048966
48.2840,0.086623
48.2940,0.050487
48.3040,0.087303
48.3140,0.076121
48.3240,0.066973
48.3340,0.072996
48.3440,0.073077
48.3540,0.064867
48.3640,0.084208
48.3740,0.083599
48.3840,0.068574
48.3940,0.059309
48.4040,0.081984
48.4140,0.041845
48.4240,0.071247
48.4340,0.074599
48.4440,0.055588
48.4540,0.077017
48.4640,0.064820
48.4740,0.058392
48.4840,0.076304
48.4940,0.051522
48.5040,0.074785
48.5140,0.040372
48.5240,0.067394
48.5340,0.064297
48.5440,0.057100
48.5540,0.068057
48.5640,0.062233
48.5740,0.075650
48.5840,0.069521
48.5940,0.068038
48.6041,0.065914
48.6141,0.056552
48.6241,0.058403
48.6341,0.064810
48.6441,0.059558
48.6541,0.074783
48.6641,0.062374
48.6741,0.065571
48.6841,0.044035
48.6941,0.071993
48.7041,0.053508
48.7141,0.047778
48.7241,0.079852
48.7341,0.068278
48.7441,0.071439
48.7541,0.064977
48.7641,0.058213
48.7741,0.055785
48.7841,0.068298
48.7941,0.072348
48.8041,0.057748
48.8141,0.083246
48.8241,0.055817
48.8341,0.041266
48.8441,0.037146
48.8541,0.037360
48.8641,0.052458
48.8741,0.054449
48.8841,0.065235
48.8941,0.056510
48.9041,0.066785
48.9141,0.057013
48.9241,0.056448
48.9341,0.049166
48.9441,0.072978
48.9541,0.037340
48.9641,0.059145
48.9741,0.053161
48.9841,0.064533
48.9941,0.054714
49.0041,0.054879
49.0141,0.051387
49.0241,0.071118
49.0341,0.054240
49.0441,0.077659
49.0541,0.057103
49.0641,0.053909
49.0741,0.051717
49.0841,0.060045
49.0941,0.046026
49.1041,0.054648
49.1141,0.052810
49.1241,0.056429
49.1341,0.056540
49.1441,0.056977
49.1541,0.053105
49.1641,0.070608
49.1741,0.056665
49.1841,0.082680
49.1941,0.051821
49.2041,0.062544
49.2141,0.042139
49.2241,0.067475
49.2341,0.042029
49.2441,0.055766
49.2541,0.046937
49.2641,0.055350
49.2741,0.046923
49.2841,0.040085
49.2941,0.046112
49.3041,0.067686
49.3141,0.054610
49.3241,0.033353
49.3341,0.061779
49.3441,0.037753
49.3541,0.057187
49.3641,0.054721
49.3741,0.055296
49.3841,0.069955
49.3941,0.037590
49.4041,0.054680
49.4141,0.062282
49.4241,0.039264
49.4341,0.037853
49.4441,0.043173
49.4541,0.050333
49.4641,0.029328
49.4741,0.052689
49.4841,0.028989
49.4941,0.061228
49.5041,0.051691
49.5141,0.068302
49.5241,0.053188
49.5341,0.041324
49.5441,0.035216
49.5541,0.047485
49.5641,0.044074
49.5741,0.058490
49.5841,0.032932
49.5941,0.068146
49.6041,0.059012
49.6141,0.041091
49.6241,0.064927
49.6341,0.033776
49.6441,0.045460
49.6541,0.027495
49.6641,0.064792
49.6741,0.022685
49.6841,0.024988
49.6941,0.034478
49.7041,0.057783
49.7141,0.053194
49.7241,0.043021
49.7341,0.053605
49.7441,0.039814
49.7541,0.046089
49.7641,0.060662
49.7741,0.037703
49.7841,0.031288
49.7941,0.045950
49.8042,0.049011
49.8142,0.041275
49.8242,0.051812
49.8342,0.037179
49.8442,0.040947
49.8542,0.043734
49.8642,0.042510
49.8742,0.058243
49.8842,0.043142
49.8942,0.034883
49.9042,0.044689
49.9142,0.050282
49.9242,0.047290
49.9342,0.046448
49.9442,0.019670
49.9542,0.007560
49.9642,0.052597
49.9742,0.042384
49.9842,0.036683
49.9942,0.045097
50.0042,0.059718
50.0142,0.053377
50.0242,0.047785
50.0342,0.025423
50.0442,0.026806
50.0542,0.007076
50.0642,0.043140
50.0742,0.048666
50.0842,0.049470
50.0942,0.043118
50.1042,0.032990
50.1142,0.027893
50.1242,0.024586
50.1342,0.032355
50.1442,0.022408
50.1542,0.055039
50.1642,0.018165
50.1742,0.031255
50.1842,0.010212
50.1942,0.036831
50.2042,0.033071
50.2142,0.028645
50.2242,0.021559
50.2342,0.032609
50.2442,0.025873
50.2542,0.030592
50.2642,0.055550
50.2742,0.033955
50.2842,0.038111
50.2942,0.025970
50.3042,0.021958
50.3142,0.030924
50.3242,0.061075
50.3342,0.027406
50.3442,0.035021
50.3542,0.020571
50.3642,0.000000
50.3742,0.020691
50.3842,0.058566
50.3942,0.036971
50.4042,0.049346
50.4142,0.025312
50.4242,0.001031
50.4342,0.015838
50.4442,0.033736
50.4542,0.031653
50.4642,0.028506
50.4742,0.022098
50.4842,0.039567
50.4942,0.022104
50.5042,0.031644
50.5142,0.030125
50.5242,0.023189
50.5342,0.016866
50.5442,0.022144
50.5542,0.049586
50.5642,0.040282
50.5742,0.039008
50.5842,0.017157
50.5942,0.009173
50.6042,0.039415
50.6142,0.036945
50.6242,0.027566
50.6342,0.021304
50.6442,0.008015
50.6542,0.035823
50.6642,0.039480
50.6742,0.016929
50.6842,0.015759
50.6942,0.039635
50.7042,0.016872
50.7142,0.045755
50.7242,0.022931
50.7342,0.019433
50.7442,0.024446
50.7542,0.019098
50.7642,0.037085
50.7742,0.034033
50.7842,0.036294
50.7942,0.025284
50.8042,0.017427
50.8142,0.022628
50.8242,0.017462
50.8342,0.040003
50.8442,0.034265
50.8542,0.020973
50.8642,0.010788
50.8742,0.040230
50.8842,0.023214
50.8942,0.019846
50.9042,0.039838
50.9142,0.014958
50.9242,0.017085
50.9342,0.017977
50.9442,0.004782
50.9542,0.024205
50.9642,0.011103
50.9742,0.013238
50.9842,0.011469
50.9942,0.012712
51.0043,0.009526
51.0143,0.022395
51.0243,0.017397
51.0343,0.019676
51.0443,0.047181
51.0543,0.016905
51.0643,0.025867
51.0743,0.027069
51.0843,0.017526
51.0943,0.021403
51.1043,0.018202
51.1143,0.020221
51.1243,0.010589
51.1343,0.011534
51.1443,0.017504
51.1543,0.000000
51.1643,0.034928
51.1743,0.042743
51.1843,0.018694
51.1943,0.024473
51.2043,0.029298
51.2143,0.000267
51.2243,0.027140
51.2343,0.010722
51.2443,0.043166
51.2543,0.013256
51.2643,0.026252
51.2743,0.013051
51.2843,0.041391
51.2943,0.008721
51.3043,0.028689
51.3143,0.022066
51.3243,0.019237
51.3343,0.016972
51.3443,0.006059
51.3543,0.000000
51.3643,0.026634
51.3743,0.007715
51.3843,0.027456
51.3943,0.017481
51.4043,0.027503
51.4143,0.022562
51.4243,0.000000
51.4343,0.019998
51.4443,0.008336
51.4543,0.026280
51.4643,0.019235
51.4743,0.019216
51.4843,0.008554
51.4943,0.000711
51.5043,0.006308
51.5143,0.000000
51.5243,0.004100
51.5343,0.000000
51.5443,0.000000
51.5543,0.012106
51.5643,0.016958
51.5743,0.010009
51.5843,0.004247
51.5943,0.000000
51.6043,0.006109
51.6143,0.000000
51.6243,0.008845
51.6343,0.000000
51.6443,0.017699
51.6543,0.002321
51.6643,0.013483
51.6743,0.019457
51.6843,0.012588
51.6943,0.018085
51.7043,0.000000
51.7143,0.002267
51.7243,0.021261
51.7343,0.013978
51.7443,0.029892
51.7543,0.028006
51.7643,0.010992
51.7743,0.004217
51.7843,0.000000
51.7943,0.001218
51.8043,0.001873
51.8143,0.000000
51.8243,0.000000
51.8343,0.011122
51.8443,0.026507
51.8543,0.017191
51.8643,0.001967
51.8743,0.017849
51.8843,0.009685
51.8943,0.004881
51.9043,0.003977
51.9143,0.002660
51.9243,0.012717
51.9343,0.006425
51.9443,0.000000
51.9543,0.000000
51.9643,0.007956
51.9743,0.009274
51.9843,0.000218
51.9943,0.000000
52.0043,0.018681
52.0143,0.015987
52.0243,0.000000
52.0343,0.019324
52.0443,0.000613
52.0543,0.005276
52.0643,0.016536
52.0743,0.022593
52.0843,0.014687
52.0943,0.005440
52.1043,0.000000
52.1143,0.000000
52.1243,0.012793
52.1343,0.018270
52.1443,0.000000
52.1543,0.000000
52.1643,0.000000
52.1743,0.000000
52.1843,0.014666
52.1943,0.004317
52.2044,0.000000
52.2144,0.033454
52.2244,0.000000
52.2344,0.008017
52.2444,0.000000
52.2544,0.000000
52.2644,0.003060
52.2744,0.011360
52.2844,0.000000
52.2944,0.000000
52.3044,0.000000
52.3144,0.000000
52.3244,0.008587
52.3344,0.004335
52.3444,0.006143
52.3544,0.000050
52.3644,0.000000
52.3744,0.014922
52.3844,0.013044
52.3944,0.017729
52.4044,0.005192
52.4144,0.016924
52.4244,0.000000
52.4344,0.000000
52.4444,0.014954
52.4544,0.010709
52.4644,0.000000
52.4744,0.000000
52.4844,0.000000
52.4944,0.000000
52.5044,0.021174
52.5144,0.009581
52.5244,0.000000
52.5344,0.000000
52.5444,0.000000
52.5544,0.000000
52.5644,0.000000
52.5744,0.013735
52.5844,0.000000
52.5944,0.027807
52.6044,0.000000
52.6144,0.000000
52.6244,0.020554
52.6344,0.016137
52.6444,0.000000
52.6544,0.004836
52.6644,0.005129
52.6744,0.001880
52.6844,0.000000
52.6944,0.000000
52.7044,0.000000
52.7144,0.021998
52.7244,0.022460
52.7344,0.000000
52.7444,0.000000
52.7544,0.003510
52.7644,0.005434
52.7744,0.007368
52.7844,0.000000
52.7944,0.038040
52.8044,0.013731
52.8144,0.000000
52.8244,0.000000
52.8344,0.011972
52.8444,0.006065
52.8544,0.001221
52.8644,0.005610
52.8744,0.000000
52.8844,0.004924
52.8944,0.008814
52.9044,0.004214
52.9144,0.003581
52.9244,0.016801
52.9344,0.000000
52.9444,0.000000
52.9544,0.000395
52.9644,0.000000
52.9744,0.000000
52.9844,0.015521
52.9944,0.000000
53.0044,0.000000
53.0144,0.000000
53.0244,0.000755
53.0344,0.000531
53.0444,0.006725
53.0544,0.005744
53.0644,0.000000
53.0744,0.000000
53.0844,0.000000
53.0944,0.000000
53.1044,0.000000
53.1144,0.008334
53.1244,0.004887
53.1344,0.009925
53.1444,0.000000
53.1544,0.018134
53.1644,0.008107
53.1744,0.001378
53.1844,0.007270
53.1944,0.000000
53.2044,0.000000
53.2144,0.000000
53.2244,0.008995
53.2344,0.000987
53.2444,0.000000
53.2544,0.000000
53.2644,0.000000
53.2744,0.017119
53.2844,0.000000
53.2944,0.000000
53.3044,0.000000
53.3144,0.015072
53.3244,0.010593
53.3344,0.000000
53.3444,0.013990
53.3544,0.000000
53.3644,0.000000
53.3744,0.000000
53.3844,0.000000
53.3944,0.000000
53.4045,0.009326
53.4145,0.000000
53.4245,0.007418
53.4345,0.003457
53.4445,0.006593
53.4545,0.000000
53.4645,0.000000
53.4745,0.006842
53.4845,0.000000
53.4945,0.004485
53.5045,0.000000
53.5145,0.000205
53.5245,0.019327
53.5345,0.009302
53.5445,0.000000
53.5545,0.010187
53.5645,0.021873
53.5745,0.033570
53.5845,0.005707
53.5945,0.000000
53.6045,0.005222
53.6145,0.019158
53.6245,0.000000
53.6345,0.012522
53.6445,0.000000
53.6545,0.004473
53.6645,0.000000
53.6745,0.000000
53.6845,0.000000
53.6945,0.000000
53.7045,0.000000
53.7145,0.000000
53.7245,0.003959
53.7345,0.000000
53.7445,0.000734
53.7545,0.008787
53.7645,0.000000
53.7745,0.016313
53.7845,0.000000
53.7945,0.023139
53.8045,0.013359
53.8145,0.000000
53.8245,0.000000
53.8345,0.002483
53.8445,0.007186
53.8545,0.013137
53.8645,0.000000
53.8745,0.005251
53.8845,0.000000
53.8945,0.000000
53.9045,0.017449
53.9145,0.000000
53.9245,0.000000
53.9345,0.002651
53.9445,0.016650
53.9545,0.003906
53.9645,0.000000
53.9745,0.000000
53.9845,0.001174
53.9945,0.000000
54.0045,0.001641
54.0145,0.002353
54.0245,0.000000
54.0345,0.021778
54.0445,0.007086
54.0545,0.014540
54.0645,0.011048
54.0745,0.000000
54.0845,0.000000
54.0945,0.000000
54.1045,0.008174
54.1145,0.000000
54.1245,0.020701
54.1345,0.000000
54.1445,0.002574
54.1545,0.000000
54.1645,0.000000
54.1745,0.026069
54.1845,0.000000
54.1945,0.000000
54.2045,0.000000
54.2145,0.000493
54.2245,0.000000
54.2345,0.000000
54.2445,0.000000
54.2545,0.007317
54.2645,0.012324
54.2745,0.000288
54.2845,0.000708
54.2945,0.000000
54.3045,0.000000
54.3145,0.000000
54.3245,0.000000
54.3345,0.000000
54.3445,0.010849
54.3545,0.000000
54.3645,0.000000
54.3745,0.000000
54.3845,0.014937
54.3945,0.000000
54.4045,0.003325
54.4145,0.000000
54.4245,0.000815
54.4345,0.002932
54.4445,0.000686
54.4545,0.009516
54.4645,0.000000
54.4745,0.020933
54.4845,0.000534
54.4945,0.000000
54.5045,0.007660
54.5145,0.004705
54.5245,0.000391
54.5345,0.000000
54.5445,0.000000
54.5545,0.000000
54.5645,0.019770
54.5745,0.000000
54.5845,0.011588
54.5945,0.000000
54.6046,0.000000
54.6146,0.008144
54.6246,0.000000
54.6346,0.006452
54.6446,0.000000
54.6546,0.000000
54.6646,0.000000
54.6746,0.000000
54.6846,0.016832
54.6946,0.018808
54.7046,0.000000
54.7146,0.000000
54.7246,0.000000
54.7346,0.004085
54.7446,0.000000
54.7546,0.005994
54.7646,0.000000
54.7746,0.000000
54.7846,0.028957
54.7946,0.000000
54.8046,0.019679
54.8146,0.017362
54.8246,0.006049
54.8346,0.000000
54.8446,0.000373
54.8546,0.000000
54.8646,0.000241
54.8746,0.000000
54.8846,0.009075
54.8946,0.011820
54.9046,0.014040
54.9146,0.000000
54.9246,0.000000
54.9346,0.004220
54.9446,0.021073
54.9546,0.000833
54.9646,0.005428
54.9746,0.000000
54.9846,0.000000
54.9946,0.007899
55.0046,0.000000
55.0146,0.004842
55.0246,0.006090
55.0346,0.004170
55.0446,0.006694
55.0546,0.000000
55.0646,0.000000
55.0746,0.000000
55.0846,0.000000
55.0946,0.000000
55.1046,0.002892
55.1146,0.010899
55.1246,0.014250
55.1346,0.016947
55.1446,0.000000
55.1546,0.000000
55.1646,0.000000
55.1746,0.000963
55.1846,0.000000
55.1946,0.000000
55.2046,0.000000
55.2146,0.005800
55.2246,0.000000
55.2346,0.028120
55.2446,0.000252
55.2546,0.012610
55.2646,0.000000
55.2746,0.006892
55.2846,0.001201
55.2946,0.010282
55.3046,0.000000
55.3146,0.018619
55.3246,0.000000
55.3346,0.011392
55.3446,0.001425
55.3546,0.000000
55.3646,0.023425
55.3746,0.022184
55.3846,0.000000
55.3946,0.002121
55.4046,0.008468
55.4146,0.005300
55.4246,0.018186
55.4346,0.015692
55.4446,0.003182
55.4546,0.027325
55.4646,0.011242
55.4746,0.000000
55.4846,0.000000
55.4946,0.014920
55.5046,0.000000
55.5146,0.000000
55.5246,0.000000
55.5346,0.004268
55.5446,0.000000
55.5546,0.000000
55.5646,0.013945
55.5746,0.000000
55.5846,0.024239
55.5946,0.003648
55.6046,0.015206
55.6146,0.007570
55.6246,0.015781
55.6346,0.006844
55.6446,0.002822
55.6546,0.013119
55.6646,0.029832
55.6746,0.000000
55.6846,0.009539
55.6946,0.000000
55.7046,0.006073
55.7146,0.000506
55.7246,0.000000
55.7346,0.000000
55.7446,0.011995
55.7546,0.000000
55.7646,0.011051
55.7746,0.002203
55.7846,0.000000
55.7946,0.010870
55.8047,0.008172
55.8147,0.005047
55.8247,0.012191
55.8347,0.002437
55.8447,0.000000
55.8547,0.000000
55.8647,0.000000
55.8747,0.007888
55.8847,0.010754
55.8947,0.011300
55.9047,0.005869
55.9147,0.011615
55.9247,0.000000
55.9347,0.000000
55.9447,0.000000
55.9547,0.000000
55.9647,0.019395
55.9747,0.013119
55.9847,0.007947
55.9947,0.000000
56.0047,0.000000
56.0147,0.002244
56.0247,0.013328
56.0347,0.004918
56.0447,0.000000
56.0547,0.001255
56.0647,0.000000
56.0747,0.009650
56.0847,0.000000
56.0947,0.000000
56.1047,0.009815
56.1147,0.006713
56.1247,0.002789
56.1347,0.026300
56.1447,0.007620
56.1547,0.000000
56.1647,0.006230
56.1747,0.000000
56.1847,0.015201
56.1947,0.003372
56.2047,0.004559
56.2147,0.000000
56.2247,0.000736
56.2347,0.000000
56.2447,0.000000
56.2547,0.000000
56.2647,0.005229
56.2747,0.000000
56.2847,0.000000
56.2947,0.000000
56.3047,0.000000
56.3147,0.002322
56.3247,0.001026
56.3347,0.000000
56.3447,0.000000
56.3547,0.000807
56.3647,0.011556
56.3747,0.003344
56.3847,0.017077
56.3947,0.013598
56.4047,0.017960
56.4147,0.016424
56.4247,0.018755
56.4347,0.000000
56.4447,0.007769
56.4547,0.014620
56.4647,0.016788
56.4747,0.000000
56.4847,0.007889
56.4947,0.000902
56.5047,0.022165
56.5147,0.000000
56.5247,0.000000
56.5347,0.000000
56.5447,0.001735
56.5547,0.027166
56.5647,0.000000
56.5747,0.001212
56.5847,0.006603
56.5947,0.000000
56.6047,0.004392
56.6147,0.004707
56.6247,0.000000
56.6347,0.000000
56.6447,0.008903
56.6547,0.011143
56.6647,0.015582
56.6747,0.004025
56.6847,0.004269
56.6947,0.009002
56.7047,0.000000
56.7147,0.000000
56.7247,0.000000
56.7347,0.000000
56.7447,0.004883
56.7547,0.012589
56.7647,0.000000
56.7747,0.005222
56.7847,0.000000
56.7947,0.000000
56.8047,0.024667
56.8147,0.000000
56.8247,0.000000
56.8347,0.002577
56.8447,0.003222
56.8547,0.008007
56.8647,0.024015
56.8747,0.000000
56.8847,0.000000
56.8947,0.019306
56.9047,0.011269
56.9147,0.009601
56.9247,0.000000
56.9347,0.013511
56.9447,0.009638
56.9547,0.002274
56.9647,0.000000
56.9747,0.001280
56.9847,0.019782
56.9947,0.000000
57.0048,0.000000
57.0148,0.000000
57.0248,0.000000
57.0348,0.000000
57.0448,0.011503
57.0548,0.005537
57.0648,0.000730
57.0748,0.003324
57.0848,0.007488
57.0948,0.000000
57.1048,0.012859
57.1148,0.000000
57.1248,0.000000
57.1348,0.004085
57.1448,0.000000
57.1548,0.005843
57.1648,0.001702
57.1748,0.000000
57.1848,0.018345
57.1948,0.008497
57.2048,0.003625
57.2148,0.008310
57.2248,0.000000
57.2348,0.026097
57.2448,0.000000
57.2548,0.001358
57.2648,0.000000
57.2748,0.000000
57.2848,0.000000
57.2948,0.000000
57.3048,0.014260
57.3148,0.000000
57.3248,0.011803
57.3348,0.007782
57.3448,0.000000
57.3548,0.006391
57.3648,0.000000
57.3748,0.000000
57.3848,0.000000
57.3948,0.007865
57.4048,0.007243
57.4148,0.002904
57.4248,0.000000
57.4348,0.000000
57.4448,0.000000
57.4548,0.000000
57.4648,0.000735
57.4748,0.006269
57.4848,0.000811
57.4948,0.021230
57.5048,0.000000
57.5148,0.000000
57.5248,0.001596
57.5348,0.002925
57.5448,0.000000
57.5548,0.007232
57.5648,0.002980
57.5748,0.000000
57.5848,0.000000
57.5948,0.000000
57.6048,0.000000
57.6148,0.000000
57.6248,0.004994
57.6348,0.021141
57.6448,0.003180
57.6548,0.000000
57.6648,0.003427
57.6748,0.000000
57.6848,0.000000
57.6948,0.004243
57.7048,0.010557
57.7148,0.000000
57.7248,0.000000
57.7348,0.000000
57.7448,0.000000
57.7548,0.000000
57.7648,0.000000
57.7748,0.000000
57.7848,0.006815
57.7948,0.005554
57.8048,0.002395
57.8148,0.009798
57.8248,0.000000
57.8348,0.000000
57.8448,0.000000
57.8548,0.000000
57.8648,0.000000
57.8748,0.000000
57.8848,0.013258
57.8948,0.009610
57.9048,0.006302
57.9148,0.001579
57.9248,0.017387
57.9348,0.000000
57.9448,0.000000
57.9548,0.013492
57.9648,0.000331
57.9748,0.000000
57.9848,0.006623
57.9948,0.000000
58.0048,0.000000
58.0148,0.000000
58.0248,0.003859
58.0348,0.002470
58.0448,0.018201
58.0548,0.000000
58.0648,0.000000
58.0748,0.017276
58.0848,0.011828
58.0948,0.001739
58.1048,0.000000
58.1148,0.000000
58.1248,0.000000
58.1348,0.000437
58.1448,0.000000
58.1548,0.019235
58.1648,0.000000
58.1748,0.000000
58.1848,0.002936
58.1948,0.006257
58.2049,0.000000
58.2149,0.000000
58.2249,0.000000
58.2349,0.016273
58.2449,0.022653
58.2549,0.000000
58.2649,0.000000
58.2749,0.000000
58.2849,0.007598
58.2949,0.018342
58.3049,0.015072
58.3149,0.000000
58.3249,0.000000
58.3349,0.000098
58.3449,0.016569
58.3549,0.000000
58.3649,0.000000
58.3749,0.000000
58.3849,0.000000
58.3949,0.000000
58.4049,0.002784
58.4149,0.006072
58.4249,0.022319
58.4349,0.000000
58.4449,0.008766
58.4549,0.011602
58.4649,0.006235
58.4749,0.000000
58.4849,0.000000
58.4949,0.001166
58.5049,0.001082
58.5149,0.000000
58.5249,0.015500
58.5349,0.000000
58.5449,0.000000
58.5549,0.000000
58.5649,0.005763
58.5749,0.004104
58.5849,0.004011
58.5949,0.017928
58.6049,0.000000
58.6149,0.000000
58.6249,0.018541
58.6349,0.000000
58.6449,0.000000
58.6549,0.014747
58.6649,0.014568
58.6749,0.007921
58.6849,0.008225
58.6949,0.000000
58.7049,0.016478
58.7149,0.000000
58.7249,0.000000
58.7349,0.004654
58.7449,0.000000
58.7549,0.002480
58.7649,0.005169
58.7749,0.021337
58.7849,0.005205
58.7949,0.000000
58.8049,0.008118
58.8149,0.000000
58.8249,0.010958
58.8349,0.000776
58.8449,0.004807
58.8549,0.000000
58.8649,0.000000
58.8749,0.000000
58.8849,0.020949
58.8949,0.000000
58.9049,0.008788
58.9149,0.000000
58.9249,0.000000
58.9349,0.000000
58.9449,0.019725
58.9549,0.007014
58.9649,0.004620
58.9749,0.015560
58.9849,0.000000
58.9949,0.012820
59.0049,0.010816
59.0149,0.010679
59.0249,0.000000
59.0349,0.000000
59.0449,0.000000
59.0549,0.000000
59.0649,0.000000
59.0749,0.004402
59.0849,0.000000
59.0949,0.005177
59.1049,0.005855
59.1149,0.000000
59.1249,0.000000
59.1349,0.000000
59.1449,0.000000
59.1549,0.000000
59.1649,0.020348
59.1749,0.000000
59.1849,0.024277
59.1949,0.003467
59.2049,0.011835
59.2149,0.010420
59.2249,0.007404
59.2349,0.019942
59.2449,0.000000
59.2549,0.000000
59.2649,0.000000
59.2749,0.000000
59.2849,0.000000
59.2949,0.022471
59.3049,0.000000
59.3149,0.023802
59.3249,0.025030
59.3349,0.035942
59.3449,0.022866
59.3549,0.028298
59.3649,0.003902
59.3749,0.002740
59.3849,0.003538
59.3949,0.000001
59.4050,0.001796
59.4150,0.009026
59.4250,0.000000
59.4350,0.000000
59.4450,0.004363
59.4550,0.000000
59.4650,0.000000
59.4750,0.000000
59.4850,0.000000
59.4950,0.013321
59.5050,0.000000
59.5150,0.013925
59.5250,0.002472
59.5350,0.000000
59.5450,0.001899
59.5550,0.000000
59.5650,0.004057
59.5750,0.010190
59.5850,0.011890
59.5950,0.000000
59.6050,0.000000
59.6150,0.000000
59.6250,0.016616
59.6350,0.002652
59.6450,0.000000
59.6550,0.000000
59.6650,0.000000
59.6750,0.000000
59.6850,0.011227
59.6950,0.012151
59.7050,0.000000
59.7150,0.009038
59.7250,0.007809
59.7350,0.000000
59.7450,0.000000
59.7550,0.004090
59.7650,0.001959
59.7750,0.000000
59.7850,0.001574
59.7950,0.007635
59.8050,0.018955
59.8150,0.000000
59.8250,0.000000
59.8350,0.000000
59.8450,0.003495
59.8550,0.001164
59.8650,0.007252
59.8750,0.000000
59.8850,0.004762
59.8950,0.000000
59.9050,0.000000
59.9150,0.020496
59.9250,0.000000
59.9350,0.000000
59.9450,0.000000
59.9550,0.001837
59.9650,0.012579
59.9750,0.002036
59.9850,0.000000
59.9950,0.015941
60.0050,0.003969
60.0150,0.009845
60.0250,0.008606
60.0350,0.000000
60.0450,0.000000
60.0550,0.000000
60.0650,0.000000
60.0750,0.017848
60.0850,0.000000
60.0950,0.022944
60.1050,0.000000
60.1150,0.000000
60.1250,0.009529
60.1350,0.000000
60.1450,0.004182
60.1550,0.000000
60.1650,0.000000
60.1750,0.000000
60.1850,0.002909
60.1950,0.008527
60.2050,0.020274
60.2150,0.000000
60.2250,0.000000
60.2350,0.000000
60.2450,0.018857
60.2550,0.009588
60.2650,0.000000
60.2750,0.000000
60.2850,0.000000
60.2950,0.004422
60.3050,0.001352
60.3150,0.008026
60.3250,0.000000
60.3350,0.018811
60.3450,0.011406
60.3550,0.003172
60.3650,0.016087
60.3750,0.000000
60.3850,0.001529
60.3950,0.004305
60.4050,0.009985
60.4150,0.000000
60.4250,0.000000
60.4350,0.007890
60.4450,0.008921
60.4550,0.017539
60.4650,0.012555
60.4750,0.002799
60.4850,0.011743
60.4950,0.001340
60.5050,0.005633
60.5150,0.013525
60.5250,0.003560
60.5350,0.008564
60.5450,0.015873
60.5550,0.013002
60.5650,0.019376
60.5750,0.032635
60.5850,0.013248
60.5950,0.000000
60.6051,0.011196
60.6151,0.010801
60.6251,0.012659
60.6351,0.023360
60.6451,0.000000
60.6551,0.023831
60.6651,0.027994
60.6751,0.012729
60.6851,0.013142
60.6951,0.003262
60.7051,0.006362
60.7151,0.014787
60.7251,0.014140
60.7351,0.015312
60.7451,0.014310
60.7551,0.017697
60.7651,0.016483
60.7751,0.000000
60.7851,0.017285
60.7951,0.029729
60.8051,0.007234
60.8151,0.025676
60.8251,0.000000
60.8351,0.007582
60.8451,0.000374
60.8551,0.024748
60.8651,0.028013
60.8751,0.007266
60.8851,0.022639
60.8951,0.028524
60.9051,0.008452
60.9151,0.010534
60.9251,0.017911
60.9351,0.000000
60.9451,0.010691
60.9551,0.035214
60.9651,0.003632
60.9751,0.020010
60.9851,0.016181
60.9951,0.008062
61.0051,0.012819
61.0151,0.031323
61.0251,0.017067
61.0351,0.019074
61.0451,0.029899
61.0551,0.007349
61.0651,0.000000
61.0751,0.032308
61.0851,0.012859
61.0951,0.022077
61.1051,0.002340
61.1151,0.016283
61.1251,0.000000
61.1351,0.012653
61.1451,0.004247
61.1551,0.001625
61.1651,0.008653
61.1751,0.000000
61.1851,0.000000
61.1951,0.022083
61.2051,0.017000
61.2151,0.000073
61.2251,0.019672
61.2351,0.002694
61.2451,0.022031
61.2551,0.012115
61.2651,0.009736
61.2751,0.012680
61.2851,0.044623
61.2951,0.004938
61.3051,0.016898
61.3151,0.023692
61.3251,0.002902
61.3351,0.000000
61.3451,0.007510
61.3551,0.023973
61.3651,0.010891
61.3751,0.012358
61.3851,0.026197
61.3951,0.005728
61.4051,0.014476
61.4151,0.000000
61.4251,0.019663
61.4351,0.018705
61.4451,0.025634
61.4551,0.002481
61.4651,0.014059
61.4751,0.001157
61.4851,0.013683
61.4951,0.034555
61.5051,0.013062
61.5151,0.000657
61.5251,0.009027
61.5351,0.000000
61.5451,0.001912
61.5551,0.025651
61.5651,0.000381
61.5751,0.021622
61.5851,0.018321
61.5951,0.011772
61.6051,0.021017
61.6151,0.007175
61.6251,0.028656
61.6351,0.010324
61.6451,0.014206
61.6551,0.012917
61.6651,0.027393
61.6751,0.025792
61.6851,0.000000
61.6951,0.022587
61.7051,0.000000
61.7151,0.015718
61.7251,0.018655
61.7351,0.015868
61.7451,0.026242
61.7551,0.029012
61.7651,0.011229
61.7751,0.010933
61.7851,0.020358
61.7951,0.002405
61.8052,0.015346
61.8152,0.037386
61.8252,0.003273
61.8352,0.017408
61.8452,0.014521
61.8552,0.045832
61.8652,0.015455
61.8752,0.016292
61.8852,0.009821
61.8952,0.022442
61.9052,0.025713
61.9152,0.011982
61.9252,0.034617
61.9352,0.026146
61.9452,0.033257
61.9552,0.019237
61.9652,0.026234
61.9752,0.020900
61.9852,0.041090
61.9952,0.025135
62.0052,0.023986
62.0152,0.018523
62.0252,0.017972
62.0352,0.027158
62.0452,0.034282
62.0552,0.016374
62.0652,0.026249
62.0752,0.027082
62.0852,0.029314
62.0952,0.004666
62.1052,0.014201
62.1152,0.009050
62.1252,0.025977
62.1352,0.014913
62.1452,0.019912
62.1552,0.011678
62.1652,0.021313
62.1752,0.012805
62.1852,0.035532
62.1952,0.032330
62.2052,0.028525
62.2152,0.023242
62.2252,0.002556
62.2352,0.021653
62.2452,0.018157
62.2552,0.030405
62.2652,0.035018
62.2752,0.031620
62.2852,0.043024
62.2952,0.021192
62.3052,0.020838
62.3152,0.040753
62.3252,0.030437
62.3352,0.025622
62.3452,0.050888
62.3552,0.035807
62.3652,0.026732
62.3752,0.020931
62.3852,0.045225
62.3952,0.031935
62.4052,0.029889
62.4152,0.037855
62.4252,0.040445
62.4352,0.036627
62.4452,0.040781
62.4552,0.035735
62.4652,0.037122
62.4752,0.021828
62.4852,0.052477
62.4952,0.016094
62.5052,0.034756
62.5152,0.015147
62.5252,0.030156
62.5352,0.024623
62.5452,0.033253
62.5552,0.035871
62.5652,0.020440
62.5752,0.031708
62.5852,0.048931
62.5952,0.016606
62.6052,0.022250
62.6152,0.042974
62.6252,0.033722
62.6352,0.034751
62.6452,0.045351
62.6552,0.023701
62.6652,0.027144
62.6752,0.025811
62.6852,0.029491
62.6952,0.049890
62.7052,0.013549
62.7152,0.019778
62.7252,0.017868
62.7352,0.051223
62.7452,0.027177
62.7552,0.030777
62.7652,0.015469
62.7752,0.031843
62.7852,0.045537
62.7952,0.038322
62.8052,0.034139
62.8152,0.016803
62.8252,0.031794
62.8352,0.037640
62.8452,0.024123
62.8552,0.044031
62.8652,0.046941
62.8752,0.030125
62.8852,0.045327
62.8952,0.035448
62.9052,0.050679
62.9152,0.061471
62.9252,0.024086
62.9352,0.046592
62.9452,0.053167
62.9552,0.026008
62.9652,0.030903
62.9752,0.030917
62.9852,0.036509
62.9952,0.033975
63.0053,0.036021
63.0153,0.048606
63.0253,0.015949
63.0353,0.027162
63.0453,0.047037
63.0553,0.045781
63.0653,0.026594
63.0753,0.046163
63.0853,0.055519
63.0953,0.039158
63.1053,0.027801
63.1153,0.050546
63.1253,0.060873
63.1353,0.029713
63.1453,0.040968
63.1553,0.053729
63.1653,0.042182
63.1753,0.019980
63.1853,0.046419
63.1953,0.029503
63.2053,0.026151
63.2153,0.020818
63.2253,0.055986
63.2353,0.031836
63.2453,0.046004
63.2553,0.049102
63.2653,0.044248
63.2753,0.046016
63.2853,0.047181
63.2953,0.044417
63.3053,0.033790
63.3153,0.032871
63.3253,0.041955
63.3353,0.041853
63.3453,0.048670
63.3553,0.056890
63.3653,0.047950
63.3753,0.034244
63.3853,0.017953
63.3953,0.035052
63.4053,0.028298
63.4153,0.035820
63.4253,0.047644
63.4353,0.045902
63.4453,0.067340
63.4553,0.050992
63.4653,0.068258
63.4753,0.054082
63.4853,0.058682
63.4953,0.041500
63.5053,0.033066
63.5153,0.040726
63.5253,0.046124
63.5353,0.038882
63.5453,0.034560
63.5553,0.051730
63.5653,0.034817
63.5753,0.028633
63.5853,0.033724
63.5953,0.044531
63.6053,0.035606
63.6153,0.044914
63.6253,0.055011
63.6353,0.054853
63.6453,0.040184
63.6553,0.032621
63.6653,0.041516
63.6753,0.056446
63.6853,0.059403
63.6953,0.053122
63.7053,0.063460
63.7153,0.069948
63.7253,0.043554
63.7353,0.067346
63.7453,0.046536
63.7553,0.062056
63.7653,0.058477
63.7753,0.026405
63.7853,0.038690
63.7953,0.035785
63.8053,0.029212
63.8153,0.061304
63.8253,0.075733
63.8353,0.047972
63.8453,0.061470
63.8553,0.069192
63.8653,0.054033
63.8753,0.051385
63.8853,0.048897
63.8953,0.058453
63.9053,0.062655
63.9153,0.057857
63.9253,0.057602
63.9353,0.052015
63.9453,0.033671
63.9553,0.063716
63.9653,0.037685
63.9753,0.060690
63.9853,0.062484
63.9953,0.039887
64.0053,0.046436
64.0153,0.079345
64.0253,0.053092
64.0353,0.039561
64.0453,0.063971
64.0553,0.045247
64.0653,0.031631
64.0753,0.061072
64.0853,0.043994
64.0953,0.059006
64.1053,0.045558
64.1153,0.063955
64.1253,0.057829
64.1353,0.024715
64.1453,0.060529
64.1553,0.052626
64.1653,0.073263
64.1753,0.061164
64.1853,0.065654
64.1953,0.048213
64.2054,0.047418
64.2154,0.056750
64.2254,0.052890
64.2354,0.073433
64.2454,0.055697
64.2554,0.042999
64.2654,0.047925
64.2754,0.069597
64.2854,0.056169
64.2954,0.055688
64.3054,0.071219
64.3154,0.047679
64.3254,0.031995
64.3354,0.048743
64.3454,0.062043
64.3554,0.056304
64.3654,0.040734
64.3754,0.071813
64.3854,0.061743
64.3954,0.064610
64.4054,0.065138
64.4154,0.044682
64.4254,0.064060
64.4354,0.071476
64.4454,0.074432
64.4554,0.069565
64.4654,0.067229
64.4754,0.040384
64.4854,0.061216
64.4954,0.050078
64.5054,0.077105
64.5154,0.075445
64.5254,0.050636
64.5354,0.061653
64.5454,0.065350
64.5554,0.073339
64.5654,0.042585
64.5754,0.036340
64.5854,0.063475
64.5954,0.032803
64.6054,0.065246
64.6154,0.070613
64.6254,0.078502
64.6354,0.056362
64.6454,0.065930
64.6554,0.071977
64.6654,0.050214
64.6754,0.075470
64.6854,0.067942
64.6954,0.057548
64.7054,0.066674
64.7154,0.063469
64.7254,0.074666
64.7354,0.061144
64.7454,0.068359
64.7554,0.058347
64.7654,0.054708
64.7754,0.068185
64.7854,0.055530
64.7954,0.076063
64.8054,0.073727
64.8154,0.057604
64.8254,0.069516
64.8354,0.057879
64.8454,0.048029
64.8554,0.060279
64.8654,0.067007
64.8754,0.074033
64.8854,0.069736
64.8954,0.078999
64.9054,0.056499
64.9154,0.063918
64.9254,0.088337
64.9354,0.045598
64.9454,0.063513
64.9554,0.056245
64.9654,0.066924
64.9754,0.064222
64.9854,0.076828
64.9954,0.072835
65.0054,0.054268
65.0154,0.063044
65.0254,0.070267
65.0354,0.079308
65.0454,0.099798
65.0554,0.079203
65.0654,0.058787
65.0754,0.069978
65.0854,0.073443
65.0954,0.065206
65.1054,0.077250
65.1154,0.044518
65.1254,0.078580
65.1354,0.066393
65.1454,0.070961
65.1554,0.090034
65.1654,0.057476
65.1754,0.076055
65.1854,0.082478
65.1954,0.075163
65.2054,0.053917
65.2154,0.089661
65.2254,0.071089
65.2354,0.067463
65.2454,0.070237
65.2554,0.069546
65.2654,0.060019
65.2754,0.076449
65.2854,0.067472
65.2954,0.082859
65.3054,0.081189
65.3154,0.094656
65.3254,0.072778
65.3354,0.065848
65.3454,0.058020
65.3554,0.102147
65.3654,0.083943
65.3754,0.067858
65.3854,0.096656
65.3954,0.092782
65.4055,0.060463
65.4155,0.067807
65.4255,0.075432
65.4355,0.064350
65.4455,0.076203
65.4555,0.086076
65.4655,0.061224
65.4755,0.081391
65.4855,0.092068
65.4955,0.083020
65.5055,0.077481
65.5155,0.070543
65.5255,0.088702
65.5355,0.064781
65.5455,0.081989
65.5555,0.079554
65.5655,0.092927
65.5755,0.072599
65.5855,0.073791
65.5955,0.065034
65.6055,0.085356
65.6155,0.075196
65.6255,0.070109
65.6355,0.071425
65.6455,0.087245
65.6555,0.067737
65.6655,0.068976
65.6755,0.092075
65.6855,0.079499
65.6955,0.093131
65.7055,0.077527
65.7155,0.081999
65.7255,0.084062
65.7355,0.099007
65.7455,0.098204
65.7555,0.096547
65.7655,0.075336
65.7755,0.071214
65.7855,0.092360
65.7955,0.099926
65.8055,0.097533
65.8155,0.083910
65.8255,0.092662
65.8355,0.093048
65.8455,0.086065
65.8555,0.086762
65.8655,0.085807
65.8755,0.075346
65.8855,0.076746
65.8955,0.076736
65.9055,0.066139
65.9155,0.087219
65.9255,0.085194
65.9355,0.095000
65.9455,0.101161
65.9555,0.102100
65.9655,0.103406
65.9755,0.077476
65.9855,0.069554
65.9955,0.098082
66.0055,0.103676
66.0155,0.105939
66.0255,0.093263
66.0355,0.063660
66.0455,0.092184
66.0555,0.094640
66.0655,0.103176
66.0755,0.105484
66.0855,0.099422
66.0955,0.081636
66.1055,0.076512
66.1155,0.095446
66.1255,0.079707
66.1355,0.107096
66.1455,0.069117
66.1555,0.096553
66.1655,0.093763
66.1755,0.087626
66.1855,0.079184
66.1955,0.065722
66.2055,0.084265
66.2155,0.084654
66.2255,0.104341
66.2355,0.081784
66.2455,0.096791
66.2555,0.076030
66.2655,0.097479
66.2755,0.065043
66.2855,0.117218
66.2955,0.090562
66.3055,0.058900
66.3155,0.084001
66.3255,0.082286
66.3355,0.085104
66.3455,0.088778
66.3555,0.085382
66.3655,0.083717
66.3755,0.079790
66.3855,0.103736
66.3955,0.108469
66.4055,0.091181
66.4155,0.094206
66.4255,0.081082
66.4355,0.095631
66.4455,0.097720
66.4555,0.092509
66.4655,0.100076
66.4755,0.099209
66.4855,0.083036
66.4955,0.110184
66.5055,0.093558
66.5155,0.116338
66.5255,0.101458
66.5355,0.120247
66.5455,0.110881
66.5555,0.099686
66.5655,0.088465
66.5755,0.088906
66.5855,0.103904
66.5955,0.099408
66.6056,0.090805
66.6156,0.108053
66.6256,0.098704
66.6356,0.108491
66.6456,0.086900
66.6556,0.110783
66.6656,0.104985
66.6756,0.113527
66.6856,0.111069
66.6956,0.098504
66.7056,0.097723
66.7156,0.121288
66.7256,0.096589
66.7356,0.109242
66.7456,0.095868
66.7556,0.078287
66.7656,0.086086
66.7756,0.105870
66.7856,0.109597
66.7956,0.106279
66.8056,0.115305
66.8156,0.106434
66.8256,0.092621
66.8356,0.109241
66.8456,0.104330
66.8556,0.095574
66.8656,0.108336
66.8756,0.103804
66.8856,0.095778
66.8956,0.101090
66.9056,0.120373
66.9156,0.120167
66.9256,0.106041
66.9356,0.104656
66.9456,0.086959
66.9556,0.124975
66.9656,0.116966
66.9756,0.113740
66.9856,0.077607
66.9956,0.105582
67.0056,0.103752
67.0156,0.113659
67.0256,0.100240
67.0356,0.103060
67.0456,0.113461
67.0556,0.096933
67.0656,0.099515
67.0756,0.108912
67.0856,0.122842
67.0956,0.116670
67.1056,0.120062
67.1156,0.108105
67.1256,0.125475
67.1356,0.086829
67.1456,0.132179
67.1556,0.133922
67.1656,0.113769
67.1756,0.118466
67.1856,0.108212
67.1956,0.106343
67.2056,0.101717
67.2156,0.108649
67.2256,0.116098
67.2356,0.114655
67.2456,0.133646
67.2556,0.111200
67.2656,0.092321
67.2756,0.130109
67.2856,0.095916
67.2956,0.104046
67.3056,0.114210
67.3156,0.116146
67.3256,0.093986
67.3356,0.102564
67.3456,0.093944
67.3556,0.119365
67.3656,0.126296
67.3756,0.097625
67.3856,0.124427
67.3956,0.123840
67.4056,0.104954
67.4156,0.089264
67.4256,0.100392
67.4356,0.106296
67.4456,0.132131
67.4556,0.112404
67.4656,0.101934
67.4756,0.115983
67.4856,0.098857
67.4956,0.120767
67.5056,0.103056
67.5156,0.104990
67.5256,0.119680
67.5356,0.136370
67.5456,0.141934
67.5556,0.103276
67.5656,0.108789
67.5756,0.122328
67.5856,0.130361
67.5956,0.090561
67.6056,0.117772
67.6156,0.111073
67.6256,0.094025
67.6356,0.101262
67.6456,0.110689
67.6556,0.118403
67.6656,0.129989
67.6756,0.122339
67.6856,0.129653
67.6956,0.118798
67.7056,0.110214
67.7156,0.116663
67.7256,0.127410
67.7356,0.131651
67.7456,0.117681
67.7556,0.108502
67.7656,0.123876
67.7756,0.125780
67.7856,0.135033
67.7956,0.112292
67.8057,0.112620
67.8157,0.129904
67.8257,0.116138
67.8357,0.115828
67.8457,0.136471
67.8557,0.105166
67.8657,0.146490
67.8757,0.114661
67.8857,0.132611
67.8957,0.121103
67.9057,0.125862
67.9157,0.119650
67.9257,0.133281
67.9357,0.119032
67.9457,0.116523
67.9557,0.145357
67.9657,0.124148
67.9757,0.115886
67.9857,0.106309
67.9957,0.146779
68.0057,0.117968
68.0157,0.149532
68.0257,0.129775
68.0357,0.126903
68.0457,0.127426
68.0557,0.152179
68.0657,0.099481
68.0757,0.128559
68.0857,0.123005
68.0957,0.123830
68.1057,0.128379
68.1157,0.123593
68.1257,0.129246
68.1357,0.126906
68.1457,0.111627
68.1557,0.132167
68.1657,0.136385
68.1757,0.121488
68.1857,0.150609
68.1957,0.144422
68.2057,0.138725
68.2157,0.138781
68.2257,0.129362
68.2357,0.142899
68.2457,0.148253
68.2557,0.139303
68.2657,0.122965
68.2757,0.129535
68.2857,0.137098
68.2957,0.140469
68.3057,0.129689
68.3157,0.124020
68.3257,0.150035
68.3357,0.118360
68.3457,0.120135
68.3557,0.115709
68.3657,0.120516
68.3757,0.147010
68.3857,0.147616
68.3957,0.131561
68.4057,0.138609
68.4157,0.132732
68.4257,0.118758
68.4357,0.159884
68.4457,0.149968
68.4557,0.137929
68.4657,0.123610
68.4757,0.131386
68.4857,0.125981
68.4957,0.135666
68.5057,0.138420
68.5157,0.130813
68.5257,0.117659
68.5357,0.160902
68.5457,0.138373
68.5557,0.141208
68.5657,0.130866
68.5757,0.117397
68.5857,0.135348
68.5957,0.132675
68.6057,0.145275
68.6157,0.147840
68.6257,0.146355
68.6357,0.149240
68.6457,0.159232
68.6557,0.142474
68.6657,0.151193
68.6757,0.144137
68.6857,0.115618
68.6957,0.136772
68.7057,0.128421
68.7157,0.141819
68.7257,0.129758
68.7357,0.146726
68.7457,0.151439
68.7557,0.154318
68.7657,0.159515
68.7757,0.120180
68.7857,0.126113
68.7957,0.175844
68.8057,0.153034
68.8157,0.143822
68.8257,0.141723
68.8357,0.140866
68.8457,0.118553
68.8557,0.132700
68.8657,0.140835
68.8757,0.133797
68.8857,0.135576
68.8957,0.173513
68.9057,0.139999
68.9157,0.146567
68.9257,0.146351
68.9357,0.150725
68.9457,0.138135
68.9557,0.159037
68.9657,0.149607
68.9757,0.129050
68.9857,0.143418
68.9957,0.142854
69.0058,0.142513
69.0158,0.151455
69.0258,0.153172
69.0358,0.151968
69.0458,0.150047
69.0558,0.147220
69.0658,0.120591
69.0758,0.155953
69.0858,0.152691
69.0958,0.135227
69.1058,0.150624
69.1158,0.155246
69.1258,0.161739
69.1358,0.154021
69.1458,0.151971
69.1558,0.159687
69.1658,0.144861
69.1758,0.153697
69.1858,0.141514
69.1958,0.162506
69.2058,0.130080
69.2158,0.159412
69.2258,0.150039
69.2358,0.161626
69.2458,0.140890
69.2558,0.151551
69.2658,0.151414
69.2758,0.156109
69.2858,0.138547
69.2958,0.158968
69.3058,0.129399
69.3158,0.143752
69.3258,0.133229
69.3358,0.162137
69.3458,0.157216
69.3558,0.158104
69.3658,0.170527
69.3758,0.149274
69.3858,0.160597
69.3958,0.154292
69.4058,0.152682
69.4158,0.169614
69.4258,0.179134
69.4358,0.149192
69.4458,0.164592
69.4558,0.158635
69.4658,0.158997
69.4758,0.158208
69.4858,0.151463
69.4958,0.112659
69.5058,0.174315
69.5158,0.147780
69.5258,0.153437
69.5358,0.153911
69.5458,0.147368
69.5558,0.159876
69.5658,0.156681
69.5758,0.148834
69.5858,0.159444
69.5958,0.157476
69.6058,0.169226
69.6158,0.142228
69.6258,0.148868
69.6358,0.167457
69.6458,0.151297
69.6558,0.148354
69.6658,0.152333
69.6758,0.158425
69.6858,0.158692
69.6958,0.157560
69.7058,0.147959
69.7158,0.169801
69.7258,0.176660
69.7358,0.138042
69.7458,0.142546
69.7558,0.173446
69.7658,0.180471
69.7758,0.136306
69.7858,0.171864
69.7958,0.181956
69.8058,0.152176
69.8158,0.181704
69.8258,0.160835
69.8358,0.166970
69.8458,0.154787
69.8558,0.175654
69.8658,0.173879
69.8758,0.184786
69.8858,0.181601
69.8958,0.164428
69.9058,0.202063
69.9158,0.181197
69.9258,0.171698
69.9358,0.153471
69.9458,0.147301
69.9558,0.148546
69.9658,0.154908
69.9758,0.182865
69.9858,0.172408
69.9958,0.159428
70.0058,0.165384
70.0158,0.164148
70.0258,0.177068
70.0358,0.157148
70.0458,0.172116
70.0558,0.171747
70.0658,0.158187
70.0758,0.187656
70.0858,0.165280
70.0958,0.157141
70.1058,0.179516
70.1158,0.170163
70.1258,0.174638
70.1358,0.155749
70.1458,0.179942
70.1558,0.196490
70.1658,0.155495
70.1758,0.175128
70.1858,0.161682
70.1958,0.203610
70.2059,0.186439
70.2159,0.175178
70.2259,0.157287
70.2359,0.160418
70.2459,0.181436
70.2559,0.156360
70.2659,0.156967
70.2759,0.173276
70.2859,0.175001
70.2959,0.178191
70.3059,0.168586
70.3159,0.185133
70.3259,0.163980
70.3359,0.182072
70.3459,0.177353
70.3559,0.182222
70.3659,0.189430
70.3759,0.170013
70.3859,0.167776
70.3959,0.155680
70.4059,0.151944
70.4159,0.174293
70.4259,0.175346
70.4359,0.163836
70.4459,0.166648
70.4559,0.195616
70.4659,0.188077
70.4759,0.162661
70.4859,0.172725
70.4959,0.183138
70.5059,0.170982
70.5159,0.169029
70.5259,0.174908
70.5359,0.192289
70.5459,0.193612
70.5559,0.170844
70.5659,0.185430
70.5759,0.180061
70.5859,0.168274
70.5959,0.177043
70.6059,0.165672
70.6159,0.195034
70.6259,0.199942
70.6359,0.176621
70.6459,0.173995
70.6559,0.194675
70.6659,0.196849
70.6759,0.169119
70.6859,0.180951
70.6959,0.182257
70.7059,0.173951
70.7159,0.188069
70.7259,0.175275
70.7359,0.177428
70.7459,0.182932
70.7559,0.166517
70.7659,0.159946
70.7759,0.195880
70.7859,0.176215
70.7959,0.210955
70.8059,0.209236
70.8159,0.179735
70.8259,0.214120
70.8359,0.197541
70.8459,0.178785
70.8559,0.155785
70.8659,0.195264
70.8759,0.187621
70.8859,0.192661
70.8959,0.184978
70.9059,0.174238
70.9159,0.183080
70.9259,0.196924
70.9359,0.184432
70.9459,0.184600
70.9559,0.170932
70.9659,0.190500
70.9759,0.176303
70.9859,0.200910
70.9959,0.181319
71.0059,0.186821
71.0159,0.216579
71.0259,0.187174
71.0359,0.185808
71.0459,0.198364
71.0559,0.170156
71.0659,0.206831
71.0759,0.203991
71.0859,0.198600
71.0959,0.152024
71.1059,0.189679
71.1159,0.177760
71.1259,0.206767
71.1359,0.206152
71.1459,0.198421
71.1559,0.179571
71.1659,0.212184
71.1759,0.191350
71.1859,0.216405
71.1959,0.198170
71.2059,0.201312
71.2159,0.189951
71.2259,0.212603
71.2359,0.203266
71.2459,0.213525
71.2559,0.198586
71.2659,0.196136
71.2759,0.204088
71.2859,0.214503
71.2959,0.209639
71.3059,0.199343
71.3159,0.175644
71.3259,0.207902
71.3359,0.181160
71.3459,0.199091
71.3559,0.197529
71.3659,0.182152
71.3759,0.203883
71.3859,0.225512
71.3959,0.196157
71.4060,0.209346
71.4160,0.228672
71.4260,0.211003
71.4360,0.193162
71.4460,0.203993
71.4560,0.207167
71.4660,0.218852
71.4760,0.216464
71.4860,0.168906
71.4960,0.192120
71.5060,0.201804
71.5160,0.190710
71.5260,0.158742
71.5360,0.194686
71.5460,0.203600
71.5560,0.197591
71.5660,0.192181
71.5760,0.204893
71.5860,0.208764
71.5960,0.199274
71.6060,0.221610
71.6160,0.206093
71.6260,0.195194
71.6360,0.192409
71.6460,0.203600
71.6560,0.219769
71.6660,0.196776
71.6760,0.214063
71.6860,0.208300
71.6960,0.231337
71.7060,0.212354
71.7160,0.199545
71.7260,0.217014
71.7360,0.217671
71.7460,0.203920
71.7560,0.194970
71.7660,0.215625
71.7760,0.210209
71.7860,0.191502
71.7960,0.213010
71.8060,0.202566
71.8160,0.192278
71.8260,0.206495
71.8360,0.226370
71.8460,0.225728
71.8560,0.222847
71.8660,0.214973
71.8760,0.219148
71.8860,0.213438
71.8960,0.199250
71.9060,0.201901
71.9160,0.205737
71.9260,0.230097
71.9360,0.226458
71.9460,0.200836
71.9560,0.214693
71.9660,0.209478
71.9760,0.212706
71.9860,0.208393
71.9960,0.231951
72.0060,0.215114
72.0160,0.218194
72.0260,0.218549
72.0360,0.203784
72.0460,0.217679
72.0560,0.229383
72.0660,0.234567
72.0760,0.203380
72.0860,0.199190
72.0960,0.218419
72.1060,0.231244
72.1160,0.222509
72.1260,0.226618
72.1360,0.202392
72.1460,0.212112
72.1560,0.192883
72.1660,0.217788
72.1760,0.193788
72.1860,0.236012
72.1960,0.238940
72.2060,0.222231
72.2160,0.202655
72.2260,0.225576
72.2360,0.243640
72.2460,0.227302
72.2560,0.236075
72.2660,0.216296
72.2760,0.211927
72.2860,0.221794
72.2960,0.199788
72.3060,0.250341
72.3160,0.225111
72.3260,0.234101
72.3360,0.218426
72.3460,0.205711
72.3560,0.241603
72.3660,0.211268
72.3760,0.229209
72.3860,0.230605
72.3960,0.226440
72.4060,0.216403
72.4160,0.224288
72.4260,0.214949
72.4360,0.236326
72.4460,0.233741
72.4560,0.226892
72.4660,0.220595
72.4760,0.252970
72.4860,0.212324
72.4960,0.209681
72.5060,0.227499
72.5160,0.225654
72.5260,0.242190
72.5360,0.237040
72.5460,0.229909
72.5560,0.235827
72.5660,0.235877
72.5760,0.255603
72.5860,0.233669
72.5960,0.222725
72.6061,0.233549
72.6161,0.200012
72.6261,0.231314
72.6361,0.245092
72.6461,0.239472
72.6561,0.236099
72.6661,0.240577
72.6761,0.246296
72.6861,0.250430
72.6961,0.238968
72.7061,0.230076
72.7161,0.206379
72.7261,0.246150
72.7361,0.240866
72.7461,0.236788
72.7561,0.226971
72.7661,0.247082
72.7761,0.232686
72.7861,0.235632
72.7961,0.235646
72.8061,0.241989
72.8161,0.223081
72.8261,0.243888
72.8361,0.228761
72.8461,0.229455
72.8561,0.248582
72.8661,0.226293
72.8761,0.249109
72.8861,0.239999
72.8961,0.219278
72.9061,0.255706
72.9161,0.243330
72.9261,0.244612
72.9361,0.252245
72.9461,0.258424
72.9561,0.243122
72.9661,0.248393
72.9761,0.245716
72.9861,0.237424
72.9961,0.222814
73.0061,0.244671
73.0161,0.258916
73.0261,0.249646
73.0361,0.230115
73.0461,0.256372
73.0561,0.239766
73.0661,0.218653
73.0761,0.256251
73.0861,0.232970
73.0961,0.265962
73.1061,0.258645
73.1161,0.242417
73.1261,0.250942
73.1361,0.274797
73.1461,0.257989
73.1561,0.249127
73.1661,0.281219
73.1761,0.248240
73.1861,0.254092
73.1961,0.236156
73.2061,0.227575
73.2161,0.244499
73.2261,0.248695
73.2361,0.252466
73.2461,0.231760
73.2561,0.257007
73.2661,0.239396
73.2761,0.256948
73.2861,0.261145
73.2961,0.245462
73.3061,0.238925
73.3161,0.269298
73.3261,0.261532
73.3361,0.253163
73.3461,0.269237
73.3561,0.252888
73.3661,0.244710
73.3761,0.240398
73.3861,0.251383
73.3961,0.262190
73.4061,0.269856
73.4161,0.253705
73.4261,0.268221
73.4361,0.251328
73.4461,0.244752
73.4561,0.238683
73.4661,0.248508
73.4761,0.239578
73.4861,0.279132
73.4961,0.260502
73.5061,0.254292
73.5161,0.276308
73.5261,0.240218
73.5361,0.254397
73.5461,0.280233
73.5561,0.254699
73.5661,0.285977
73.5761,0.266227
73.5861,0.272651
73.5961,0.273177
73.6061,0.257352
73.6161,0.251646
73.6261,0.256288
73.6361,0.245996
73.6461,0.257210
73.6561,0.258109
73.6661,0.278590
73.6761,0.265593
73.6861,0.286977
73.6961,0.232860
73.7061,0.244317
73.7161,0.254801
73.7261,0.277117
73.7361,0.258031
73.7461,0.241869
73.7561,0.256675
73.7661,0.245378
73.7761,0.243155
73.7861,0.283992
73.7961,0.255912
73.8062,0.262332
73.8162,0.259260
73.8262,0.257476
73.8362,0.250523
73.8462,0.256998
73.8562,0.264885
73.8662,0.277973
73.8762,0.272427
73.8862,0.246536
73.8962,0.273133
73.9062,0.267079
73.9162,0.253979
73.9262,0.263760
73.9362,0.268541
73.9462,0.262334
73.9562,0.267627
73.9662,0.251602
73.9762,0.285963
73.9862,0.238988
73.9962,0.269162
74.0062,0.266716
74.0162,0.270115
74.0262,0.253983
74.0362,0.276597
74.0462,0.261351
74.0562,0.248492
74.0662,0.249667
74.0762,0.264379
74.0862,0.243799
74.0962,0.284638
74.1062,0.275692
74.1162,0.285099
74.1262,0.283905
74.1362,0.259094
74.1462,0.252953
74.1562,0.231319
74.1662,0.258643
74.1762,0.284770
74.1862,0.253712
74.1962,0.261190
74.2062,0.257115
74.2162,0.268330
74.2262,0.279323
74.2362,0.245478
74.2462,0.247832
74.2562,0.281901
74.2662,0.272914
74.2762,0.261059
74.2862,0.284710
74.2962,0.247897
74.3062,0.275504
74.3162,0.263561
74.3262,0.271709
74.3362,0.235833
74.3462,0.261399
74.3562,0.273416
74.3662,0.263861
74.3762,0.279731
74.3862,0.279374
74.3962,0.253254
74.4062,0.274688
74.4162,0.252931
74.4262,0.265533
74.4362,0.272800
74.4462,0.254943
74.4562,0.274450
74.4662,0.258982
74.4762,0.258116
74.4862,0.273602
74.4962,0.255128
74.5062,0.254554
74.5162,0.277726
74.5262,0.266570
74.5362,0.247853
74.5462,0.275604
74.5562,0.260491
74.5662,0.248567
74.5762,0.235348
74.5862,0.276308
74.5962,0.255180
74.6062,0.250603
74.6162,0.273233
74.6262,0.275259
74.6362,0.256174
74.6462,0.276599
74.6562,0.290335
74.6662,0.281864
74.6762,0.280024
74.6862,0.269527
74.6962,0.260460
74.7062,0.265139
74.7162,0.271125
74.7262,0.250771
74.7362,0.256653
74.7462,0.248777
74.7562,0.268756
74.7662,0.266953
74.7762,0.258147
74.7862,0.275848
74.7962,0.253489
74.8062,0.257768
74.8162,0.275434
74.8262,0.277235
74.8362,0.256561
74.8462,0.268915
74.8562,0.256805
74.8662,0.263802
74.8762,0.267915
74.8862,0.272933
74.8962,0.270038
74.9062,0.269523
74.9162,0.253322
74.9262,0.270941
74.9362,0.272912
74.9462,0.274583
74.9562,0.257699
74.9662,0.277336
74.9762,0.250559
74.9862,0.261212
74.9962,0.263091
75.0063,0.251264
75.0163,0.262940
75.0263,0.269101
75.0363,0.244549
75.0463,0.261736
75.0563,0.245506
75.0663,0.290999
75.0763,0.269064
75.0863,0.268038
75.0963,0.269326
75.1063,0.273808
75.1163,0.278305
75.1263,0.247817
75.1363,0.282314
75.1463,0.281554
75.1563,0.265820
75.1663,0.265203
75.1763,0.229406
75.1863,0.251723
75.1963,0.272888
75.2063,0.281080
75.2163,0.275430
75.2263,0.265786
75.2363,0.289815
75.2463,0.278777
75.2563,0.261999
75.2663,0.292920
75.2763,0.253591
75.2863,0.249092
75.2963,0.261711
75.3063,0.257669
75.3163,0.262403
75.3263,0.276368
75.3363,0.266392
75.3463,0.266709
75.3563,0.267523
75.3663,0.239078
75.3763,0.248651
75.3863,0.262218
75.3963,0.256735
75.4063,0.264076
75.4163,0.283715
75.4263,0.265979
75.4363,0.251014
75.4463,0.257370
75.4563,0.287421
75.4663,0.285291
75.4763,0.274059
75.4863,0.248165
75.4963,0.270604
75.5063,0.271533
75.5163,0.267241
75.5263,0.260101
75.5363,0.262596
75.5463,0.259277
75.5563,0.253219
75.5663,0.283358
75.5763,0.277559
75.5863,0.263558
75.5963,0.271209
75.6063,0.271665
75.6163,0.295108
75.6263,0.277470
75.6363,0.277022
75.6463,0.267465
75.6563,0.261802
75.6663,0.283612
75.6763,0.274852
75.6863,0.257075
75.6963,0.272481
75.7063,0.277087
75.7163,0.241893
75.7263,0.255979
75.7363,0.271405
75.7463,0.243963
75.7563,0.245867
75.7663,0.263820
75.7763,0.272968
75.7863,0.273527
75.7963,0.286066
75.8063,0.268068
75.8163,0.262613
75.8263,0.251401
75.8363,0.262477
75.8463,0.275587
75.8563,0.276133
75.8663,0.270279
75.8763,0.273672
75.8863,0.282427
75.8963,0.268017
75.9063,0.283525
75.9163,0.258401
75.9263,0.266244
75.9363,0.261357
75.9463,0.276642
75.9563,0.254959
75.9663,0.263275
75.9763,0.244823
75.9863,0.274274
75.9963,0.282106
76.0063,0.278076
76.0163,0.276901
76.0263,0.277225
76.0363,0.275552
76.0463,0.274531
76.0563,0.275307
76.0663,0.259295
76.0763,0.264763
76.0863,0.268011
76.0963,0.263142
76.1063,0.248377
76.1163,0.252355
76.1263,0.269937
76.1363,0.278049
76.1463,0.267294
76.1563,0.300362
76.1663,0.256149
76.1763,0.272527
76.1863,0.282684
76.1963,0.279980
76.2064,0.275055
76.2164,0.280039
76.2264,0.267863
76.2364,0.287154
76.2464,0.282599
76.2564,0.256977
76.2664,0.271064
76.2764,0.248639
76.2864,0.285470
76.2964,0.269901
76.3064,0.283397
76.3164,0.265901
76.3264,0.244940
76.3364,0.298865
76.3464,0.268791
76.3564,0.255217
76.3664,0.280971
76.3764,0.291653
76.3864,0.264795
76.3964,0.266035
76.4064,0.270084
76.4164,0.253897
76.4264,0.258942
76.4364,0.288614
76.4464,0.265646
76.4564,0.257183
76.4664,0.261811
76.4764,0.280110
76.4864,0.243527
76.4964,0.270295
76.5064,0.296787
76.5164,0.291614
76.5264,0.274121
76.5364,0.283041
76.5464,0.282926
76.5564,0.265735
76.5664,0.278344
76.5764,0.288711
76.5864,0.252084
76.5964,0.274170
76.6064,0.271589
76.6164,0.268490
76.6264,0.267428
76.6364,0.270034
76.6464,0.271041
76.6564,0.280679
76.6664,0.272975
76.6764,0.265123
76.6864,0.257179
76.6964,0.261590
76.7064,0.270394
76.7164,0.258788
76.7264,0.278612
76.7364,0.272423
76.7464,0.280985
76.7564,0.259598
76.7664,0.257292
76.7764,0.280898
76.7864,0.268826
76.7964,0.264837
76.8064,0.275651
76.8164,0.275206
76.8264,0.252200
76.8364,0.283885
76.8464,0.262345
76.8564,0.287671
76.8664,0.251269
76.8764,0.271081
76.8864,0.265045
76.8964,0.243571
76.9064,0.275173
76.9164,0.244187
76.9264,0.263775
76.9364,0.280527
76.9464,0.260916
76.9564,0.256432
76.9664,0.276882
76.9764,0.264284
76.9864,0.262418
76.9964,0.282579
77.0064,0.253272
77.0164,0.261765
77.0264,0.277678
77.0364,0.252497
77.0464,0.288586
77.0564,0.264680
77.0664,0.277777
77.0764,0.277752
77.0864,0.265456
77.0964,0.261535
77.1064,0.266768
77.1164,0.275837
77.1264,0.255448
77.1364,0.252846
77.1464,0.285096
77.1564,0.258468
77.1664,0.271535
77.1764,0.264860
77.1864,0.265393
77.1964,0.284452
77.2064,0.266266
77.2164,0.263006
77.2264,0.264052
77.2364,0.261247
77.2464,0.259248
77.2564,0.261296
77.2664,0.287248
77.2764,0.275828
77.2864,0.263148
77.2964,0.279071
77.3064,0.248245
77.3164,0.283800
77.3264,0.282834
77.3364,0.294128
77.3464,0.279431
77.3564,0.272539
77.3664,0.282786
77.3764,0.259783
77.3864,0.262548
77.3964,0.266523
77.4065,0.283720
77.4165,0.257024
77.4265,0.255750
77.4365,0.270133
77.4465,0.275905
77.4565,0.258858
77.4665,0.275340
77.4765,0.283716
77.4865,0.281701
77.4965,0.271535
77.5065,0.266209
77.5165,0.288124
77.5265,0.267481
77.5365,0.278581
77.5465,0.290796
77.5565,0.277320
77.5665,0.255332
77.5765,0.252429
77.5865,0.263726
77.5965,0.275812
77.6065,0.272636
77.6165,0.293783
77.6265,0.272519
77.6365,0.263369
77.6465,0.253699
77.6565,0.281464
77.6665,0.267226
77.6765,0.249226
77.6865,0.267567
77.6965,0.255351
77.7065,0.262192
77.7165,0.267374
77.7265,0.256438
77.7365,0.261449
77.7465,0.258371
77.7565,0.258693
77.7665,0.255204
77.7765,0.261508
77.7865,0.256564
77.7965,0.274340
77.8065,0.269711
77.8165,0.281638
77.8265,0.289942
77.8365,0.275429
77.8465,0.272697
77.8565,0.276186
77.8665,0.272901
77.8765,0.267904
77.8865,0.266950
77.8965,0.255042
77.9065,0.277369
77.9165,0.266927
77.9265,0.284697
77.9365,0.278284
77.9465,0.259791
77.9565,0.282263
77.9665,0.236574
77.9765,0.290466
77.9865,0.251242
77.9965,0.273245
78.0065,0.272432
78.0165,0.280788
78.0265,0.263359
78.0365,0.241557
78.0465,0.263376
78.0565,0.264674
78.0665,0.242713
78.0765,0.267848
78.0865,0.254394
78.0965,0.275093
78.1065,0.264351
78.1165,0.290837
78.1265,0.264230
78.1365,0.272469
78.1465,0.264748
78.1565,0.247825
78.1665,0.264848
78.1765,0.276346
78.1865,0.274529
78.1965,0.263786
78.2065,0.249824
78.2165,0.275038
78.2265,0.272339
78.2365,0.277426
78.2465,0.264016
78.2565,0.247093
78.2665,0.273710
78.2765,0.267195
78.2865,0.284005
78.2965,0.267650
78.3065,0.266760
78.3165,0.272312
78.3265,0.260142
78.3365,0.259564
78.3465,0.266131
78.3565,0.256261
78.3665,0.264557
78.3765,0.290580
78.3865,0.279817
78.3965,0.271002
78.4065,0.285926
78.4165,0.257407
78.4265,0.297191
78.4365,0.261780
78.4465,0.291352
78.4565,0.291299
78.4665,0.246267
78.4765,0.284911
78.4865,0.263899
78.4965,0.260491
78.5065,0.273602
78.5165,0.255211
78.5265,0.273330
78.5365,0.256017
78.5465,0.269431
78.5565,0.283331
78.5665,0.271945
78.5765,0.262989
78.5865,0.273803
78.5965,0.250429
78.6066,0.257240
78.6166,0.262143
78.6266,0.276749
78.6366,0.272176
78.6466,0.273729
78.6566,0.266978
78.6666,0.257850
78.6766,0.285164
78.6866,0.258933
78.6966,0.272335
78.7066,0.265962
78.7166,0.274063
78.7266,0.260041
78.7366,0.279939
78.7466,0.283846
78.7566,0.279203
78.7666,0.269199
78.7766,0.262086
78.7866,0.301172
78.7966,0.255408
78.8066,0.277882
78.8166,0.271301
78.8266,0.266557
78.8366,0.269529
78.8466,0.261185
78.8566,0.272432
78.8666,0.271109
78.8766,0.299439
78.8866,0.280157
78.8966,0.273498
78.9066,0.274214
78.9166,0.289382
78.9266,0.255662
78.9366,0.265115
78.9466,0.244422
78.9566,0.274013
78.9666,0.277486
78.9766,0.255360
78.9866,0.284528
78.9966,0.258681
79.0066,0.263198
79.0166,0.268742
79.0266,0.286438
79.0366,0.257009
79.0466,0.270803
79.0566,0.276606
79.0666,0.274129
79.0766,0.274572
79.0866,0.276446
79.0966,0.260651
79.1066,0.287561
79.1166,0.265974
79.1266,0.264382
79.1366,0.283479
79.1466,0.259741
79.1566,0.271151
79.1666,0.258634
79.1766,0.297539
79.1866,0.295012
79.1966,0.265985
79.2066,0.273546
79.2166,0.267370
79.2266,0.263125
79.2366,0.268743
79.2466,0.266821
79.2566,0.249060
79.2666,0.270464
79.2766,0.266800
79.2866,0.271054
79.2966,0.266378
79.3066,0.262984
79.3166,0.277807
79.3266,0.273706
79.3366,0.284061
79.3466,0.273245
79.3566,0.264937
79.3666,0.274709
79.3766,0.243541
79.3866,0.292552
79.3966,0.270601
79.4066,0.293521
79.4166,0.256876
79.4266,0.253896
79.4366,0.271698
79.4466,0.271658
79.4566,0.271367
79.4666,0.269538
79.4766,0.259771
79.4866,0.249484
79.4966,0.270706
79.5066,0.251917
79.5166,0.250784
79.5266,0.262741
79.5366,0.272476
79.5466,0.291161
79.5566,0.279059
79.5666,0.284507
79.5766,0.275152
79.5866,0.271710
79.5966,0.297378
79.6066,0.251434
79.6166,0.262349
79.6266,0.263286
79.6366,0.278031
79.6466,0.255563
79.6566,0.276469
79.6666,0.274264
79.6766,0.277068
79.6866,0.276851
79.6966,0.285768
79.7066,0.266718
79.7166,0.273670
79.7266,0.258470
79.7366,0.255731
79.7466,0.288486
79.7566,0.257563
79.7666,0.275004
79.7766,0.273681
79.7866,0.281408
79.7966,0.247410
79.8067,0.278003
79.8167,0.266612
79.8267,0.260109
79.8367,0.264298
79.8467,0.279750
79.8567,0.276083
79.8667,0.265773
79.8767,0.253639
79.8867,0.254486
79.8967,0.276345
79.9067,0.251975
79.9167,0.265890
79.9267,0.299481
79.9367,0.272823
79.9467,0.276215
79.9567,0.254576
79.9667,0.252581
79.9767,0.276858
79.9867,0.263920
79.9967,0.281392
80.0067,0.269026
80.0167,0.309985
80.0267,0.261640
80.0367,0.271978
80.0467,0.257779
80.0567,0.280893
80.0667,0.273794
80.0767,0.256974
80.0867,0.264701
80.0967,0.284970
80.1067,0.283529
80.1167,0.251536
80.1267,0.262917
80.1367,0.290365
80.1467,0.266502
80.1567,0.270709
80.1667,0.280832
80.1767,0.252522
80.1867,0.257232
80.1967,0.264624
80.2067,0.282964
80.2167,0.280746
80.2267,0.277146
80.2367,0.266838
80.2467,0.282063
80.2567,0.266677
80.2667,0.275444
80.2767,0.279453
80.2867,0.288870
80.2967,0.267832
80.3067,0.264157
80.3167,0.284049
80.3267,0.284971
80.3367,0.261988
80.3467,0.255248
80.3567,0.283137
80.3667,0.248808
80.3767,0.248195
80.3867,0.265289
80.3967,0.268538
80.4067,0.254589
80.4167,0.269971
80.4267,0.270506
80.4367,0.261544
80.4467,0.291710
80.4567,0.272466
80.4667,0.280850
80.4767,0.249834
80.4867,0.249730
80.4967,0.272829
80.5067,0.289567
80.5167,0.255189
80.5267,0.269029
80.5367,0.252487
80.5467,0.258685
80.5567,0.269626
80.5667,0.261397
80.5767,0.251642
80.5867,0.251373
80.5967,0.244676
80.6067,0.273027
80.6167,0.274479
80.6267,0.274419
80.6367,0.256398
80.6467,0.279380
80.6567,0.275790
80.6667,0.267396
80.6767,0.265426
80.6867,0.259519
80.6967,0.269614
80.7067,0.286715
80.7167,0.280963
80.7267,0.264234
80.7367,0.273772
80.7467,0.254091
80.7567,0.276069
80.7667,0.257338
80.7767,0.275592
80.7867,0.302937
80.7967,0.260468
80.8067,0.302382
80.8167,0.273196
80.8267,0.258313
80.8367,0.257763
80.8467,0.295688
80.8567,0.273224
80.8667,0.260515
80.8767,0.264867
80.8867,0.272478
80.8967,0.267204
80.9067,0.271459
80.9167,0.288592
80.9267,0.253773
80.9367,0.275044
80.9467,0.266434
80.9567,0.261320
80.9667,0.280175
80.9767,0.249771
80.9867,0.238911
80.9967,0.270003
81.0068,0.265650
81.0168,0.251074
81.0268,0.246782
81.0368,0.290476
81.0468,0.272865
81.0568,0.267544
81.0668,0.293651
81.0768,0.279573
81.0868,0.288540
81.0968,0.253149
81.1068,0.252700
81.1168,0.274713
81.1268,0.272282
81.1368,0.282304
81.1468,0.247739
81.1568,0.275752
81.1668,0.279180
81.1768,0.278543
81.1868,0.262428
81.1968,0.273532
81.2068,0.258001
81.2168,0.263793
81.2268,0.254793
81.2368,0.258204
81.2468,0.264417
81.2568,0.261417
81.2668,0.258203
81.2768,0.251713
81.2868,0.290842
81.2968,0.261302
81.3068,0.271268
81.3168,0.246201
81.3268,0.283600
81.3368,0.269314
81.3468,0.261982
81.3568,0.262087
81.3668,0.277741
81.3768,0.231871
81.3868,0.257418
81.3968,0.265879
81.4068,0.265741
81.4168,0.297372
81.4268,0.263257
81.4368,0.279191
81.4468,0.289048
81.4568,0.275356
81.4668,0.259223
81.4768,0.251895
81.4868,0.276254
81.4968,0.287049
81.5068,0.273860
81.5168,0.282110
81.5268,0.298412
81.5368,0.277357
81.5468,0.254101
81.5568,0.267921
81.5668,0.283751
81.5768,0.264323
81.5868,0.285377
81.5968,0.266505
81.6068,0.271321
81.6168,0.263100
81.6268,0.269223
81.6368,0.269858
81.6468,0.248006
81.6568,0.262009
81.6668,0.252510
81.6768,0.262423
81.6868,0.257767
81.6968,0.279450
81.7068,0.279589
81.7168,0.274032
81.7268,0.252097
81.7368,0.266131
81.7468,0.251142
81.7568,0.265541
81.7668,0.275078
81.7768,0.279214
81.7868,0.272983
81.7968,0.282410
81.8068,0.270426
81.8168,0.264506
81.8268,0.277792
81.8368,0.278186
81.8468,0.261018
81.8568,0.271856
81.8668,0.263777
81.8768,0.243205
81.8868,0.272590
81.8968,0.251774
81.9068,0.271247
81.9168,0.248885
81.9268,0.258672
81.9368,0.262105
81.9468,0.281729
81.9568,0.260906
81.9668,0.254409
81.9768,0.271681
81.9868,0.264705
81.9968,0.276795
82.0068,0.255166
82.0168,0.269839
82.0268,0.296943
82.0368,0.264437
82.0468,0.269549
82.0568,0.247376
82.0668,0.257073
82.0768,0.272825
82.0868,0.263350
82.0968,0.274682
82.1068,0.272408
82.1168,0.251492
82.1268,0.279492
82.1368,0.252396
82.1468,0.258129
82.1568,0.270062
82.1668,0.286113
82.1768,0.255262
82.1868,0.269081
82.1968,0.269181
82.2069,0.275197
82.2169,0.281517
82.2269,0.262460
82.2369,0.279451
82.2469,0.283272
82.2569,0.288716
82.2669,0.273332
82.2769,0.269198
82.2869,0.261613
82.2969,0.249801
82.3069,0.263973
82.3169,0.268657
82.3269,0.265995
82.3369,0.274481
82.3469,0.249858
82.3569,0.265125
82.3669,0.291246
82.3769,0.279256
82.3869,0.274703
82.3969,0.271997
82.4069,0.262923
82.4169,0.246260
82.4269,0.272794
82.4369,0.237927
82.4469,0.263402
82.4569,0.267265
82.4669,0.261942
82.4769,0.293365
82.4869,0.289201
82.4969,0.279702
82.5069,0.256205
82.5169,0.290365
82.5269,0.274736
82.5369,0.256005
82.5469,0.267701
82.5569,0.278811
82.5669,0.260122
82.5769,0.268995
82.5869,0.271106
82.5969,0.254098
82.6069,0.264067
82.6169,0.255003
82.6269,0.277732
82.6369,0.256412
82.6469,0.270810
82.6569,0.250627
82.6669,0.253707
82.6769,0.253126
82.6869,0.263834
82.6969,0.269473
82.7069,0.271686
82.7169,0.246042
82.7269,0.265285
82.7369,0.258302
82.7469,0.273719
82.7569,0.264097
82.7669,0.266339
82.7769,0.258369
82.7869,0.288004
82.7969,0.251906
82.8069,0.262512
82.8169,0.268600
82.8269,0.264292
82.8369,0.258141
82.8469,0.245568
82.8569,0.259010
82.8669,0.255796
82.8769,0.287459
82.8869,0.294485
82.8969,0.266699
82.9069,0.250451
82.9169,0.276165
82.9269,0.255536
82.9369,0.260718
82.9469,0.259762
82.9569,0.261302
82.9669,0.263052
82.9769,0.251546
82.9869,0.258884
82.9969,0.279548
83.0069,0.266906
83.0169,0.268812
83.0269,0.240522
83.0369,0.278682
83.0469,0.259082
83.0569,0.280796
83.0669,0.269160
83.0769,0.260564
83.0869,0.247175
83.0969,0.293407
83.1069,0.276947
83.1169,0.277665
83.1269,0.289134
83.1369,0.269998
83.1469,0.283537
83.1569,0.261566
83.1669,0.276159
83.1769,0.259747
83.1869,0.261262
83.1969,0.268473
83.2069,0.252100
83.2169,0.271262
83.2269,0.263565
83.2369,0.243458
83.2469,0.261817
83.2569,0.263168
83.2669,0.277543
83.2769,0.270731
83.2869,0.284678
83.2969,0.273550
83.3069,0.260661
83.3169,0.266608
83.3269,0.263132
83.3369,0.273164
83.3469,0.268026
83.3569,0.259766
83.3669,0.267412
83.3769,0.272843
83.3869,0.255231
83.3969,0.271113
83.4070,0.248364
83.4170,0.280575
83.4270,0.273635
83.4370,0.286860
83.4470,0.253909
83.4570,0.280910
83.4670,0.278538
83.4770,0.265122
83.4870,0.262789
83.4970,0.254287
83.5070,0.251159
83.5170,0.258294
83.5270,0.252239
83.5370,0.286457
83.5470,0.249284
83.5570,0.269095
83.5670,0.272537
83.5770,0.271598
83.5870,0.272652
83.5970,0.278665
83.6070,0.261957
83.6170,0.268359
83.6270,0.263786
83.6370,0.282939
83.6470,0.292507
83.6570,0.252981
83.6670,0.242935
83.6770,0.274138
83.6870,0.280153
83.6970,0.290792
83.7070,0.276163
83.7170,0.284058
83.7270,0.287229
83.7370,0.284886
83.7470,0.277882
83.7570,0.251922
83.7670,0.267208
83.7770,0.270909
83.7870,0.266111
83.7970,0.266851
83.8070,0.286115
83.8170,0.258227
83.8270,0.276897
83.8370,0.271106
83.8470,0.257018
83.8570,0.254389
83.8670,0.246893
83.8770,0.273135
83.8870,0.266550
83.8970,0.257399
83.9070,0.244795
83.9170,0.272501
83.9270,0.265224
83.9370,0.258744
83.9470,0.255740
83.9570,0.264446
83.9670,0.272948
83.9770,0.263349
83.9870,0.253046
83.9970,0.266611
84.0070,0.279855
84.0170,0.267792
84.0270,0.268130
84.0370,0.263400
84.0470,0.256633
84.0570,0.256234
84.0670,0.247366
84.0770,0.281483
84.0870,0.272858
84.0970,0.268298
84.1070,0.270855
84.1170,0.271383
84.1270,0.258494
84.1370,0.263405
84.1470,0.261618
84.1570,0.297446
84.1670,0.279551
84.1770,0.269323
84.1870,0.283700
84.1970,0.282185
84.2070,0.250742
84.2170,0.264634
84.2270,0.267113
84.2370,0.274647
84.2470,0.264621
84.2570,0.266126
84.2670,0.261772
84.2770,0.279896
84.2870,0.249988
84.2970,0.262180
84.3070,0.245184
84.3170,0.254953
84.3270,0.271115
84.3370,0.271342
84.3470,0.263550
84.3570,0.280796
84.3670,0.283557
84.3770,0.266478
84.3870,0.270314
84.3970,0.261878
84.4070,0.274831
84.4170,0.252980
84.4270,0.288859
84.4370,0.280988
84.4470,0.252921
84.4570,0.257840
84.4670,0.272363
84.4770,0.263249
84.4870,0.273844
84.4970,0.262996
84.5070,0.285606
84.5170,0.267408
84.5270,0.296355
84.5370,0.274541
84.5470,0.251116
84.5570,0.292346
84.5670,0.280493
84.5770,0.271870
84.5870,0.275068
84.5970,0.253040
84.6071,0.245656
84.6171,0.266807
84.6271,0.283854
84.6371,0.272057
84.6471,0.287819
84.6571,0.283163
84.6671,0.267556
84.6771,0.281514
84.6871,0.285580
84.6971,0.266346
84.7071,0.264743
84.7171,0.268994
84.7271,0.238366
84.7371,0.270674
84.7471,0.275954
84.7571,0.269043
84.7671,0.271445
84.7771,0.266787
84.7871,0.243344
84.7971,0.287260
84.8071,0.262895
84.8171,0.259895
84.8271,0.283604
84.8371,0.279053
84.8471,0.270585
84.8571,0.276541
84.8671,0.253449
84.8771,0.266338
84.8871,0.282846
84.8971,0.259183
84.9071,0.255329
84.9171,0.268252
84.9271,0.268533
84.9371,0.275079
84.9471,0.250771
84.9571,0.236716
84.9671,0.278363
84.9771,0.254313
84.9871,0.259989
84.9971,0.241110
85.0071,0.279583
85.0171,0.271513
85.0271,0.271031
85.0371,0.270950
85.0471,0.242587
85.0571,0.255487
85.0671,0.261888
85.0771,0.258324
85.0871,0.264050
85.0971,0.270263
85.1071,0.279386
85.1171,0.249546
85.1271,0.267202
85.1371,0.275847
85.1471,0.256220
85.1571,0.264995
85.1671,0.272907
85.1771,0.267443
85.1871,0.275399
85.1971,0.268445
85.2071,0.263566
85.2171,0.253236
85.2271,0.270275
85.2371,0.268508
85.2471,0.255395
85.2571,0.274293
85.2671,0.282524
85.2771,0.259387
85.2871,0.258577
85.2971,0.258139
85.3071,0.247165
85.3171,0.291362
85.3271,0.261922
85.3371,0.257007
85.3471,0.253787
85.3571,0.262653
85.3671,0.258966
85.3771,0.284565
85.3871,0.252324
85.3971,0.248846
85.4071,0.273930
85.4171,0.266022
85.4271,0.264633
85.4371,0.274024
85.4471,0.268949
85.4571,0.266747
85.4671,0.250441
85.4771,0.247291
85.4871,0.258903
85.4971,0.254296
85.5071,0.270539
85.5171,0.245724
85.5271,0.261943
85.5371,0.265232
85.5471,0.266833
85.5571,0.272096
85.5671,0.263390
85.5771,0.259299
85.5871,0.282242
85.5971,0.263468
85.6071,0.284338
85.6171,0.263407
85.6271,0.267113
85.6371,0.265644
85.6471,0.270083
85.6571,0.262270
85.6671,0.268462
85.6771,0.285678
85.6871,0.279895
85.6971,0.279977
85.7071,0.251205
85.7171,0.253147
85.7271,0.269922
85.7371,0.276557
85.7471,0.261079
85.7571,0.258937
85.7671,0.284035
85.7771,0.275539
85.7871,0.280004
85.7971,0.262011
85.8072,0.261068
85.8172,0.278695
85.8272,0.264156
85.8372,0.259978
85.8472,0.256350
85.8572,0.261173
85.8672,0.277810
85.8772,0.249193
85.8872,0.274857
85.8972,0.258810
85.9072,0.264785
85.9172,0.265554
85.9272,0.264660
85.9372,0.263863
85.9472,0.261976
85.9572,0.260451
85.9672,0.283146
85.9772,0.267609
85.9872,0.265797
85.9972,0.259573
86.0072,0.262413
86.0172,0.259614
86.0272,0.276493
86.0372,0.258265
86.0472,0.240354
86.0572,0.268008
86.0672,0.263956
86.0772,0.260279
86.0872,0.278247
86.0972,0.234506
86.1072,0.286223
86.1172,0.279965
86.1272,0.259772
86.1372,0.261899
86.1472,0.273361
86.1572,0.273683
86.1672,0.259702
86.1772,0.247907
86.1872,0.292673
86.1972,0.278782
86.2072,0.269191
86.2172,0.269418
86.2272,0.274764
86.2372,0.276201
86.2472,0.242272
86.2572,0.263098
86.2672,0.261851
86.2772,0.265371
86.2872,0.276558
86.2972,0.245828
86.3072,0.251119
86.3172,0.259128
86.3272,0.269161
86.3372,0.277294
86.3472,0.286884
86.3572,0.263872
86.3672,0.277274
86.3772,0.275830
86.3872,0.273809
86.3972,0.267017
86.4072,0.262514
86.4172,0.254524
86.4272,0.253729
86.4372,0.271473
86.4472,0.266655
86.4572,0.262322
86.4672,0.275286
86.4772,0.264903
86.4872,0.256350
86.4972,0.264111
86.5072,0.277156
86.5172,0.255026
86.5272,0.269820
86.5372,0.266643
86.5472,0.258179
86.5572,0.263788
86.5672,0.248448
86.5772,0.268624
86.5872,0.250932
86.5972,0.280178
86.6072,0.266205
86.6172,0.260447
86.6272,0.281235
86.6372,0.254926
86.6472,0.258336
86.6572,0.245358
86.6672,0.283022
86.6772,0.289777
86.6872,0.247209
86.6972,0.257487
86.7072,0.268093
86.7172,0.261042
86.7272,0.266824
86.7372,0.265754
86.7472,0.272016
86.7572,0.255549
86.7672,0.269344
86.7772,0.253586
86.7872,0.261979
86.7972,0.246019
86.8072,0.261940
86.8172,0.259851
86.8272,0.277973
86.8372,0.265861
86.8472,0.267961
86.8572,0.266135
86.8672,0.240766
86.8772,0.242259
86.8872,0.262301
86.8972,0.269368
86.9072,0.263103
86.9172,0.255445
86.9272,0.262819
86.9372,0.261664
86.9472,0.274820
86.9572,0.274027
86.9672,0.258586
86.9772,0.264501
86.9872,0.268285
86.9972,0.269933
87.0073,0.284533
87.0173,0.264225
87.0273,0.278446
87.0373,0.250356
87.0473,0.256478
87.0573,0.238350
87.0673,0.265643
87.0773,0.271442
87.0873,0.232850
87.0973,0.265613
87.1073,0.270442
87.1173,0.269593
87.1273,0.248508
87.1373,0.271966
87.1473,0.262628
87.1573,0.269434
87.1673,0.260655
87.1773,0.266559
87.1873,0.275116
87.1973,0.259174
87.2073,0.264846
87.2173,0.276247
87.2273,0.259462
87.2373,0.247365
87.2473,0.268789
87.2573,0.277700
87.2673,0.275750
87.2773,0.268666
87.2873,0.231755
87.2973,0.252053
87.3073,0.252464
87.3173,0.259812
87.3273,0.279325
87.3373,0.245891
87.3473,0.285553
87.3573,0.253847
87.3673,0.249018
87.3773,0.268148
87.3873,0.268881
87.3973,0.265370
87.4073,0.248118
87.4173,0.263155
87.4273,0.244506
87.4373,0.247118
87.4473,0.255321
87.4573,0.246394
87.4673,0.268639
87.4773,0.248839
87.4873,0.252902
87.4973,0.244754
87.5073,0.267535
87.5173,0.246856
87.5273,0.268319
87.5373,0.267202
87.5473,0.248791
87.5573,0.254261
87.5673,0.247981
87.5773,0.259975
87.5873,0.250851
87.5973,0.247933
87.6073,0.253254
87.6173,0.233470
87.6273,0.251301
87.6373,0.259761
87.6473,0.253376
87.6573,0.262892
87.6673,0.246696
87.6773,0.245463
87.6873,0.237317
87.6973,0.245605
87.7073,0.273813
87.7173,0.253277
87.7273,0.242691
87.7373,0.237390
87.7473,0.230027
87.7573,0.238989
87.7673,0.257809
87.7773,0.243317
87.7873,0.236687
87.7973,0.237749
87.8073,0.255462
87.8173,0.246434
87.8273,0.239624
87.8373,0.243189
87.8473,0.273100
87.8573,0.261003
87.8673,0.263730
87.8773,0.224819
87.8873,0.243768
87.8973,0.237580
87.9073,0.251580
87.9173,0.257507
87.9273,0.248442
87.9373,0.233790
87.9473,0.236062
87.9573,0.251175
87.9673,0.252102
87.9773,0.244886
87.9873,0.244485
87.9973,0.243261
88.0073,0.245621
88.0173,0.250715
88.0273,0.249416
88.0373,0.241868
88.0473,0.240727
88.0573,0.239999
88.0673,0.231412
88.0773,0.230989
88.0873,0.246762
88.0973,0.231410
88.1073,0.249460
88.1173,0.238805
88.1273,0.248985
88.1373,0.246521
88.1473,0.248720
88.1573,0.232616
88.1673,0.242967
88.1773,0.246642
88.1873,0.218898
88.1973,0.257661
88.2074,0.264158
88.2174,0.248060
88.2274,0.246090
88.2374,0.243210
88.2474,0.231989
88.2574,0.234274
88.2674,0.246894
88.2774,0.223368
88.2874,0.222043
88.2974,0.229729
88.3074,0.242097
88.3174,0.223555
88.3274,0.230966
88.3374,0.232115
88.3474,0.220977
88.3574,0.203567
88.3674,0.220250
88.3774,0.235423
88.3874,0.237850
88.3974,0.237672
88.4074,0.238779
88.4174,0.223671
88.4274,0.220824
88.4374,0.235136
88.4474,0.227818
88.4574,0.240967
88.4674,0.234382
88.4774,0.244935
88.4874,0.223666
88.4974,0.241787
88.5074,0.253116
88.5174,0.229068
88.5274,0.234138
88.5374,0.216703
88.5474,0.238322
88.5574,0.240865
88.5674,0.221106
88.5774,0.233797
88.5874,0.229852
88.5974,0.230899
88.6074,0.235677
88.6174,0.231883
88.6274,0.223712
88.6374,0.235103
88.6474,0.238169
88.6574,0.217900
88.6674,0.224253
88.6774,0.202773
88.6874,0.230725
88.6974,0.238123
88.7074,0.220081
88.7174,0.224494
88.7274,0.219974
88.7374,0.217734
88.7474,0.224851
88.7574,0.212378
88.7674,0.218689
88.7774,0.210382
88.7874,0.228030
88.7974,0.223556
88.8074,0.215235
88.8174,0.220579
88.8274,0.217210
88.8374,0.233310
88.8474,0.214016
88.8574,0.226654
88.8674,0.210296
88.8774,0.228254
88.8874,0.230656
88.8974,0.230948
88.9074,0.235311
88.9174,0.220894
88.9274,0.231966
88.9374,0.236326
88.9474,0.203097
88.9574,0.209049
88.9674,0.198065
88.9774,0.228473
88.9874,0.197364
88.9974,0.193834
89.0074,0.201750
89.0174,0.193786
89.0274,0.217638
89.0374,0.201084
89.0474,0.193543
89.0574,0.213051
89.0674,0.213486
89.0774,0.190570
89.0874,0.204171
89.0974,0.211567
89.1074,0.207909
89.1174,0.207965
89.1274,0.225798
89.1374,0.237133
89.1474,0.207344
89.1574,0.194969
89.1674,0.207745
89.1774,0.212621
89.1874,0.209379
89.1974,0.217075
89.2074,0.236019
89.2174,0.188648
89.2274,0.202850
89.2374,0.227159
89.2474,0.202130
89.2574,0.217599
89.2674,0.215426
89.2774,0.222428
89.2874,0.230276
89.2974,0.211043
89.3074,0.185827
89.3174,0.198103
89.3274,0.232472
89.3374,0.189000
89.3474,0.211664
89.3574,0.175260
89.3674,0.188951
89.3774,0.215541
89.3874,0.205061
89.3974,0.199844
89.4075,0.194322
89.4175,0.179868
89.4275,0.211880
89.4375,0.199895
89.4475,0.184763
89.4575,0.203121
89.4675,0.209467
89.4775,0.199818
89.4875,0.203352
89.4975,0.202151
89.5075,0.192947
89.5175,0.201814
89.5275,0.209720
89.5375,0.213047
89.5475,0.209855
89.5575,0.192000
89.5675,0.207471
89.5775,0.205158
89.5875,0.190791
89.5975,0.193472
89.6075,0.206936
89.6175,0.215038
89.6275,0.176512
89.6375,0.217669
89.6475,0.211695
89.6575,0.199851
89.6675,0.194310
89.6775,0.201621
89.6875,0.188987
89.6975,0.194279
89.7075,0.178448
89.7175,0.174988
89.7275,0.223612
89.7375,0.196120
89.7475,0.197546
89.7575,0.194471
89.7675,0.184646
89.7775,0.190633
89.7875,0.195152
89.7975,0.191437
89.8075,0.184510
89.8175,0.199030
89.8275,0.195276
89.8375,0.197471
89.8475,0.200957
89.8575,0.190191
89.8675,0.189951
89.8775,0.209508
89.8875,0.180132
89.8975,0.168718
89.9075,0.197609
89.9175,0.183132
89.9275,0.177498
89.9375,0.200791
89.9475,0.188173
89.9575,0.174490
89.9675,0.212615
89.9775,0.169810
89.9875,0.187841
89.9975,0.165953
90.0075,0.191615
90.0175,0.180418
90.0275,0.197686
90.0375,0.187390
90.0475,0.203550
90.0575,0.181930
90.0675,0.167577
90.0775,0.189426
90.0875,0.183290
90.0975,0.164235
90.1075,0.173147
90.1175,0.176711
90.1275,0.203967
90.1375,0.193537
90.1475,0.180621
90.1575,0.190191
90.1675,0.159813
90.1775,0.177254
90.1875,0.188592
90.1975,0.185511
90.2075,0.176802
90.2175,0.182562
90.2275,0.186826
90.2375,0.182404
90.2475,0.192596
90.2575,0.185837
90.2675,0.187896
90.2775,0.202072
90.2875,0.191188
90.2975,0.201898
90.3075,0.172693
90.3175,0.161396
90.3275,0.178571
90.3375,0.177296
90.3475,0.197266
90.3575,0.165943
90.3675,0.178307
90.3775,0.183866
90.3875,0.179956
90.3975,0.176447
90.4075,0.182559
90.4175,0.190956
90.4275,0.196187
90.4375,0.177903
90.4475,0.167471
90.4575,0.195427
90.4675,0.163833
90.4775,0.198004
90.4875,0.192399
90.4975,0.193895
90.5075,0.184000
90.5175,0.150178
90.5275,0.162812
90.5375,0.178717
90.5475,0.166680
90.5575,0.170758
90.5675,0.181649
90.5775,0.172010
90.5875,0.159175
90.5975,0.184186
90.6076,0.179491
90.6176,0.170079
90.6276,0.181358
90.6376,0.173718
90.6476,0.188309
90.6576,0.173903
90.6676,0.187731
90.6776,0.149116
90.6876,0.176867
90.6976,0.166338
90.7076,0.160560
90.7176,0.184527
90.7276,0.181051
90.7376,0.146062
90.7476,0.178482
90.7576,0.176784
90.7676,0.160735
90.7776,0.159145
90.7876,0.149840
90.7976,0.164635
90.8076,0.166314
90.8176,0.177766
90.8276,0.171193
90.8376,0.155000
90.8476,0.170345
90.8576,0.164189
90.8676,0.155779
90.8776,0.147682
90.8876,0.174014
90.8976,0.171633
90.9076,0.172717
90.9176,0.157057
90.9276,0.167610
90.9376,0.148813
90.9476,0.153239
90.9576,0.165244
90.9676,0.167749
90.9776,0.144816
90.9876,0.151433
90.9976,0.159500
91.0076,0.175149
91.0176,0.153652
91.0276,0.164858
91.0376,0.165878
91.0476,0.159700
91.0576,0.165675
91.0676,0.146083
91.0776,0.154116
91.0876,0.178961
91.0976,0.179569
91.1076,0.171391
91.1176,0.174244
91.1276,0.138892
91.1376,0.149183
91.1476,0.156599
91.1576,0.189084
91.1676,0.156104
91.1776,0.168565
91.1876,0.163932
91.1976,0.163430
91.2076,0.158639
91.2176,0.144287
91.2276,0.126039
91.2376,0.173601
91.2476,0.150587
91.2576,0.135346
91.2676,0.162774
91.2776,0.162310
91.2876,0.166266
91.2976,0.170207
91.3076,0.145558
91.3176,0.145853
91.3276,0.152296
91.3376,0.165748
91.3476,0.130424
91.3576,0.156962
91.3676,0.166378
91.3776,0.165651
91.3876,0.163232
91.3976,0.167254
91.4076,0.121301
91.4176,0.173397
91.4276,0.157770
91.4376,0.169590
91.4476,0.139248
91.4576,0.132068
91.4676,0.174320
91.4776,0.141535
91.4876,0.148694
91.4976,0.158524
91.5076,0.161240
91.5176,0.164677
91.5276,0.154187
91.5376,0.138626
91.5476,0.159529
91.5576,0.159491
91.5676,0.128812
91.5776,0.167388
91.5876,0.120291
91.5976,0.162321
91.6076,0.142071
91.6176,0.157919
91.6276,0.155347
91.6376,0.148552
91.6476,0.154184
91.6576,0.147507
91.6676,0.156885
91.6776,0.174314
91.6876,0.131769
91.6976,0.109380
91.7076,0.142424
91.7176,0.141378
91.7276,0.142430
91.7376,0.135618
91.7476,0.156979
91.7576,0.129708
91.7676,0.151468
91.7776,0.153496
91.7876,0.149407
91.7976,0.151231
91.8077,0.156552
91.8177,0.145579
91.8277,0.140554
91.8377,0.150325
91.8477,0.151469
91.8577,0.154717
91.8677,0.123269
91.8777,0.141392
91.8877,0.130587
91.8977,0.149880
91.9077,0.151646
91.9177,0.139410
91.9277,0.133729
91.9377,0.149421
91.9477,0.140437
91.9577,0.158931
91.9677,0.162867
91.9777,0.153379
91.9877,0.143941
91.9977,0.162834
92.0077,0.143595
92.0177,0.134735
92.0277,0.132160
92.0377,0.131602
92.0477,0.139747
92.0577,0.145160
92.0677,0.122401
92.0777,0.133775
92.0877,0.141497
92.0977,0.146446
92.1077,0.138192
92.1177,0.141218
92.1277,0.123202
92.1377,0.126904
92.1477,0.136896
92.1577,0.143534
92.1677,0.139965
92.1777,0.126785
92.1877,0.133914
92.1977,0.154676
92.2077,0.142847
92.2177,0.134148
92.2277,0.123571
92.2377,0.127103
92.2477,0.135525
92.2577,0.138540
92.2677,0.141798
92.2777,0.139450
92.2877,0.130135
92.2977,0.128228
92.3077,0.158708
92.3177,0.127251
92.3277,0.118212
92.3377,0.113832
92.3477,0.129042
92.3577,0.144344
92.3677,0.125938
92.3777,0.150364
92.3877,0.132331
92.3977,0.145518
92.4077,0.122896
92.4177,0.122867
92.4277,0.132652
92.4377,0.137135
92.4477,0.128983
92.4577,0.134426
92.4677,0.137764
92.4777,0.113442
92.4877,0.126183
92.4977,0.123837
92.5077,0.124206
92.5177,0.134517
92.5277,0.123364
92.5377,0.105148
92.5477,0.126158
92.5577,0.116010
92.5677,0.134527
92.5777,0.138027
92.5877,0.102048
92.5977,0.118643
92.6077,0.131963
92.6177,0.110604
92.6277,0.136691
92.6377,0.139679
92.6477,0.124932
92.6577,0.117378
92.6677,0.098727
92.6777,0.136011
92.6877,0.150063
92.6977,0.147370
92.7077,0.123272
92.7177,0.112289
92.7277,0.135243
92.7377,0.123459
92.7477,0.130509
92.7577,0.128195
92.7677,0.125468
92.7777,0.136485
92.7877,0.136722
92.7977,0.117452
92.8077,0.112438
92.8177,0.093317
92.8277,0.118944
92.8377,0.109770
92.8477,0.127712
92.8577,0.118443
92.8677,0.119536
92.8777,0.131801
92.8877,0.126617
92.8977,0.120242
92.9077,0.141671
92.9177,0.130085
92.9277,0.116030
92.9377,0.116358
92.9477,0.130066
92.9577,0.122833
92.9677,0.106739
92.9777,0.130723
92.9877,0.134867
92.9977,0.133750
93.0078,0.137881
93.0178,0.143992
93.0278,0.139715
93.0378,0.122838
93.0478,0.116044
93.0578,0.096384
93.0678,0.118265
93.0778,0.124159
93.0878,0.118247
93.0978,0.094861
93.1078,0.113876
93.1178,0.124855
93.1278,0.104595
93.1378,0.118690
93.1478,0.121678
93.1578,0.129710
93.1678,0.136642
93.1778,0.111353
93.1878,0.117888
93.1978,0.118061
93.2078,0.123069
93.2178,0.121523
93.2278,0.131971
93.2378,0.086692
93.2478,0.119482
93.2578,0.120112
93.2678,0.111238
93.2778,0.086690
93.2878,0.112924
93.2978,0.104927
93.3078,0.133388
93.3178,0.117554
93.3278,0.103303
93.3378,0.088016
93.3478,0.119534
93.3578,0.120599
93.3678,0.109455
93.3778,0.119088
93.3878,0.107464
93.3978,0.124249
93.4078,0.123154
93.4178,0.091374
93.4278,0.094099
93.4378,0.135017
93.4478,0.121628
93.4578,0.095093
93.4678,0.091198
93.4778,0.112336
93.4878,0.095936
93.4978,0.105644
93.5078,0.108678
93.5178,0.107961
93.5278,0.122366
93.5378,0.130666
93.5478,0.102703
93.5578,0.094684
93.5678,0.112720
93.5778,0.127433
93.5878,0.102819
93.5978,0.117664
93.6078,0.097216
93.6178,0.107319
93.6278,0.092923
93.6378,0.106799
93.6478,0.105075
93.6578,0.113573
93.6678,0.127415
93.6778,0.101215
93.6878,0.081688
93.6978,0.103063
93.7078,0.108884
93.7178,0.107518
93.7278,0.103010
93.7378,0.122556
93.7478,0.106142
93.7578,0.103054
93.7678,0.094784
93.7778,0.082960
93.7878,0.107676
93.7978,0.106475
93.8078,0.090623
93.8178,0.102608
93.8278,0.101219
93.8378,0.095257
93.8478,0.093037
93.8578,0.107223
93.8678,0.099458
93.8778,0.094882
93.8878,0.091439
93.8978,0.100026
93.9078,0.112486
93.9178,0.103678
93.9278,0.098159
93.9378,0.104513
93.9478,0.116991
93.9578,0.106310
93.9678,0.103354
93.9778,0.107701
93.9878,0.097950
93.9978,0.101863
94.0078,0.093594
94.0178,0.080662
94.0278,0.103191
94.0378,0.103045
94.0478,0.095240
94.0578,0.110931
94.0678,0.089650
94.0778,0.076861
94.0878,0.089561
94.0978,0.079243
94.1078,0.101600
94.1178,0.088328
94.1278,0.108978
94.1378,0.108536
94.1478,0.085680
94.1578,0.086892
94.1678,0.102812
94.1778,0.107967
94.1878,0.071867
94.1978,0.099209
94.2079,0.069267
94.2179,0.088867
94.2279,0.108383
94.2379,0.131187
94.2479,0.092014
94.2579,0.079725
94.2679,0.088340
94.2779,0.095105
94.2879,0.086081
94.2979,0.082837
94.3079,0.088624
94.3179,0.098304
94.3279,0.091336
94.3379,0.082602
94.3479,0.084952
94.3579,0.087838
94.3679,0.080624
94.3779,0.083943
94.3879,0.099965
94.3979,0.089290
94.4079,0.070824
94.4179,0.103978
94.4279,0.096492
94.4379,0.074707
94.4479,0.086733
94.4579,0.081426
94.4679,0.098867
94.4779,0.086098
94.4879,0.089498
94.4979,0.087914
94.5079,0.072237
94.5179,0.106677
94.5279,0.097574
94.5379,0.080472
94.5479,0.091557
94.5579,0.100759
94.5679,0.089553
94.5779,0.107379
94.5879,0.123527
94.5979,0.086815
94.6079,0.081153
94.6179,0.076085
94.6279,0.061210
94.6379,0.102566
94.6479,0.083162
94.6579,0.097724
94.6679,0.099953
94.6779,0.073880
94.6879,0.075498
94.6979,0.107420
94.7079,0.085459
94.7179,0.078192
94.7279,0.073390
94.7379,0.084051
94.7479,0.103660
94.7579,0.093608
94.7679,0.087380
94.7779,0.104079
94.7879,0.101583
94.7979,0.088660
94.8079,0.117782
94.8179,0.081316
94.8279,0.097280
94.8379,0.079205
94.8479,0.094573
94.8579,0.080576
94.8679,0.088911
94.8779,0.111875
94.8879,0.094434
94.8979,0.088552
94.9079,0.073352
94.9179,0.084726
94.9279,0.070190
94.9379,0.092749
94.9479,0.092266
94.9579,0.079587
94.9679,0.101525
94.9779,0.099656
94.9879,0.082997
94.9979,0.087807
95.0079,0.073779
95.0179,0.077394
95.0279,0.067544
95.0379,0.074560
95.0479,0.078868
95.0579,0.060016
95.0679,0.086683
95.0779,0.091847
95.0879,0.079307
95.0979,0.046856
95.1079,0.076008
95.1179,0.062144
95.1279,0.071371
95.1379,0.095931
95.1479,0.049115
95.1579,0.068354
95.1679,0.087927
95.1779,0.069370
95.1879,0.068274
95.1979,0.101826
95.2079,0.081800
95.2179,0.088293
95.2279,0.082840
95.2379,0.078666
95.2479,0.091717
95.2579,0.099235
95.2679,0.055991
95.2779,0.075593
95.2879,0.075321
95.2979,0.070511
95.3079,0.087258
95.3179,0.078391
95.3279,0.098238
95.3379,0.088159
95.3479,0.091156
95.3579,0.060213
95.3679,0.064754
95.3779,0.065566
95.3879,0.089952
95.3979,0.062293
95.4080,0.062468
95.4180,0.060091
95.4280,0.106408
95.4380,0.071490
95.4480,0.079380
95.4580,0.059159
95.4680,0.084182
95.4780,0.051212
95.4880,0.060573
95.4980,0.063370
95.5080,0.074598
95.5180,0.062280
95.5280,0.089911
95.5380,0.077487
95.5480,0.062999
95.5580,0.083072
95.5680,0.066207
95.5780,0.063667
95.5880,0.081329
95.5980,0.040971
95.6080,0.079050
95.6180,0.061501
95.6280,0.061310
95.6380,0.093209
95.6480,0.063164
95.6580,0.080837
95.6680,0.072544
95.6780,0.073616
95.6880,0.065841
95.6980,0.065042
95.7080,0.086838
95.7180,0.079496
95.7280,0.062162
95.7380,0.055435
95.7480,0.060800
95.7580,0.079420
95.7680,0.081614
95.7780,0.073958
95.7880,0.047725
95.7980,0.076001
95.8080,0.082427
95.8180,0.068695
95.8280,0.090199
95.8380,0.050419
95.8480,0.074317
95.8580,0.053686
95.8680,0.078460
95.8780,0.072942
95.8880,0.087033
95.8980,0.071243
95.9080,0.060228
95.9180,0.059013
95.9280,0.061734
95.9380,0.058437
95.9480,0.080561
95.9580,0.079534
95.9680,0.046098
95.9780,0.064347
95.9880,0.064467
95.9980,0.054173
96.0080,0.068638
96.0180,0.080740
96.0280,0.073742
96.0380,0.079037
96.0480,0.054081
96.0580,0.062972
96.0680,0.053178
96.0780,0.065070
96.0880,0.065982
96.0980,0.073378
96.1080,0.077454
96.1180,0.069792
96.1280,0.051034
96.1380,0.044962
96.1480,0.067261
96.1580,0.078859
96.1680,0.060388
96.1780,0.042189
96.1880,0.085367
96.1980,0.066056
96.2080,0.062069
96.2180,0.045833
96.2280,0.059876
96.2380,0.067757
96.2480,0.065384
96.2580,0.051023
96.2680,0.058330
96.2780,0.051456
96.2880,0.078652
96.2980,0.069254
96.3080,0.052058
96.3180,0.044162
96.3280,0.061351
96.3380,0.051938
96.3480,0.052666
96.3580,0.043898
96.3680,0.045218
96.3780,0.059141
96.3880,0.053822
96.3980,0.086817
96.4080,0.063825
96.4180,0.042708
96.4280,0.037936
96.4380,0.060977
96.4480,0.051272
96.4580,0.071847
96.4680,0.059087
96.4780,0.031750
96.4880,0.043143
96.4980,0.047109
96.5080,0.060352
96.5180,0.042251
96.5280,0.056554
96.5380,0.038522
96.5480,0.054467
96.5580,0.058669
96.5680,0.071603
96.5780,0.056849
96.5880,0.043938
96.5980,0.071491
96.6081,0.051214
96.6181,0.062532
96.6281,0.045731
96.6381,0.054013
96.6481,0.043145
96.6581,0.056465
96.6681,0.062081
96.6781,0.046335
96.6881,0.045499
96.6981,0.056230
96.7081,0.041886
96.7181,0.033409
96.7281,0.055701
96.7381,0.050008
96.7481,0.049592
96.7581,0.057230
96.7681,0.058744
96.7781,0.048722
96.7881,0.037021
96.7981,0.042668
96.8081,0.057190
96.8181,0.051646
96.8281,0.043251
96.8381,0.040275
96.8481,0.056940
96.8581,0.046706
96.8681,0.058238
96.8781,0.059597
96.8881,0.045130
96.8981,0.060120
96.9081,0.050225
96.9181,0.051617
96.9281,0.021979
96.9381,0.036433
96.9481,0.036924
96.9581,0.043940
96.9681,0.048977
96.9781,0.049308
96.9881,0.050714
96.9981,0.038907
97.0081,0.055263
97.0181,0.068519
97.0281,0.042409
97.0381,0.038526
97.0481,0.038107
97.0581,0.047198
97.0681,0.039704
97.0781,0.025091
97.0881,0.028215
97.0981,0.057780
97.1081,0.060761
97.1181,0.064420
97.1281,0.047779
97.1381,0.033015
97.1481,0.039491
97.1581,0.026693
97.1681,0.026073
97.1781,0.047337
97.1881,0.050585
97.1981,0.067460
97.2081,0.042805
97.2181,0.027351
97.2281,0.042024
97.2381,0.039941
97.2481,0.037279
97.2581,0.047142
97.2681,0.028286
97.2781,0.044272
97.2881,0.050365
97.2981,0.059427
97.3081,0.045958
97.3181,0.054595
97.3281,0.036594
97.3381,0.038113
97.3481,0.057783
97.3581,0.024994
97.3681,0.036459
97.3781,0.054682
97.3881,0.038452
97.3981,0.037403
97.4081,0.037490
97.4181,0.041925
97.4281,0.053397
97.4381,0.051299
97.4481,0.040191
97.4581,0.053007
97.4681,0.043845
97.4781,0.049898
97.4881,0.027093
97.4981,0.060142
97.5081,0.041767
97.5181,0.005990
97.5281,0.058730
97.5381,0.038722
97.5481,0.033761
97.5581,0.031085
97.5681,0.043473
97.5781,0.027384
97.5881,0.030968
97.5981,0.031103
97.6081,0.034077
97.6181,0.031247
97.6281,0.047510
97.6381,0.040376
97.6481,0.041686
97.6581,0.044144
97.6681,0.035546
97.6781,0.024267
97.6881,0.058019
97.6981,0.047335
97.7081,0.055406
97.7181,0.048313
97.7281,0.030222
97.7381,0.007418
97.7481,0.020692
97.7581,0.042927
97.7681,0.033916
97.7781,0.029946
97.7881,0.004886
97.7981,0.034523
97.8082,0.021547
97.8182,0.025684
97.8282,0.044426
97.8382,0.021724
97.8482,0.022718
97.8582,0.035998
97.8682,0.044088
97.8782,0.028635
97.8882,0.050923
97.8982,0.017822
97.9082,0.015566
97.9182,0.014392
97.9282,0.012887
97.9382,0.036601
97.9482,0.020678
97.9582,0.015339
97.9682,0.036668
97.9782,0.041847
97.9882,0.044420
97.9982,0.042163
98.0082,0.020492
98.0182,0.034672
98.0282,0.037172
98.0382,0.025361
98.0482,0.032887
98.0582,0.015741
98.0682,0.023079
98.0782,0.034922
98.0882,0.048402
98.0982,0.043979
98.1082,0.037943
98.1182,0.030820
98.1282,0.028812
98.1382,0.012194
98.1482,0.019391
98.1582,0.019633
98.1682,0.036016
98.1782,0.040310
98.1882,0.037661
98.1982,0.042865
98.2082,0.029392
98.2182,0.016581
98.2282,0.027629
98.2382,0.019382
98.2482,0.035826
98.2582,0.023475
98.2682,0.026454
98.2782,0.035812
98.2882,0.018447
98.2982,0.038761
98.3082,0.010874
98.3182,0.030577
98.3282,0.025660
98.3382,0.036531
98.3482,0.009964
98.3582,0.007939
98.3682,0.035162
98.3782,0.021324
98.3882,0.024778
98.3982,0.017804
98.4082,0.036528
98.4182,0.029018
98.4282,0.028169
98.4382,0.011099
98.4482,0.031007
98.4582,0.012936
98.4682,0.016793
98.4782,0.008166
98.4882,0.022525
98.4982,0.037031
98.5082,0.026832
98.5182,0.018664
98.5282,0.025130
98.5382,0.024918
98.5482,0.024322
98.5582,0.025512
98.5682,0.010758
98.5782,0.024372
98.5882,0.001885
98.5982,0.029710
98.6082,0.009425
98.6182,0.036644
98.6282,0.000000
98.6382,0.042316
98.6482,0.002408
98.6582,0.007534
98.6682,0.025378
98.6782,0.029069
98.6882,0.018100
98.6982,0.032067
98.7082,0.011653
98.7182,0.016271
98.7282,0.017299
98.7382,0.014319
98.7482,0.000000
98.7582,0.020196
98.7682,0.018968
98.7782,0.033143
98.7882,0.004629
98.7982,0.012244
98.8082,0.034216
98.8182,0.023150
98.8282,0.026080
98.8382,0.024785
98.8482,0.024695
98.8582,0.040911
98.8682,0.020014
98.8782,0.006636
98.8882,0.026295
98.8982,0.011688
98.9082,0.017025
98.9182,0.022644
98.9282,0.008203
98.9382,0.011793
98.9482,0.023485
98.9582,0.011049
98.9682,0.029171
98.9782,0.005514
98.9882,0.005332
98.9982,0.039937
99.0083,0.000000
99.0183,0.016460
99.0283,0.038857
99.0383,0.016154
99.0483,0.032517
99.0583,0.024044
99.0683,0.015987
99.0783,0.014364
99.0883,0.000000
99.0983,0.011820
99.1083,0.018295
99.1183,0.018148
99.1283,0.044817
99.1383,0.018458
99.1483,0.022507
99.1583,0.028784
99.1683,0.021150
99.1783,0.013491
99.1883,0.013409
99.1983,0.010035
99.2083,0.019433
99.2183,0.011919
99.2283,0.021322
99.2383,0.001574
99.2483,0.015305
99.2583,0.032028
99.2683,0.010568
99.2783,0.035239
99.2883,0.014948
99.2983,0.012166
99.3083,0.014104
99.3183,0.008828
99.3283,0.000000
99.3383,0.022849
99.3483,0.038460
99.3583,0.017774
99.3683,0.018366
99.3783,0.009540
99.3883,0.025486
99.3983,0.010982
99.4083,0.014521
99.4183,0.000000
99.4283,0.004685
99.4383,0.015307
99.4483,0.021647
99.4583,0.021842
99.4683,0.000000
99.4783,0.000000
99.4883,0.017218
99.4983,0.001108
99.5083,0.020667
99.5183,0.000000
99.5283,0.008476
99.5383,0.009108
99.5483,0.015147
99.5583,0.000000
99.5683,0.000000
99.5783,0.011024
99.5883,0.015149
99.5983,0.020784
99.6083,0.004254
99.6183,0.017728
99.6283,0.014112
99.6383,0.024015
99.6483,0.007345
99.6583,0.000000
99.6683,0.006924
99.6783,0.008661
99.6883,0.013681
99.6983,0.000000
99.7083,0.003445
99.7183,0.017471
99.7283,0.005668
99.7383,0.003112
99.7483,0.029521
99.7583,0.000000
99.7683,0.021171
99.7783,0.018492
99.7883,0.003399
99.7983,0.005571
99.8083,0.005392
99.8183,0.007878
99.8283,0.000000
99.8383,0.000286
99.8483,0.001025
99.8583,0.001273
99.8683,0.001288
99.8783,0.000000
99.8883,0.005919
99.8983,0.000000
99.9083,0.000000
99.9183,0.000142
99.9283,0.000000
99.9383,0.019376
99.9483,0.000000
99.9583,0.011817
99.9683,0.020263
99.9783,0.000000
99.9883,0.002831
99.9983,0.024011
100.0083,0.005884
100.0183,0.007497
100.0283,0.000000
100.0383,0.011022
100.0483,0.002191
100.0583,0.000000
100.0683,0.000000
100.0783,0.000000
100.0883,0.003614
100.0983,0.000000
100.1083,0.007827
100.1183,0.002544
100.1283,0.000000
100.1383,0.000000
100.1483,0.009223
100.1583,0.015481
100.1683,0.000000
100.1783,0.000000
100.1883,0.024921
100.1983,0.001332
100.2084,0.002489
100.2184,0.000000
100.2284,0.003865
100.2384,0.021813
100.2484,0.004235
100.2584,0.013915
100.2684,0.001438
100.2784,0.000000
100.2884,0.000000
100.2984,0.000000
100.3084,0.003539
100.3184,0.015576
100.3284,0.002786
100.3384,0.000000
100.3484,0.000000
100.3584,0.005021
100.3684,0.000000
100.3784,0.000000
100.3884,0.011470
100.3984,0.000000
100.4084,0.000000
100.4184,0.000000
100.4284,0.009278
100.4384,0.002531
100.4484,0.000000
100.4584,0.000000
100.4684,0.000000
100.4784,0.004090
100.4884,0.000018
100.4984,0.000000
100.5084,0.000965
100.5184,0.000000
100.5284,0.000000
100.5384,0.013647
100.5484,0.000000
100.5584,0.001885
100.5684,0.000000
100.5784,0.000000
100.5884,0.000000
100.5984,0.000000
100.6084,0.029339
100.6184,0.003256
100.6284,0.014963
100.6384,0.010505
100.6484,0.012030
100.6584,0.000000
100.6684,0.019490
100.6784,0.010365
100.6884,0.000693
100.6984,0.003348
100.7084,0.000000
100.7184,0.000801
100.7284,0.000000
100.7384,0.004739
100.7484,0.021034
100.7584,0.000000
100.7684,0.013850
100.7784,0.000000
100.7884,0.015367
100.7984,0.000000
100.8084,0.005073
100.8184,0.000000
100.8284,0.000000
100.8384,0.020974
100.8484,0.000000
100.8584,0.001105
100.8684,0.000000
100.8784,0.000000
100.8884,0.000000
100.8984,0.000000
100.9084,0.000000
100.9184,0.000000
100.9284,0.000000
100.9384,0.001577
100.9484,0.000000
100.9584,0.000000
100.9684,0.000000
100.9784,0.005681
100.9884,0.000000
100.9984,0.006197
101.0084,0.005245
101.0184,0.000000
101.0284,0.000000
101.0384,0.009947
101.0484,0.000000
101.0584,0.000000
101.0684,0.013845
101.0784,0.000000
101.0884,0.005548
101.0984,0.000000
101.1084,0.000000
101.1184,0.005395
101.1284,0.000000
101.1384,0.000000
101.1484,0.005182
101.1584,0.002739
101.1684,0.000000
101.1784,0.000000
101.1884,0.007567
101.1984,0.000000
101.2084,0.006568
101.2184,0.004585
101.2284,0.000000
101.2384,0.012892
101.2484,0.000000
101.2584,0.014305
101.2684,0.015874
101.2784,0.012619
101.2884,0.000000
101.2984,0.030581
101.3084,0.001838
101.3184,0.002908
101.3284,0.000000
101.3384,0.000000
101.3484,0.015554
101.3584,0.000000
101.3684,0.011048
101.3784,0.013926
101.3884,0.007251
101.3984,0.000000
101.4085,0.000000
101.4185,0.000000
101.4285,0.000000
101.4385,0.009642
101.4485,0.000000
101.4585,0.000000
101.4685,0.000000
101.4785,0.014592
101.4885,0.000000
101.4985,0.022302
101.5085,0.000000
101.5185,0.002613
101.5285,0.000000
101.5385,0.024900
101.5485,0.002162
101.5585,0.025543
101.5685,0.000000
101.5785,0.018336
101.5885,0.001421
101.5985,0.010045
101.6085,0.000000
101.6185,0.004185
101.6285,0.000000
101.6385,0.003089
101.6485,0.000000
101.6585,0.000000
101.6685,0.013151
101.6785,0.006574
101.6885,0.000000
101.6985,0.000000
101.7085,0.005966
101.7185,0.018977
101.7285,0.000000
101.7385,0.025172
101.7485,0.000000
101.7585,0.000000
101.7685,0.000000
101.7785,0.009242
101.7885,0.001557
101.7985,0.017789
101.8085,0.000000
101.8185,0.001424
101.8285,0.000083
101.8385,0.000000
101.8485,0.000000
101.8585,0.000000
101.8685,0.002097
101.8785,0.003632
101.8885,0.003032
101.8985,0.014473
101.9085,0.000000
101.9185,0.000000
101.9285,0.012205
101.9385,0.000000
101.9485,0.000000
101.9585,0.000000
101.9685,0.000000
101.9785,0.000000
101.9885,0.000000
101.9985,0.007793
102.0085,0.000000
102.0185,0.006055
102.0285,0.000000
102.0385,0.010835
102.0485,0.000000
102.0585,0.000000
102.0685,0.003800
102.0785,0.009209
102.0885,0.000000
102.0985,0.014391
102.1085,0.000000
102.1185,0.008049
102.1285,0.020938
102.1385,0.000441
102.1485,0.000000
102.1585,0.000000
102.1685,0.019540
102.1785,0.004834
102.1885,0.025731
102.1985,0.003351
102.2085,0.000000
102.2185,0.000000
102.2285,0.000740
102.2385,0.000000
102.2485,0.000000
102.2585,0.000000
102.2685,0.002878
102.2785,0.023302
102.2885,0.000658
102.2985,0.000000
102.3085,0.000000
102.3185,0.003148
102.3285,0.001116
102.3385,0.019494
102.3485,0.011521
102.3585,0.011162
102.3685,0.000000
102.3785,0.013190
102.3885,0.000000
102.3985,0.011620
102.4085,0.000000
102.4185,0.000000
102.4285,0.007119
102.4385,0.016771
102.4485,0.000000
102.4585,0.018753
102.4685,0.000000
102.4785,0.000000
102.4885,0.000000
102.4985,0.000000
102.5085,0.000000
102.5185,0.001604
102.5285,0.000000
102.5385,0.000000
102.5485,0.003341
102.5585,0.000000
102.5685,0.000000
102.5785,0.000000
102.5885,0.000000
102.5985,0.009165
102.6086,0.020494
102.6186,0.012775
102.6286,0.003981
102.6386,0.000000
102.6486,0.000000
102.6586,0.012684
102.6686,0.000000
102.6786,0.000000
102.6886,0.008809
102.6986,0.000000
102.7086,0.005081
102.7186,0.004524
102.7286,0.000000
102.7386,0.001044
102.7486,0.000000
102.7586,0.004993
102.7686,0.008038
102.7786,0.004787
102.7886,0.000871
102.7986,0.003466
102.8086,0.000000
102.8186,0.000000
102.8286,0.000000
102.8386,0.012378
102.8486,0.008199
102.8586,0.008165
102.8686,0.020562
102.8786,0.000000
102.8886,0.000000
102.8986,0.000000
102.9086,0.000000
102.9186,0.000000
102.9286,0.007453
102.9386,0.000000
102.9486,0.000000
102.9586,0.000000
102.9686,0.000000
102.9786,0.010628
102.9886,0.000726
102.9986,0.000000
103.0086,0.011660
103.0186,0.008746
103.0286,0.000000
103.0386,0.003027
103.0486,0.000000
103.0586,0.000000
103.0686,0.022434
103.0786,0.001491
103.0886,0.000000
103.0986,0.001019
103.1086,0.010491
103.1186,0.000000
103.1286,0.000000
103.1386,0.007880
103.1486,0.000000
103.1586,0.011889
103.1686,0.000000
103.1786,0.000000
103.1886,0.000000
103.1986,0.000000
103.2086,0.015572
103.2186,0.012534
103.2286,0.013816
103.2386,0.000000
103.2486,0.000000
103.2586,0.004078
103.2686,0.008584
103.2786,0.000000
103.2886,0.000000
103.2986,0.000000
103.3086,0.019899
103.3186,0.000000
103.3286,0.000376
103.3386,0.001004
103.3486,0.013267
103.3586,0.000000
103.3686,0.014019
103.3786,0.000000
103.3886,0.013989
103.3986,0.000000
103.4086,0.000000
103.4186,0.019505
103.4286,0.008367
103.4386,0.005055
103.4486,0.000000
103.4586,0.000000
103.4686,0.016133
103.4786,0.005668
103.4886,0.010683
103.4986,0.000886
103.5086,0.000000
103.5186,0.009200
103.5286,0.003112
103.5386,0.000000
103.5486,0.000000
103.5586,0.011447
103.5686,0.005280
103.5786,0.000000
103.5886,0.014151
103.5986,0.002926
103.6086,0.003161
103.6186,0.010607
103.6286,0.008024
103.6386,0.003524
103.6486,0.000000
103.6586,0.023804
103.6686,0.000000
103.6786,0.008952
103.6886,0.000000
103.6986,0.005457
103.7086,0.014801
103.7186,0.000000
103.7286,0.007222
103.7386,0.003187
103.7486,0.000000
103.7586,0.015097
103.7686,0.008534
103.7786,0.000000
103.7886,0.013243
103.7986,0.000000
103.8087,0.000000
103.8187,0.000000
103.8287,0.009016
103.8387,0.000000
103.8487,0.009102
103.8587,0.007134
103.8687,0.000000
103.8787,0.021957
103.8887,0.000000
103.8987,0.000000
103.9087,0.010273
103.9187,0.000000
103.9287,0.017902
103.9387,0.001221
103.9487,0.000000
103.9587,0.000000
103.9687,0.000000
103.9787,0.004595
103.9887,0.000000
103.9987,0.006025
104.0087,0.000000
104.0187,0.000000
104.0287,0.006112
104.0387,0.007482
104.0487,0.013750
104.0587,0.000000
104.0687,0.000000
104.0787,0.000000
104.0887,0.001956
104.0987,0.000000
104.1087,0.000000
104.1187,0.000000
104.1287,0.003520
104.1387,0.000035
104.1487,0.006076
104.1587,0.000000
104.1687,0.000000
104.1787,0.002295
104.1887,0.000000
104.1987,0.006830
104.2087,0.000000
104.2187,0.002454
104.2287,0.002640
104.2387,0.019219
104.2487,0.004579
104.2587,0.000879
104.2687,0.000000
104.2787,0.009629
104.2887,0.000000
104.2987,0.000000
104.3087,0.000000
104.3187,0.002298
104.3287,0.000000
104.3387,0.000000
104.3487,0.000000
104.3587,0.000000
104.3687,0.014816
104.3787,0.000000
104.3887,0.024406
104.3987,0.000000
104.4087,0.006963
104.4187,0.001534
104.4287,0.000000
104.4387,0.000000
104.4487,0.000000
104.4587,0.011925
104.4687,0.000000
104.4787,0.000000
104.4887,0.001978
104.4987,0.005674
104.5087,0.005313
104.5187,0.000000
104.5287,0.000000
104.5387,0.006469
104.5487,0.017197
104.5587,0.000000
104.5687,0.000000
104.5787,0.000000
104.5887,0.004729
104.5987,0.000000
104.6087,0.016886
104.6187,0.011100
104.6287,0.002212
104.6387,0.000000
104.6487,0.000000
104.6587,0.000000
104.6687,0.000000
104.6787,0.002290
104.6887,0.002537
104.6987,0.000000
104.7087,0.009655
104.7187,0.000193
104.7287,0.004292
104.7387,0.008938
104.7487,0.000000
104.7587,0.015107
104.7687,0.000000
104.7787,0.018151
104.7887,0.000000
104.7987,0.017259
104.8087,0.000000
104.8187,0.030585
104.8287,0.000000
104.8387,0.012679
104.8487,0.000000
104.8587,0.008580
104.8687,0.000000
104.8787,0.000000
104.8887,0.000000
104.8987,0.030091
104.9087,0.000876
104.9187,0.000000
104.9287,0.003631
104.9387,0.008275
104.9487,0.000000
104.9587,0.000000
104.9687,0.000000
104.9787,0.014431
104.9887,0.001200
104.9987,0.017559
105.0088,0.013575
105.0188,0.000000
105.0288,0.000000
105.0388,0.000000
105.0488,0.006318
105.0588,0.000719
105.0688,0.007613
105.0788,0.010361
105.0888,0.006370
105.0988,0.000000
105.1088,0.006239
105.1188,0.026826
105.1288,0.000000
105.1388,0.005847
105.1488,0.021984
105.1588,0.000000
105.1688,0.012013
105.1788,0.013617
105.1888,0.000000
105.1988,0.008548
105.2088,0.000000
105.2188,0.000000
105.2288,0.000000
105.2388,0.015752
105.2488,0.000000
105.2588,0.000000
105.2688,0.000000
105.2788,0.000000
105.2888,0.000000
105.2988,0.000000
105.3088,0.001412
105.3188,0.004853
105.3288,0.014448
105.3388,0.002892
105.3488,0.000000
105.3588,0.000000
105.3688,0.003534
105.3788,0.000000
105.3888,0.000000
105.3988,0.003150
105.4088,0.006233
105.4188,0.003237
105.4288,0.000000
105.4388,0.000000
105.4488,0.000000
105.4588,0.010179
105.4688,0.000000
105.4788,0.000000
105.4888,0.013915
105.4988,0.000000
105.5088,0.000423
105.5188,0.005894
105.5288,0.000039
105.5388,0.000000
105.5488,0.004686
105.5588,0.015918
105.5688,0.009438
105.5788,0.000000
105.5888,0.025527
105.5988,0.000000
105.6088,0.000000
105.6188,0.009383
105.6288,0.005434
105.6388,0.000964
105.6488,0.000000
105.6588,0.015970
105.6688,0.000000
105.6788,0.000000
105.6888,0.014788
105.6988,0.002631
105.7088,0.013380
105.7188,0.006871
105.7288,0.028699
105.7388,0.000000
105.7488,0.000193
105.7588,0.008638
105.7688,0.000000
105.7788,0.009632
105.7888,0.000000
105.7988,0.000000
105.8088,0.000000
105.8188,0.000000
105.8288,0.000000
105.8388,0.010873
105.8488,0.000000
105.8588,0.002403
105.8688,0.000000
105.8788,0.006004
105.8888,0.017172
105.8988,0.002341
105.9088,0.010097
105.9188,0.001738
105.9288,0.000000
105.9388,0.000000
105.9488,0.000000
105.9588,0.006818
105.9688,0.001280
105.9788,0.000000
105.9888,0.000000
105.9988,0.000000
106.0088,0.000000
106.0188,0.000016
106.0288,0.021701
106.0388,0.016181
106.0488,0.000000
106.0588,0.002421
106.0688,0.002632
106.0788,0.000000
106.0888,0.000000
106.0988,0.000000
106.1088,0.022473
106.1188,0.000000
106.1288,0.004091
106.1388,0.000000
106.1488,0.009883
106.1588,0.014211
106.1688,0.000000
106.1788,0.000000
106.1888,0.005418
106.1988,0.000234
106.2089,0.005596
106.2189,0.000000
106.2289,0.022359
106.2389,0.000000
106.2489,0.032299
106.2589,0.014903
106.2689,0.009985
106.2789,0.000000
106.2889,0.010916
106.2989,0.007247
106.3089,0.000000
106.3189,0.000000
106.3289,0.004292
106.3389,0.000000
106.3489,0.000000
106.3589,0.012947
106.3689,0.000000
106.3789,0.000000
106.3889,0.000000
106.3989,0.006122
106.4089,0.000000
106.4189,0.000000
106.4289,0.000000
106.4389,0.000000
106.4489,0.008677
106.4589,0.008891
106.4689,0.000000
106.4789,0.006400
106.4889,0.000000
106.4989,0.016333
106.5089,0.000000
106.5189,0.000000
106.5289,0.010736
106.5389,0.000000
106.5489,0.000000
106.5589,0.004031
106.5689,0.000000
106.5789,0.000896
106.5889,0.006414
106.5989,0.004369
106.6089,0.000000
106.6189,0.011903
106.6289,0.000000
106.6389,0.000000
106.6489,0.000000
106.6589,0.003546
106.6689,0.000000
106.6789,0.014743
106.6889,0.003543
106.6989,0.000908
106.7089,0.003122
106.7189,0.008795
106.7289,0.002889
106.7389,0.000000
106.7489,0.013074
106.7589,0.001436
106.7689,0.008218
106.7789,0.000000
106.7889,0.000000
106.7989,0.000000
106.8089,0.000000
106.8189,0.006208
106.8289,0.015575
106.8389,0.003624
106.8489,0.000000
106.8589,0.000000
106.8689,0.016329
106.8789,0.000000
106.8889,0.025221
106.8989,0.022512
106.9089,0.025617
106.9189,0.004568
106.9289,0.000000
106.9389,0.004276
106.9489,0.010903
106.9589,0.000000
106.9689,0.000000
106.9789,0.000000
106.9889,0.000000
106.9989,0.014891
107.0089,0.000000
107.0189,0.001148
107.0289,0.011796
107.0389,0.015358
107.0489,0.002503
107.0589,0.004612
107.0689,0.000000
107.0789,0.012277
107.0889,0.015162
107.0989,0.000000
107.1089,0.021155
107.1189,0.000000
107.1289,0.007136
107.1389,0.000931
107.1489,0.000000
107.1589,0.000000
107.1689,0.000000
107.1789,0.006286
107.1889,0.000000
107.1989,0.000000
107.2089,0.000000
107.2189,0.000000
107.2289,0.000000
107.2389,0.005821
107.2489,0.000000
107.2589,0.011705
107.2689,0.000000
107.2789,0.000000
107.2889,0.000201
107.2989,0.016742
107.3089,0.000000
107.3189,0.019876
107.3289,0.011522
107.3389,0.000000
107.3489,0.014196
107.3589,0.000000
107.3689,0.003428
107.3789,0.000000
107.3889,0.011598
107.3989,0.000000
107.4090,0.000000
107.4190,0.008150
107.4290,0.012578
107.4390,0.000000
107.4490,0.009038
107.4590,0.000000
107.4690,0.000000
107.4790,0.000000
107.4890,0.010016
107.4990,0.000000
107.5090,0.000000
107.5190,0.000666
107.5290,0.000269
107.5390,0.007463
107.5490,0.000000
107.5590,0.000000
107.5690,0.001491
107.5790,0.000000
107.5890,0.000000
107.5990,0.000000
107.6090,0.000102
107.6190,0.000145
107.6290,0.000000
107.6390,0.000000
107.6490,0.000000
107.6590,0.003582
107.6690,0.014935
107.6790,0.000000
107.6890,0.007476
107.6990,0.000000
107.7090,0.006309
107.7190,0.014227
107.7290,0.000000
107.7390,0.011332
107.7490,0.000000
107.7590,0.001531
107.7690,0.000000
107.7790,0.000555
107.7890,0.000000
107.7990,0.005243
107.8090,0.019035
107.8190,0.000000
107.8290,0.002276
107.8390,0.010270
107.8490,0.000000
107.8590,0.016325
107.8690,0.000000
107.8790,0.000000
107.8890,0.000000
107.8990,0.001519
107.9090,0.000036
107.9190,0.007631
107.9290,0.000000
107.9390,0.000000
107.9490,0.005550
107.9590,0.016766
107.9690,0.007548
107.9790,0.022169
107.9890,0.006664
107.9990,0.006232
108.0090,0.008157
108.0190,0.017874
108.0290,0.014882
108.0390,0.000000
108.0490,0.009684
108.0590,0.003292
108.0690,0.000000
108.0790,0.000000
108.0890,0.000000
108.0990,0.000000
108.1090,0.000000
108.1190,0.000000
108.1290,0.009005
108.1390,0.000000
108.1490,0.001559
108.1590,0.000000
108.1690,0.004281
108.1790,0.006866
108.1890,0.000000
108.1990,0.000000
108.2090,0.000000
108.2190,0.007197
108.2290,0.003140
108.2390,0.000663
108.2490,0.000000
108.2590,0.005316
108.2690,0.005650
108.2790,0.000000
108.2890,0.000000
108.2990,0.001120
108.3090,0.000000
108.3190,0.026760
108.3290,0.000000
108.3390,0.005718
108.3490,0.007940
108.3590,0.019264
108.3690,0.000000
108.3790,0.018755
108.3890,0.001022
108.3990,0.032921
108.4090,0.007371
108.4190,0.000000
108.4290,0.000886
108.4390,0.019405
108.4490,0.004467
108.4590,0.002893
108.4690,0.012357
108.4790,0.000000
108.4890,0.001444
108.4990,0.000000
108.5090,0.024966
108.5190,0.000000
108.5290,0.006504
108.5390,0.010355
108.5490,0.004560
108.5590,0.000000
108.5690,0.000000
108.5790,0.011378
108.5890,0.000000
108.5990,0.000000
108.6091,0.010141
108.6191,0.000000
108.6291,0.013334
108.6391,0.003472
108.6491,0.003026
108.6591,0.006784
108.6691,0.000000
108.6791,0.000000
108.6891,0.003439
108.6991,0.000000
108.7091,0.015393
108.7191,0.003274
108.7291,0.000000
108.7391,0.000526
108.7491,0.008585
108.7591,0.002154
108.7691,0.012442
108.7791,0.014670
108.7891,0.036740
108.7991,0.021865
108.8091,0.000000
108.8191,0.004011
108.8291,0.005273
108.8391,0.015513
108.8491,0.000000
108.8591,0.002515
108.8691,0.000000
108.8791,0.001943
108.8891,0.002531
108.8991,0.005695
108.9091,0.000000
108.9191,0.021517
108.9291,0.015540
108.9391,0.000000
108.9491,0.010468
108.9591,0.000000
108.9691,0.026547
108.9791,0.029951
108.9891,0.010055
108.9991,0.000634
109.0091,0.003037
109.0191,0.005706
109.0291,0.010012
109.0391,0.027883
109.0491,0.023048
109.0591,0.023376
109.0691,0.013914
109.0791,0.000000
109.0891,0.002914
109.0991,0.013027
109.1091,0.000000
109.1191,0.016235
109.1291,0.022393
109.1391,0.019420
109.1491,0.019083
109.1591,0.000000
109.1691,0.029310
109.1791,0.000000
109.1891,0.011767
109.1991,0.021168
109.2091,0.018194
109.2191,0.000000
109.2291,0.001002
109.2391,0.017773
109.2491,0.020604
109.2591,0.001333
109.2691,0.019477
109.2791,0.000000
109.2891,0.022551
109.2991,0.004599
109.3091,0.016318
109.3191,0.014449
109.3291,0.029573
109.3391,0.018697
109.3491,0.008750
109.3591,0.020401
109.3691,0.041942
109.3791,0.025262
109.3891,0.015818
109.3991,0.006672
109.4091,0.009425
109.4191,0.025131
109.4291,0.006489
109.4391,0.017299
109.4491,0.034666
109.4591,0.019367
109.4691,0.004761
109.4791,0.043993
109.4891,0.039157
109.4991,0.024170
109.5091,0.033613
109.5191,0.015249
109.5291,0.027295
109.5391,0.013668
109.5491,0.002635
109.5591,0.050152
109.5691,0.002320
109.5791,0.022918
109.5891,0.022927
109.5991,0.025838
109.6091,0.018719
109.6191,0.018994
109.6291,0.021756
109.6391,0.026003
109.6491,0.020373
109.6591,0.019724
109.6691,0.004841
109.6791,0.045009
109.6891,0.027424
109.6991,0.023652
109.7091,0.013802
109.7191,0.009403
109.7291,0.031917
109.7391,0.019829
109.7491,0.029351
109.7591,0.005824
109.7691,0.040763
109.7791,0.033168
109.7891,0.021530
109.7991,0.028266
109.8092,0.031697
109.8192,0.006913
109.8292,0.043242
109.8392,0.029059
109.8492,0.014962
109.8592,0.010404
109.8692,0.035561
109.8792,0.026401
109.8892,0.029811
109.8992,0.024492
109.9092,0.012291
109.9192,0.030580
109.9292,0.022258
109.9392,0.024521
109.9492,0.053458
109.9592,0.035515
109.9692,0.036360
109.9792,0.058038
109.9892,0.030160
109.9992,0.027135
110.0092,0.017701
110.0192,0.020574
110.0292,0.001592
110.0392,0.035796
110.0492,0.011262
110.0592,0.037451
110.0692,0.026256
110.0792,0.028462
110.0892,0.026571
110.0992,0.043866
110.1092,0.041901
110.1192,0.027195
110.1292,0.016908
110.1392,0.038937
110.1492,0.016310
110.1592,0.009501
110.1692,0.034294
110.1792,0.043090
110.1892,0.023762
110.1992,0.033632
110.2092,0.023945
110.2192,0.037752
110.2292,0.042383
110.2392,0.026244
110.2492,0.017222
110.2592,0.012224
110.2692,0.040972
110.2792,0.016381
110.2892,0.034640
110.2992,0.039660
110.3092,0.024471
110.3192,0.028648
110.3292,0.042787
110.3392,0.021256
110.3492,0.020194
110.3592,0.028455
110.3692,0.046759
110.3792,0.050909
110.3892,0.030551
110.3992,0.023348
110.4092,0.044819
110.4192,0.012175
110.4292,0.035335
110.4392,0.031994
110.4492,0.048204
110.4592,0.049575
110.4692,0.021682
110.4792,0.035162
110.4892,0.026460
110.4992,0.029945
110.5092,0.041031
110.5192,0.029761
110.5292,0.036265
110.5392,0.045583
110.5492,0.052436
110.5592,0.037876
110.5692,0.035983
110.5792,0.021441
110.5892,0.053916
110.5992,0.040993
110.6092,0.036838
110.6192,0.036383
110.6292,0.039849
110.6392,0.044941
110.6492,0.046585
110.6592,0.055327
110.6692,0.039069
110.6792,0.057366
110.6892,0.049168
110.6992,0.035913
110.7092,0.016786
110.7192,0.037980
110.7292,0.055815
110.7392,0.027970
110.7492,0.038422
110.7592,0.039575
110.7692,0.049058
110.7792,0.033259
110.7892,0.027641
110.7992,0.045073
110.8092,0.029473
110.8192,0.016528
110.8292,0.060799
110.8392,0.050000
110.8492,0.061637
110.8592,0.049685
110.8692,0.047523
110.8792,0.043954
110.8892,0.037448
110.8992,0.045987
110.9092,0.033364
110.9192,0.027334
110.9292,0.036339
110.9392,0.055986
110.9492,0.025860
110.9592,0.026213
110.9692,0.048069
110.9792,0.036154
110.9892,0.047123
110.9992,0.053338
111.0093,0.047160
111.0193,0.034197
111.0293,0.057342
111.0393,0.051015
111.0493,0.042594
111.0593,0.042175
111.0693,0.047085
111.0793,0.039016
111.0893,0.023349
111.0993,0.052088
111.1093,0.051539
111.1193,0.015800
111.1293,0.049705
111.1393,0.064818
111.1493,0.030372
111.1593,0.043188
111.1693,0.042047
111.1793,0.064320
111.1893,0.058010
111.1993,0.034182
111.2093,0.048993
111.2193,0.072684
111.2293,0.037720
111.2393,0.045247
111.2493,0.051707
111.2593,0.038389
111.2693,0.067033
111.2793,0.040367
111.2893,0.029536
111.2993,0.040070
111.3093,0.054371
111.3193,0.037122
111.3293,0.050492
111.3393,0.053781
111.3493,0.032689
111.3593,0.040598
111.3693,0.051715
111.3793,0.056123
111.3893,0.041394
111.3993,0.049847
111.4093,0.044784
111.4193,0.057092
111.4293,0.054757
111.4393,0.044209
111.4493,0.054599
111.4593,0.044073
111.4693,0.054679
111.4793,0.055013
111.4893,0.077977
111.4993,0.045656
111.5093,0.048163
111.5193,0.042259
111.5293,0.037799
111.5393,0.044883
111.5493,0.058509
111.5593,0.059545
111.5693,0.054412
111.5793,0.047482
111.5893,0.045279
111.5993,0.040365
111.6093,0.044853
111.6193,0.036162
111.6293,0.068166
111.6393,0.074086
111.6493,0.028979
111.6593,0.055849
111.6693,0.055819
111.6793,0.055221
111.6893,0.045771
111.6993,0.065323
111.7093,0.058148
111.7193,0.065801
111.7293,0.044711
111.7393,0.037132
111.7493,0.059119
111.7593,0.042514
111.7693,0.066894
111.7793,0.028889
111.7893,0.048956
111.7993,0.047358
111.8093,0.050931
111.8193,0.058222
111.8293,0.060014
111.8393,0.063107
111.8493,0.064660
111.8593,0.053713
111.8693,0.081246
111.8793,0.072758
111.8893,0.052540
111.8993,0.054812
111.9093,0.052630
111.9193,0.061157
111.9293,0.045305
111.9393,0.047666
111.9493,0.031303
111.9593,0.052700
111.9693,0.070432
111.9793,0.056002
111.9893,0.056845
111.9993,0.061509
112.0093,0.046317
112.0193,0.058819
112.0293,0.069372
112.0393,0.062539
112.0493,0.070771
112.0593,0.074375
112.0693,0.067330
112.0793,0.050991
112.0893,0.055595
112.0993,0.083076
112.1093,0.063841
112.1193,0.062416
112.1293,0.050098
112.1393,0.059494
112.1493,0.069361
112.1593,0.061117
112.1693,0.054880
112.1793,0.057838
112.1893,0.075763
112.1993,0.069648
112.2094,0.068218
112.2194,0.067274
112.2294,0.047962
112.2394,0.065601
112.2494,0.075323
112.2594,0.059551
112.2694,0.074586
112.2794,0.069575
112.2894,0.073139
112.2994,0.063994
112.3094,0.074197
112.3194,0.046157
112.3294,0.064306
112.3394,0.072641
112.3494,0.067816
112.3594,0.077583
112.3694,0.062727
112.3794,0.058219
112.3894,0.045295
112.3994,0.061865
112.4094,0.071519
112.4194,0.074626
112.4294,0.048880
112.4394,0.079951
112.4494,0.054331
112.4594,0.064747
112.4694,0.059552
112.4794,0.071562
112.4894,0.067861
112.4994,0.075045
112.5094,0.089213
112.5194,0.072039
112.5294,0.060522
112.5394,0.073153
112.5494,0.091140
112.5594,0.075852
112.5694,0.079502
112.5794,0.049209
112.5894,0.073153
112.5994,0.065473
112.6094,0.060706
112.6194,0.068778
112.6294,0.070529
112.6394,0.061911
112.6494,0.071845
112.6594,0.067680
112.6694,0.078371
112.6794,0.072852
112.6894,0.074811
112.6994,0.082232
112.7094,0.077319
112.7194,0.070766
112.7294,0.045976
112.7394,0.077364
112.7494,0.060436
112.7594,0.070524
112.7694,0.076192
112.7794,0.087916
112.7894,0.094208
112.7994,0.061227
112.8094,0.056672
112.8194,0.076551
112.8294,0.075733
112.8394,0.058582
112.8494,0.072987
112.8594,0.080538
112.8694,0.058787
112.8794,0.061795
112.8894,0.066182
112.8994,0.071547
112.9094,0.082603
112.9194,0.070540
112.9294,0.075304
112.9394,0.101776
112.9494,0.063529
112.9594,0.067351
112.9694,0.083506
112.9794,0.087409
112.9894,0.080712
112.9994,0.097625
113.0094,0.079910
113.0194,0.052571
113.0294,0.077631
113.0394,0.069799
113.0494,0.093440
113.0594,0.088593
113.0694,0.058125
113.0794,0.093589
113.0894,0.088841
113.0994,0.073859
113.1094,0.076996
113.1194,0.094827
113.1294,0.054647
113.1394,0.083835
113.1494,0.091796
113.1594,0.077795
113.1694,0.086819
113.1794,0.080467
113.1894,0.070006
113.1994,0.069891
113.2094,0.088328
113.2194,0.072341
113.2294,0.061861
113.2394,0.081810
113.2494,0.074370
113.2594,0.066323
113.2694,0.081760
113.2794,0.090292
113.2894,0.081513
113.2994,0.068662
113.3094,0.087425
113.3194,0.094252
113.3294,0.108573
113.3394,0.099506
113.3494,0.070326
113.3594,0.092875
113.3694,0.085843
113.3794,0.069127
113.3894,0.086545
113.3994,0.106351
113.4095,0.097865
113.4195,0.071541
113.4295,0.084055
113.4395,0.089978
113.4495,0.063507
113.4595,0.064109
113.4695,0.086498
113.4795,0.086843
113.4895,0.062954
113.4995,0.089864
113.5095,0.098441
113.5195,0.082966
113.5295,0.086493
113.5395,0.092821
113.5495,0.091422
113.5595,0.066319
113.5695,0.075671
113.5795,0.081971
113.5895,0.076582
113.5995,0.104705
113.6095,0.094905
113.6195,0.074165
113.6295,0.085100
113.6395,0.101427
113.6495,0.080297
113.6595,0.098462
113.6695,0.105032
113.6795,0.103218
113.6895,0.090980
113.6995,0.104019
113.7095,0.082931
113.7195,0.119219
113.7295,0.092470
113.7395,0.103533
113.7495,0.085619
113.7595,0.096148
113.7695,0.096869
113.7795,0.079393
113.7895,0.079230
113.7995,0.088469
113.8095,0.104380
113.8195,0.069331
113.8295,0.087147
113.8395,0.107412
113.8495,0.077101
113.8595,0.107126
113.8695,0.078739
113.8795,0.081467
113.8895,0.090892
113.8995,0.115334
113.9095,0.085366
113.9195,0.072444
113.9295,0.076610
113.9395,0.104811
113.9495,0.077565
113.9595,0.108272
113.9695,0.095048
113.9795,0.094017
113.9895,0.098167
113.9995,0.085183
114.0095,0.096643
114.0195,0.080867
114.0295,0.111566
114.0395,0.083246
114.0495,0.101036
114.0595,0.083548
114.0695,0.089762
114.0795,0.091870
114.0895,0.132328
114.0995,0.096574
114.1095,0.087085
114.1195,0.091805
114.1295,0.079280
114.1395,0.095579
114.1495,0.119942
114.1595,0.101958
114.1695,0.108964
114.1795,0.087400
114.1895,0.096077
114.1995,0.101161
114.2095,0.090208
114.2195,0.103909
114.2295,0.106691
114.2395,0.106018
114.2495,0.097889
114.2595,0.112991
114.2695,0.097006
114.2795,0.096110
114.2895,0.117793
114.2995,0.087409
114.3095,0.080456
114.3195,0.090676
114.3295,0.105936
114.3395,0.116891
114.3495,0.093761
114.3595,0.123664
114.3695,0.102412
114.3795,0.100899
114.3895,0.092285
114.3995,0.126101
114.4095,0.101081
114.4195,0.087100
114.4295,0.132776
114.4395,0.108209
114.4495,0.113271
114.4595,0.124064
114.4695,0.111460
114.4795,0.115985
114.4895,0.105140
114.4995,0.113493
114.5095,0.104480
114.5195,0.104849
114.5295,0.106729
114.5395,0.100732
114.5495,0.111748
114.5595,0.111920
114.5695,0.115926
114.5795,0.113977
114.5895,0.130504
114.5995,0.119338
114.6096,0.104421
114.6196,0.112548
114.6296,0.124266
114.6396,0.096117
114.6496,0.131890
114.6596,0.098627
114.6696,0.118929
114.6796,0.108408
114.6896,0.107922
114.6996,0.093101
114.7096,0.119830
114.7196,0.093684
114.7296,0.092035
114.7396,0.123469
114.7496,0.131232
114.7596,0.101954
114.7696,0.122203
114.7796,0.119928
114.7896,0.109477
114.7996,0.126810
114.8096,0.109021
114.8196,0.117401
114.8296,0.096350
114.8396,0.097069
114.8496,0.125835
114.8596,0.118627
114.8696,0.110509
114.8796,0.135318
114.8896,0.135398
114.8996,0.118107
114.9096,0.095575
114.9196,0.111910
114.9296,0.103465
114.9396,0.114737
114.9496,0.102635
114.9596,0.099722
114.9696,0.087133
114.9796,0.116499
114.9896,0.087114
114.9996,0.111064
115.0096,0.123447
115.0196,0.106657
115.0296,0.102513
115.0396,0.114925
115.0496,0.106004
115.0596,0.118383
115.0696,0.103970
115.0796,0.115319
115.0896,0.112625
115.0996,0.116852
115.1096,0.136822
115.1196,0.119807
115.1296,0.123672
115.1396,0.110330
115.1496,0.120717
115.1596,0.114950
115.1696,0.118813
115.1796,0.126455
115.1896,0.112875
115.1996,0.114312
115.2096,0.113462
115.2196,0.113441
115.2296,0.121799
115.2396,0.115563
115.2496,0.138118
115.2596,0.152503
115.2696,0.113749
115.2796,0.124304
115.2896,0.133444
115.2996,0.118010
115.3096,0.109479
115.3196,0.142481
115.3296,0.130069
115.3396,0.125872
115.3496,0.139667
115.3596,0.131716
115.3696,0.122110
115.3796,0.111179
115.3896,0.117192
115.3996,0.137783
115.4096,0.131723
115.4196,0.121511
115.4296,0.145164
115.4396,0.122292
115.4496,0.136243
115.4596,0.127247
115.4696,0.148016
115.4796,0.134071
115.4896,0.125803
115.4996,0.123318
115.5096,0.125494
115.5196,0.117189
115.5296,0.109708
115.5396,0.130028
115.5496,0.120137
115.5596,0.120320
115.5696,0.125904
115.5796,0.127812
115.5896,0.127490
115.5996,0.148477
115.6096,0.135782
115.6196,0.153344
115.6296,0.122998
115.6396,0.137887
115.6496,0.124099
115.6596,0.122183
115.6696,0.154880
115.6796,0.120133
115.6896,0.102787
115.6996,0.121290
115.7096,0.105903
115.7196,0.118805
115.7296,0.120134
115.7396,0.131080
115.7496,0.106279
115.7596,0.145444
115.7696,0.108802
115.7796,0.129997
115.7896,0.127859
115.7996,0.141872
115.8097,0.136405
115.8197,0.146648
115.8297,0.128288
115.8397,0.127268
115.8497,0.138018
115.8597,0.145634
115.8697,0.143405
115.8797,0.137586
115.8897,0.136736
115.8997,0.133729
115.9097,0.139304
115.9197,0.159025
115.9297,0.131916
115.9397,0.130674
115.9497,0.129976
115.9597,0.140162
115.9697,0.110250
115.9797,0.134312
115.9897,0.146722
115.9997,0.130061
116.0097,0.138839
116.0197,0.162132
116.0297,0.141022
116.0397,0.110394
116.0497,0.120569
116.0597,0.134698
116.0697,0.128287
116.0797,0.139397
116.0897,0.134845
116.0997,0.152596
116.1097,0.125730
116.1197,0.136560
116.1297,0.141881
116.1397,0.143591
116.1497,0.141483
116.1597,0.111011
116.1697,0.141170
116.1797,0.138586
116.1897,0.150989
116.1997,0.149520
116.2097,0.143960
116.2197,0.145052
116.2297,0.157748
116.2397,0.155549
116.2497,0.145275
116.2597,0.167942
116.2697,0.134884
116.2797,0.128423
116.2897,0.142745
116.2997,0.138615
116.3097,0.113744
116.3197,0.135726
116.3297,0.147904
116.3397,0.143312
116.3497,0.134918
116.3597,0.144971
116.3697,0.146167
116.3797,0.153499
116.3897,0.137447
116.3997,0.155860
116.4097,0.132514
116.4197,0.139789
116.4297,0.166446
116.4397,0.134000
116.4497,0.138610
116.4597,0.131707
116.4697,0.137046
116.4797,0.148863
116.4897,0.155910
116.4997,0.147437
116.5097,0.143994
116.5197,0.133207
116.5297,0.139625
116.5397,0.130028
116.5497,0.157649
116.5597,0.158714
116.5697,0.148786
116.5797,0.154800
116.5897,0.160248
116.5997,0.151179
116.6097,0.166919
116.6197,0.138141
116.6297,0.146474
116.6397,0.145277
116.6497,0.158889
116.6597,0.134144
116.6697,0.168962
116.6797,0.158559
116.6897,0.173054
116.6997,0.151796
116.7097,0.145912
116.7197,0.160634
116.7297,0.165349
116.7397,0.144642
116.7497,0.129478
116.7597,0.131767
116.7697,0.157053
116.7797,0.172632
116.7897,0.138774
116.7997,0.151350
116.8097,0.150671
116.8197,0.178134
116.8297,0.182426
116.8397,0.160650
116.8497,0.166568
116.8597,0.166469
116.8697,0.140898
116.8797,0.164880
116.8897,0.144498
116.8997,0.154911
116.9097,0.170882
116.9197,0.158413
116.9297,0.170908
116.9397,0.173505
116.9497,0.137068
116.9597,0.132255
116.9697,0.172570
116.9797,0.173291
116.9897,0.162178
116.9997,0.164043
117.0098,0.170291
117.0198,0.170305
117.0298,0.156400
117.0398,0.171758
117.0498,0.156369
117.0598,0.163688
117.0698,0.163404
117.0798,0.150929
117.0898,0.152565
117.0998,0.188530
117.1098,0.151257
117.1198,0.166639
117.1298,0.169396
117.1398,0.162028
117.1498,0.170976
117.1598,0.167106
117.1698,0.152956
117.1798,0.170081
117.1898,0.157344
117.1998,0.185009
117.2098,0.169511
117.2198,0.156201
117.2298,0.168952
117.2398,0.153987
117.2498,0.168421
117.2598,0.162861
117.2698,0.155888
117.2798,0.155980
117.2898,0.195515
117.2998,0.167635
117.3098,0.161600
117.3198,0.159764
117.3298,0.172920
117.3398,0.159847
117.3498,0.154617
117.3598,0.167607
117.3698,0.167760
117.3798,0.163479
117.3898,0.158032
117.3998,0.164280
117.4098,0.163581
117.4198,0.162160
117.4298,0.173023
117.4398,0.196665
117.4498,0.186176
117.4598,0.193743
117.4698,0.163873
117.4798,0.191028
117.4898,0.173904
117.4998,0.183259
117.5098,0.177161
117.5198,0.167796
117.5298,0.180796
117.5398,0.178227
117.5498,0.151437
117.5598,0.171412
117.5698,0.183618
117.5798,0.176725
117.5898,0.179277
117.5998,0.164874
117.6098,0.177214
117.6198,0.173231
117.6298,0.172194
117.6398,0.166732
117.6498,0.186110
117.6598,0.179526
117.6698,0.178564
117.6798,0.200488
117.6898,0.181813
117.6998,0.190783
117.7098,0.179902
117.7198,0.172638
117.7298,0.164416
117.7398,0.180273
117.7498,0.145665
117.7598,0.181146
117.7698,0.181912
117.7798,0.175767
117.7898,0.177521
117.7998,0.163866
117.8098,0.195759
117.8198,0.175336
117.8298,0.167970
117.8398,0.186423
117.8498,0.181468
117.8598,0.176091
117.8698,0.175075
117.8798,0.180828
117.8898,0.197298
117.8998,0.187036
117.9098,0.181242
117.9198,0.192137
117.9298,0.182492
117.9398,0.187233
117.9498,0.184482
117.9598,0.190000
117.9698,0.177847
117.9798,0.169759
117.9898,0.194568
117.9998,0.202000
118.0098,0.171093
118.0198,0.186602
118.0298,0.179319
118.0398,0.195562
118.0498,0.188176
118.0598,0.225402
118.0698,0.182111
118.0798,0.204432
118.0898,0.205857
118.0998,0.192901
118.1098,0.187199
118.1198,0.188149
118.1298,0.187391
118.1398,0.201125
118.1498,0.177311
118.1598,0.186109
118.1698,0.184912
118.1798,0.167842
118.1898,0.199122
118.1998,0.201828
118.2099,0.181721
118.2199,0.201952
118.2299,0.170845
118.2399,0.190396
118.2499,0.188853
118.2599,0.191680
118.2699,0.191878
118.2799,0.190222
118.2899,0.186754
118.2999,0.190363
118.3099,0.208286
118.3199,0.185244
118.3299,0.219513
118.3399,0.185088
118.3499,0.195852
118.3599,0.200087
118.3699,0.189993
118.3799,0.210344
118.3899,0.200560
118.3999,0.191821
118.4099,0.210997
118.4199,0.182619
118.4299,0.188282
118.4399,0.202081
118.4499,0.205211
118.4599,0.199728
118.4699,0.194594
118.4799,0.193366
118.4899,0.210224
118.4999,0.199796
118.5099,0.186709
118.5199,0.186281
118.5299,0.215866
118.5399,0.189344
118.5499,0.201507
118.5599,0.214710
118.5699,0.205270
118.5799,0.189939
118.5899,0.187108
118.5999,0.222001
118.6099,0.187334
118.6199,0.193455
118.6299,0.204831
118.6399,0.198001
118.6499,0.207780
118.6599,0.183548
118.6699,0.198904
118.6799,0.209829
118.6899,0.210137
118.6999,0.195363
118.7099,0.190239
118.7199,0.205333
118.7299,0.187287
118.7399,0.218717
118.7499,0.205463
118.7599,0.195481
118.7699,0.191458
118.7799,0.196785
118.7899,0.185908
118.7999,0.210859
118.8099,0.195557
118.8199,0.210258
118.8299,0.212183
118.8399,0.217595
118.8499,0.209296
118.8599,0.220047
118.8699,0.223449
118.8799,0.210186
118.8899,0.211181
118.8999,0.200941
118.9099,0.196051
118.9199,0.223559
118.9299,0.215716
118.9399,0.216962
118.9499,0.201904
118.9599,0.228752
118.9699,0.206795
118.9799,0.200190
118.9899,0.203201
118.9999,0.229214
119.0099,0.197301
119.0199,0.201894
119.0299,0.245964
119.0399,0.222749
119.0499,0.202935
119.0599,0.199029
119.0699,0.192209
119.0799,0.213722
119.0899,0.221569
119.0999,0.231334
119.1099,0.190657
119.1199,0.197756
119.1299,0.212502
119.1399,0.247666
119.1499,0.225121
119.1599,0.219241
119.1699,0.200346
119.1799,0.189882
119.1899,0.216066
119.1999,0.214685
119.2099,0.212942
119.2199,0.211869
119.2299,0.207732
119.2399,0.205259
119.2499,0.233944
119.2599,0.206911
119.2699,0.214515
119.2799,0.217639
119.2899,0.226863
119.2999,0.208445
119.3099,0.230684
119.3199,0.212272
119.3299,0.217566
119.3399,0.239506
119.3499,0.208439
119.3599,0.229002
119.3699,0.232688
119.3799,0.224633
119.3899,0.219786
119.3999,0.246986
119.4100,0.221594
119.4200,0.224491
119.4300,0.218287
119.4400,0.224421
119.4500,0.234460
119.4600,0.219871
119.4700,0.198155
119.4800,0.229904
119.4900,0.211085
119.5000,0.233212
119.5100,0.224578
119.5200,0.236195
119.5300,0.213783
119.5400,0.219025
119.5500,0.221652
119.5600,0.208231
119.5700,0.239641
119.5800,0.207085
119.5900,0.240043
119.6000,0.232255
119.6100,0.225062
119.6200,0.231876
119.6300,0.231835
119.6400,0.223504
119.6500,0.232174
119.6600,0.237658
119.6700,0.217835
119.6800,0.233614
119.6900,0.198232
119.7000,0.206881
119.7100,0.237099
119.7200,0.225599
119.7300,0.220661
119.7400,0.230555
119.7500,0.226729
119.7600,0.219907
119.7700,0.212392
119.7800,0.208733
119.7900,0.241506
119.8000,0.227861
119.8100,0.244857
119.8200,0.228321
119.8300,0.238064
119.8400,0.232591
119.8500,0.234921
119.8600,0.235795
119.8700,0.229623
119.8800,0.220508
119.8900,0.244749
119.9000,0.254971
119.9100,0.256052
119.9200,0.229795
119.9300,0.227930
119.9400,0.230370
119.9500,0.235206
119.9600,0.236980
119.9700,0.225929
119.9800,0.220442
119.9900,0.239092
120.0000,0.196423
