time_s,dF_F
0.0000,0.024534
0.0100,0.035510
0.0200,0.015428
0.0300,0.013999
0.0400,0.016757
0.0500,0.020390
0.0600,0.026141
0.0700,0.019716
0.0800,0.040785
0.0900,0.024208
0.1000,0.027808
0.1100,0.019631
0.1200,0.030118
0.1300,0.017947
0.1400,0.013558
0.1500,0.029053
0.1600,0.019427
0.1700,0.022453
0.1800,0.029819
0.1900,0.021390
0.2000,0.018508
0.2100,0.014646
0.2200,0.030617
0.2300,0.016583
0.2400,0.019489
0.2500,0.022869
0.2600,0.022828
0.2700,0.030137
0.2800,0.019302
0.2900,0.033764
0.3000,0.017512
0.3100,0.023708
0.3200,0.018162
0.3300,0.040931
0.3400,0.016494
0.3500,0.017398
0.3600,0.021147
0.3700,0.017332
0.3800,0.023145
0.3900,0.032291
0.4000,0.021473
0.4100,0.021843
0.4200,0.017709
0.4300,0.014949
0.4400,0.020965
0.4500,0.020076
0.4600,0.031733
0.4700,0.010409
0.4800,0.034545
0.4900,0.018532
0.5000,0.021485
0.5100,0.009352
0.5200,0.025619
0.5300,0.010395
0.5400,0.023734
0.5500,0.022757
0.5600,0.016744
0.5700,0.000000
0.5800,0.041606
0.5900,0.009458
0.6001,0.022727
0.6101,0.012702
0.6201,0.030480
0.6301,0.016205
0.6401,0.012480
0.6501,0.025952
0.6601,0.007280
0.6701,0.015867
0.6801,0.026902
0.6901,0.035068
0.7001,0.010376
0.7101,0.013884
0.7201,0.023521
0.7301,0.000026
0.7401,0.033576
0.7501,0.010005
0.7601,0.015626
0.7701,0.022608
0.7801,0.020512
0.7901,0.010364
0.8001,0.037215
0.8101,0.000000
0.8201,0.008780
0.8301,0.013632
0.8401,0.010503
0.8501,0.032196
0.8601,0.003417
0.8701,0.035575
0.8801,0.017219
0.8901,0.006391
0.9001,0.000000
0.9101,0.017849
0.9201,0.012980
0.9301,0.022365
0.9401,0.015494
0.9501,0.029558
0.9601,0.018575
0.9701,0.015761
0.9801,0.029733
0.9901,0.022282
1.0001,0.027746
1.0101,0.031487
1.0201,0.017062
1.0301,0.020382
1.0401,0.028438
1.0501,0.000000
1.0601,0.018982
1.0701,0.017751
1.0801,0.023741
1.0901,0.011989
1.1001,0.030954
1.1101,0.012622
1.1201,0.015410
1.1301,0.013356
1.1401,0.032299
1.1501,0.000000
1.1601,0.037869
1.1701,0.034734
1.1801,0.014351
1.1901,0.030269
1.2001,0.021301
1.2101,0.036529
1.2201,0.029507
1.2301,0.041931
1.2401,0.004379
1.2501,0.021913
1.2601,0.002759
1.2701,0.014813
1.2801,0.042497
1.2901,0.024682
1.3001,0.029845
1.3101,0.025139
1.3201,0.024505
1.3301,0.014777
1.3401,0.012914
1.3501,0.014508
1.3601,0.000000
1.3701,0.019180
1.3801,0.022398
1.3901,0.013808
1.4001,0.018693
1.4101,0.025250
1.4201,0.028848
1.4301,0.008022
1.4401,0.012052
1.4501,0.027530
1.4601,0.025890
1.4701,0.033444
1.4801,0.033029
1.4901,0.044149
1.5001,0.017072
1.5101,0.035786
1.5201,0.010800
1.5301,0.043941
1.5401,0.024547
1.5501,0.025420
1.5601,0.029899
1.5701,0.006446
1.5801,0.009252
1.5901,0.021157
1.6001,0.023457
1.6101,0.040826
1.6201,0.010508
1.6301,0.035402
1.6401,0.017344
1.6501,0.017205
1.6601,0.018362
1.6701,0.016947
1.6801,0.024865
1.6901,0.016051
1.7001,0.005895
1.7101,0.017322
1.7201,0.024566
1.7301,0.005977
1.7401,0.025818
1.7501,0.031805
1.7601,0.034799
1.7701,0.023377
1.7801,0.001953
1.7901,0.026476
1.8002,0.029672
1.8102,0.013035
1.8202,0.019273
1.8302,0.024836
1.8402,0.037873
1.8502,0.017442
1.8602,0.028913
1.8702,0.023163
1.8802,0.021994
1.8902,0.033305
1.9002,0.011686
1.9102,0.022304
1.9202,0.020272
1.9302,0.004931
1.9402,0.032326
1.9502,0.028290
1.9602,0.020339
1.9702,0.017386
1.9802,0.020002
1.9902,0.027074
2.0002,0.020529
2.0102,0.013325
2.0202,0.014829
2.0302,0.019879
2.0402,0.010674
2.0502,0.023333
2.0602,0.012070
2.0702,0.010457
2.0802,0.051931
2.0902,0.039399
2.1002,0.021439
2.1102,0.028510
2.1202,0.030209
2.1302,0.019246
2.1402,0.022828
2.1502,0.017378
2.1602,0.032557
2.1702,0.032694
2.1802,0.035619
2.1902,0.022660
2.2002,0.041678
2.2102,0.019236
2.2202,0.040469
2.2302,0.015367
2.2402,0.007026
2.2502,0.040278
2.2602,0.026604
2.2702,0.025191
2.2802,0.016395
2.2902,0.011549
2.3002,0.012497
2.3102,0.021385
2.3202,0.018498
2.3302,0.000594
2.3402,0.036938
2.3502,0.015803
2.3602,0.032384
2.3702,0.012944
2.3802,0.021548
2.3902,0.029723
2.4002,0.028343
2.4102,0.017320
2.4202,0.025093
2.4302,0.026759
2.4402,0.018521
2.4502,0.008863
2.4602,0.013754
2.4702,0.016208
2.4802,0.020261
2.4902,0.035924
2.5002,0.029075
2.5102,0.011839
2.5202,0.038365
2.5302,0.019212
2.5402,0.026723
2.5502,0.010610
2.5602,0.015478
2.5702,0.030379
2.5802,0.011211
2.5902,0.020552
2.6002,0.024709
2.6102,0.009771
2.6202,0.002225
2.6302,0.029074
2.6402,0.048634
2.6502,0.024589
2.6602,0.026507
2.6702,0.011159
2.6802,0.034697
2.6902,0.016232
2.7002,0.031637
2.7102,0.026073
2.7202,0.026317
2.7302,0.025933
2.7402,0.025614
2.7502,0.022834
2.7602,0.029693
2.7702,0.012740
2.7802,0.017612
2.7902,0.034681
2.8002,0.021729
2.8102,0.016741
2.8202,0.030349
2.8302,0.028374
2.8402,0.007002
2.8502,0.027299
2.8602,0.021373
2.8702,0.027119
2.8802,0.020107
2.8902,0.024643
2.9002,0.001690
2.9102,0.011051
2.9202,0.027401
2.9302,0.046214
2.9402,0.023673
2.9502,0.013072
2.9602,0.021354
2.9702,0.011066
2.9802,0.032498
2.9902,0.020481
3.0003,0.030532
3.0103,0.018465
3.0203,0.031420
3.0303,0.003764
3.0403,0.020245
3.0503,0.025396
3.0603,0.017316
3.0703,0.023595
3.0803,0.023425
3.0903,0.030488
3.1003,0.026215
3.1103,0.023929
3.1203,0.028795
3.1303,0.006469
3.1403,0.012476
3.1503,0.006147
3.1603,0.025486
3.1703,0.024138
3.1803,0.033853
3.1903,0.023517
3.2003,0.013683
3.2103,0.021340
3.2203,0.001246
3.2303,0.015918
3.2403,0.000000
3.2503,0.023285
3.2603,0.017207
3.2703,0.018677
3.2803,0.010684
3.2903,0.013311
3.3003,0.026926
3.3103,0.005639
3.3203,0.025057
3.3303,0.011888
3.3403,0.003190
3.3503,0.032263
3.3603,0.033292
3.3703,0.014605
3.3803,0.014507
3.3903,0.017491
3.4003,0.011899
3.4103,0.013662
3.4203,0.024501
3.4303,0.040739
3.4403,0.016453
3.4503,0.030231
3.4603,0.023529
3.4703,0.003278
3.4803,0.019756
3.4903,0.018499
3.5003,0.034645
3.5103,0.035052
3.5203,0.023768
3.5303,0.032143
3.5403,0.018536
3.5503,0.031194
3.5603,0.021003
3.5703,0.030977
3.5803,0.031994
3.5903,0.027165
3.6003,0.012584
3.6103,0.015795
3.6203,0.027523
3.6303,0.028935
3.6403,0.021584
3.6503,0.016877
3.6603,0.021914
3.6703,0.017215
3.6803,0.017271
3.6903,0.039600
3.7003,0.015245
3.7103,0.025078
3.7203,0.021529
3.7303,0.007735
3.7403,0.007390
3.7503,0.019189
3.7603,0.000473
3.7703,0.038304
3.7803,0.016384
3.7903,0.015568
3.8003,0.032231
3.8103,0.018593
3.8203,0.026510
3.8303,0.014274
3.8403,0.020454
3.8503,0.029685
3.8603,0.011382
3.8703,0.025277
3.8803,0.000000
3.8903,0.032655
3.9003,0.014436
3.9103,0.019143
3.9203,0.019020
3.9303,0.010251
3.9403,0.009484
3.9503,0.025213
3.9603,0.025683
3.9703,0.011147
3.9803,0.025411
3.9903,0.025579
4.0003,0.016218
4.0103,0.007065
4.0203,0.019625
4.0303,0.023651
4.0403,0.019411
4.0503,0.014075
4.0603,0.024670
4.0703,0.032653
4.0803,0.012297
4.0903,0.017020
4.1003,0.047431
4.1103,0.022909
4.1203,0.007332
4.1303,0.015224
4.1403,0.012431
4.1503,0.023804
4.1603,0.023077
4.1703,0.013635
4.1803,0.038563
4.1903,0.020851
4.2004,0.015443
4.2104,0.007789
4.2204,0.011052
4.2304,0.007540
4.2404,0.018094
4.2504,0.011150
4.2604,0.027840
4.2704,0.014156
4.2804,0.028402
4.2904,0.024915
4.3004,0.026455
4.3104,0.028967
4.3204,0.039933
4.3304,0.011510
4.3404,0.028460
4.3504,0.023981
4.3604,0.030633
4.3704,0.021108
4.3804,0.031760
4.3904,0.007084
4.4004,0.009957
4.4104,0.014308
4.4204,0.019253
4.4304,0.020464
4.4404,0.012600
4.4504,0.010091
4.4604,0.013447
4.4704,0.002907
4.4804,0.017119
4.4904,0.019416
4.5004,0.024410
4.5104,0.021669
4.5204,0.037934
4.5304,0.028124
4.5404,0.027373
4.5504,0.023647
4.5604,0.025357
4.5704,0.017793
4.5804,0.020996
4.5904,0.039216
4.6004,0.019299
4.6104,0.006681
4.6204,0.026968
4.6304,0.028752
4.6404,0.021545
4.6504,0.001217
4.6604,0.032866
4.6704,0.022299
4.6804,0.016897
4.6904,0.031881
4.7004,0.000000
4.7104,0.021119
4.7204,0.014592
4.7304,0.034921
4.7404,0.022429
4.7504,0.011353
4.7604,0.031382
4.7704,0.000000
4.7804,0.025079
4.7904,0.007367
4.8004,0.015376
4.8104,0.017593
4.8204,0.029101
4.8304,0.042034
4.8404,0.002204
4.8504,0.024463
4.8604,0.042025
4.8704,0.014271
4.8804,0.013650
4.8904,0.022359
4.9004,0.028288
4.9104,0.026576
4.9204,0.016413
4.9304,0.011975
4.9404,0.033161
4.9504,0.012254
4.9604,0.000838
4.9704,0.005466
4.9804,0.014239
4.9904,0.034925
5.0004,0.008116
5.0104,0.035219
5.0204,0.033068
5.0304,0.022252
5.0404,0.000000
5.0504,0.008159
5.0604,0.013665
5.0704,0.037307
5.0804,0.014308
5.0904,0.012271
5.1004,0.021883
5.1104,0.005905
5.1204,0.019754
5.1304,0.012014
5.1404,0.046877
5.1504,0.010824
5.1604,0.039299
5.1704,0.008598
5.1804,0.022628
5.1904,0.025003
5.2004,0.021418
5.2104,0.020804
5.2204,0.028615
5.2304,0.024174
5.2404,0.018271
5.2504,0.013256
5.2604,0.018343
5.2704,0.018219
5.2804,0.018022
5.2904,0.020762
5.3004,0.005907
5.3104,0.009724
5.3204,0.028318
5.3304,0.000000
5.3404,0.031970
5.3504,0.014411
5.3604,0.036695
5.3704,0.032262
5.3804,0.016726
5.3904,0.017763
5.4005,0.035933
5.4105,0.032732
5.4205,0.029727
5.4305,0.031442
5.4405,0.009125
5.4505,0.022053
5.4605,0.012296
5.4705,0.008868
5.4805,0.021639
5.4905,0.015862
5.5005,0.018338
5.5105,0.015000
5.5205,0.007455
5.5305,0.036968
5.5405,0.021558
5.5505,0.005578
5.5605,0.021820
5.5705,0.035214
5.5805,0.029587
5.5905,0.014813
5.6005,0.015053
5.6105,0.010429
5.6205,0.012577
5.6305,0.013391
5.6405,0.005317
5.6505,0.015560
5.6605,0.023440
5.6705,0.015860
5.6805,0.022174
5.6905,0.036219
5.7005,0.038357
5.7105,0.019321
5.7205,0.028802
5.7305,0.018334
5.7405,0.015121
5.7505,0.008832
5.7605,0.020866
5.7705,0.030844
5.7805,0.007256
5.7905,0.017129
5.8005,0.016647
5.8105,0.022469
5.8205,0.022628
5.8305,0.025372
5.8405,0.038970
5.8505,0.011295
5.8605,0.010745
5.8705,0.022474
5.8805,0.034527
5.8905,0.005376
5.9005,0.023314
5.9105,0.017987
5.9205,0.028543
5.9305,0.026282
5.9405,0.020485
5.9505,0.024875
5.9605,0.013417
5.9705,0.028002
5.9805,0.033865
5.9905,0.021002
6.0005,0.015920
6.0105,0.018548
6.0205,0.027897
6.0305,0.019581
6.0405,0.008004
6.0505,0.029521
6.0605,0.010172
6.0705,0.024245
6.0805,0.001336
6.0905,0.021082
6.1005,0.019317
6.1105,0.000329
6.1205,0.023328
6.1305,0.008986
6.1405,0.020848
6.1505,0.015883
6.1605,0.005194
6.1705,0.009543
6.1805,0.010343
6.1905,0.029824
6.2005,0.028358
6.2105,0.041945
6.2205,0.014881
6.2305,0.014559
6.2405,0.021349
6.2505,0.016447
6.2605,0.014174
6.2705,0.020544
6.2805,0.027036
6.2905,0.000000
6.3005,0.014278
6.3105,0.005972
6.3205,0.018462
6.3305,0.024326
6.3405,0.031169
6.3505,0.015663
6.3605,0.021063
6.3705,0.003179
6.3805,0.011395
6.3905,0.022071
6.4005,0.006410
6.4105,0.032370
6.4205,0.025235
6.4305,0.010954
6.4405,0.005178
6.4505,0.012807
6.4605,0.011007
6.4705,0.007830
6.4805,0.005932
6.4905,0.017696
6.5005,0.027323
6.5105,0.012889
6.5205,0.024449
6.5305,0.016723
6.5405,0.026123
6.5505,0.012135
6.5605,0.022810
6.5705,0.021201
6.5805,0.033623
6.5905,0.025587
6.6006,0.022560
6.6106,0.005301
6.6206,0.014748
6.6306,0.011996
6.6406,0.011778
6.6506,0.020155
6.6606,0.022408
6.6706,0.022799
6.6806,0.032614
6.6906,0.024835
6.7006,0.007721
6.7106,0.022025
6.7206,0.025844
6.7306,0.032622
6.7406,0.018458
6.7506,0.018555
6.7606,0.030789
6.7706,0.021786
6.7806,0.004016
6.7906,0.001871
6.8006,0.038408
6.8106,0.002863
6.8206,0.018328
6.8306,0.028831
6.8406,0.002354
6.8506,0.009184
6.8606,0.007533
6.8706,0.038011
6.8806,0.040182
6.8906,0.012658
6.9006,0.025795
6.9106,0.023081
6.9206,0.017192
6.9306,0.003732
6.9406,0.043075
6.9506,0.001840
6.9606,0.022121
6.9706,0.013524
6.9806,0.030081
6.9906,0.028459
7.0006,0.010212
7.0106,0.012099
7.0206,0.004498
7.0306,0.021948
7.0406,0.027109
7.0506,0.015583
7.0606,0.017552
7.0706,0.039078
7.0806,0.029362
7.0906,0.033478
7.1006,0.000000
7.1106,0.025472
7.1206,0.022514
7.1306,0.007480
7.1406,0.009561
7.1506,0.017816
7.1606,0.006580
7.1706,0.012013
7.1806,0.015384
7.1906,0.025735
7.2006,0.012932
7.2106,0.015528
7.2206,0.030243
7.2306,0.002357
7.2406,0.022273
7.2506,0.023894
7.2606,0.024168
7.2706,0.014986
7.2806,0.009351
7.2906,0.035195
7.3006,0.011435
7.3106,0.008830
7.3206,0.020202
7.3306,0.012609
7.3406,0.030508
7.3506,0.017348
7.3606,0.031805
7.3706,0.024488
7.3806,0.016118
7.3906,0.031140
7.4006,0.013492
7.4106,0.016799
7.4206,0.025292
7.4306,0.022266
7.4406,0.013263
7.4506,0.004636
7.4606,0.019814
7.4706,0.012729
7.4806,0.020296
7.4906,0.015790
7.5006,0.012824
7.5106,0.017318
7.5206,0.019266
7.5306,0.026950
7.5406,0.024232
7.5506,0.040944
7.5606,0.021414
7.5706,0.013271
7.5806,0.018337
7.5906,0.025683
7.6006,0.030034
7.6106,0.033415
7.6206,0.009830
7.6306,0.032807
7.6406,0.019540
7.6506,0.010730
7.6606,0.017962
7.6706,0.032108
7.6806,0.024573
7.6906,0.007880
7.7006,0.007955
7.7106,0.007677
7.7206,0.012685
7.7306,0.020774
7.7406,0.008738
7.7506,0.015717
7.7606,0.034020
7.7706,0.036178
7.7806,0.035505
7.7906,0.002051
7.8007,0.036737
7.8107,0.020917
7.8207,0.020780
7.8307,0.030289
7.8407,0.027035
7.8507,0.001313
7.8607,0.013875
7.8707,0.016339
7.8807,0.006697
7.8907,0.029972
7.9007,0.034389
7.9107,0.019894
7.9207,0.022986
7.9307,0.019887
7.9407,0.020992
7.9507,0.031177
7.9607,0.002345
7.9707,0.024861
7.9807,0.020119
7.9907,0.012865
8.0007,0.014966
8.0107,0.038324
8.0207,0.006725
8.0307,0.018314
8.0407,0.036295
8.0507,0.007299
8.0607,0.015438
8.0707,0.020423
8.0807,0.024127
8.0907,0.019197
8.1007,0.011046
8.1107,0.024474
8.1207,0.018994
8.1307,0.026278
8.1407,0.029237
8.1507,0.005138
8.1607,0.030331
8.1707,0.017454
8.1807,0.028252
8.1907,0.024939
8.2007,0.038541
8.2107,0.020063
8.2207,0.015967
8.2307,0.014870
8.2407,0.009629
8.2507,0.028081
8.2607,0.008986
8.2707,0.027993
8.2807,0.017765
8.2907,0.002368
8.3007,0.034883
8.3107,0.000000
8.3207,0.019182
8.3307,0.022340
8.3407,0.000000
8.3507,0.024413
8.3607,0.013302
8.3707,0.017515
8.3807,0.033430
8.3907,0.021427
8.4007,0.016494
8.4107,0.018295
8.4207,0.037761
8.4307,0.024046
8.4407,0.011162
8.4507,0.015117
8.4607,0.008099
8.4707,0.015483
8.4807,0.036079
8.4907,0.018337
8.5007,0.006630
8.5107,0.024309
8.5207,0.016074
8.5307,0.025614
8.5407,0.017576
8.5507,0.034453
8.5607,0.010894
8.5707,0.008348
8.5807,0.029376
8.5907,0.000000
8.6007,0.018281
8.6107,0.028006
8.6207,0.000000
8.6307,0.020646
8.6407,0.005041
8.6507,0.001552
8.6607,0.009341
8.6707,0.018166
8.6807,0.012941
8.6907,0.031071
8.7007,0.020824
8.7107,0.015110
8.7207,0.006901
8.7307,0.022241
8.7407,0.040589
8.7507,0.012971
8.7607,0.014144
8.7707,0.009393
8.7807,0.031842
8.7907,0.029270
8.8007,0.015537
8.8107,0.014010
8.8207,0.010561
8.8307,0.017107
8.8407,0.030199
8.8507,0.020415
8.8607,0.032876
8.8707,0.012798
8.8807,0.000000
8.8907,0.046053
8.9007,0.022146
8.9107,0.027785
8.9207,0.012125
8.9307,0.006375
8.9407,0.021547
8.9507,0.000083
8.9607,0.017329
8.9707,0.030223
8.9807,0.024485
8.9907,0.022549
9.0008,0.037437
9.0108,0.023753
9.0208,0.000956
9.0308,0.018509
9.0408,0.039253
9.0508,0.016906
9.0608,0.038641
9.0708,0.030236
9.0808,0.015915
9.0908,0.009195
9.1008,0.023399
9.1108,0.032705
9.1208,0.004214
9.1308,0.021204
9.1408,0.000000
9.1508,0.016604
9.1608,0.003453
9.1708,0.025622
9.1808,0.013110
9.1908,0.031580
9.2008,0.014595
9.2108,0.013684
9.2208,0.003848
9.2308,0.023911
9.2408,0.024921
9.2508,0.029397
9.2608,0.026552
9.2708,0.024013
9.2808,0.025959
9.2908,0.026968
9.3008,0.029077
9.3108,0.004724
9.3208,0.015382
9.3308,0.003769
9.3408,0.023321
9.3508,0.036300
9.3608,0.028963
9.3708,0.013929
9.3808,0.025054
9.3908,0.023489
9.4008,0.022331
9.4108,0.006967
9.4208,0.033151
9.4308,0.008219
9.4408,0.016333
9.4508,0.029591
9.4608,0.016266
9.4708,0.020793
9.4808,0.021196
9.4908,0.020659
9.5008,0.021151
9.5108,0.022139
9.5208,0.020747
9.5308,0.011045
9.5408,0.004500
9.5508,0.029981
9.5608,0.030438
9.5708,0.023375
9.5808,0.023291
9.5908,0.010848
9.6008,0.000000
9.6108,0.017513
9.6208,0.001026
9.6308,0.021844
9.6408,0.033042
9.6508,0.013839
9.6608,0.014413
9.6708,0.009942
9.6808,0.020443
9.6908,0.019668
9.7008,0.009809
9.7108,0.029126
9.7208,0.047024
9.7308,0.031899
9.7408,0.018894
9.7508,0.018775
9.7608,0.014864
9.7708,0.014658
9.7808,0.029582
9.7908,0.030017
9.8008,0.008305
9.8108,0.023663
9.8208,0.031111
9.8308,0.016498
9.8408,0.017885
9.8508,0.026960
9.8608,0.027244
9.8708,0.024291
9.8808,0.022542
9.8908,0.023886
9.9008,0.017223
9.9108,0.008823
9.9208,0.004434
9.9308,0.025956
9.9408,0.021082
9.9508,0.024555
9.9608,0.011711
9.9708,0.021026
9.9808,0.020786
9.9908,0.032790
10.0008,0.028518
10.0108,0.012600
10.0208,0.025046
10.0308,0.012531
10.0408,0.000000
10.0508,0.037260
10.0608,0.016251
10.0708,0.030395
10.0808,0.013387
10.0908,0.011927
10.1008,0.014534
10.1108,0.022526
10.1208,0.021761
10.1308,0.024977
10.1408,0.015036
10.1508,0.020404
10.1608,0.011568
10.1708,0.034693
10.1808,0.006860
10.1908,0.011780
10.2009,0.015766
10.2109,0.043889
10.2209,0.027668
10.2309,0.011464
10.2409,0.028222
10.2509,0.025158
10.2609,0.022737
10.2709,0.026958
10.2809,0.020581
10.2909,0.021708
10.3009,0.004471
10.3109,0.034431
10.3209,0.015525
10.3309,0.007628
10.3409,0.014957
10.3509,0.015359
10.3609,0.011988
10.3709,0.027776
10.3809,0.029742
10.3909,0.000408
10.4009,0.014852
10.4109,0.015569
10.4209,0.018279
10.4309,0.037063
10.4409,0.011864
10.4509,0.035624
10.4609,0.018538
10.4709,0.035717
10.4809,0.016890
10.4909,0.015719
10.5009,0.019774
10.5109,0.032923
10.5209,0.021583
10.5309,0.022093
10.5409,0.026367
10.5509,0.011203
10.5609,0.023367
10.5709,0.013719
10.5809,0.034713
10.5909,0.024187
10.6009,0.026927
10.6109,0.000000
10.6209,0.027067
10.6309,0.018225
10.6409,0.005628
10.6509,0.020950
10.6609,0.004817
10.6709,0.026110
10.6809,0.034340
10.6909,0.002094
10.7009,0.019700
10.7109,0.018351
10.7209,0.000104
10.7309,0.029165
10.7409,0.026257
10.7509,0.040261
10.7609,0.024962
10.7709,0.011210
10.7809,0.025143
10.7909,0.032848
10.8009,0.015351
10.8109,0.028524
10.8209,0.000000
10.8309,0.034751
10.8409,0.028004
10.8509,0.000000
10.8609,0.023827
10.8709,0.000135
10.8809,0.013889
10.8909,0.026789
10.9009,0.018640
10.9109,0.032566
10.9209,0.020637
10.9309,0.019626
10.9409,0.030985
10.9509,0.016624
10.9609,0.019748
10.9709,0.021067
10.9809,0.019325
10.9909,0.031602
11.0009,0.013332
11.0109,0.011697
11.0209,0.009383
11.0309,0.000000
11.0409,0.034837
11.0509,0.010992
11.0609,0.017614
11.0709,0.035580
11.0809,0.018581
11.0909,0.025144
11.1009,0.005794
11.1109,0.033984
11.1209,0.018784
11.1309,0.009817
11.1409,0.009810
11.1509,0.036900
11.1609,0.014138
11.1709,0.010034
11.1809,0.015669
11.1909,0.020454
11.2009,0.021518
11.2109,0.024444
11.2209,0.022348
11.2309,0.026471
11.2409,0.017273
11.2509,0.040722
11.2609,0.015116
11.2709,0.033524
11.2809,0.014010
11.2909,0.005722
11.3009,0.003329
11.3109,0.023040
11.3209,0.031620
11.3309,0.008490
11.3409,0.011225
11.3509,0.023861
11.3609,0.019975
11.3709,0.014144
11.3809,0.007207
11.3909,0.023091
11.4010,0.026529
11.4110,0.024917
11.4210,0.020265
11.4310,0.009443
11.4410,0.023146
11.4510,0.022398
11.4610,0.006868
11.4710,0.016977
11.4810,0.023664
11.4910,0.019218
11.5010,0.000395
11.5110,0.013596
11.5210,0.012931
11.5310,0.025593
11.5410,0.045984
11.5510,0.021340
11.5610,0.008020
11.5710,0.018395
11.5810,0.020106
11.5910,0.027566
11.6010,0.032421
11.6110,0.033910
11.6210,0.025372
11.6310,0.019992
11.6410,0.034834
11.6510,0.016525
11.6610,0.020545
11.6710,0.017566
11.6810,0.000000
11.6910,0.032718
11.7010,0.026755
11.7110,0.000000
11.7210,0.030018
11.7310,0.016966
11.7410,0.029885
11.7510,0.020758
11.7610,0.006427
11.7710,0.020264
11.7810,0.011015
11.7910,0.007771
11.8010,0.028670
11.8110,0.023915
11.8210,0.034976
11.8310,0.016056
11.8410,0.010371
11.8510,0.026388
11.8610,0.011663
11.8710,0.016898
11.8810,0.025251
11.8910,0.018741
11.9010,0.015113
11.9110,0.005973
11.9210,0.029369
11.9310,0.016316
11.9410,0.026181
11.9510,0.024860
11.9610,0.030913
11.9710,0.017644
11.9810,0.016523
11.9910,0.008917
12.0010,0.014577
12.0110,0.023456
12.0210,0.011936
12.0310,0.023340
12.0410,0.034939
12.0510,0.015902
12.0610,0.007302
12.0710,0.016405
12.0810,0.006406
12.0910,0.034070
12.1010,0.021671
12.1110,0.013634
12.1210,0.015416
12.1310,0.009289
12.1410,0.031318
12.1510,0.039675
12.1610,0.006458
12.1710,0.031929
12.1810,0.019134
12.1910,0.034364
12.2010,0.003448
12.2110,0.024137
12.2210,0.017901
12.2310,0.028668
12.2410,0.022786
12.2510,0.022494
12.2610,0.021309
12.2710,0.038089
12.2810,0.020814
12.2910,0.031304
12.3010,0.029044
12.3110,0.031745
12.3210,0.012807
12.3310,0.030125
12.3410,0.026520
12.3510,0.011355
12.3610,0.021224
12.3710,0.046389
12.3810,0.019626
12.3910,0.019967
12.4010,0.028249
12.4110,0.018432
12.4210,0.025344
12.4310,0.019549
12.4410,0.028161
12.4510,0.023618
12.4610,0.043856
12.4710,0.024895
12.4810,0.022309
12.4910,0.034929
12.5010,0.010823
12.5110,0.041751
12.5210,0.015049
12.5310,0.036958
12.5410,0.039700
12.5510,0.019976
12.5610,0.021037
12.5710,0.024342
12.5810,0.031750
12.5910,0.015655
12.6011,0.024643
12.6111,0.022702
12.6211,0.014424
12.6311,0.015588
12.6411,0.027422
12.6511,0.027346
12.6611,0.018702
12.6711,0.027235
12.6811,0.020075
12.6911,0.039717
12.7011,0.025717
12.7111,0.037824
12.7211,0.010024
12.7311,0.030280
12.7411,0.033116
12.7511,0.025878
12.7611,0.021971
12.7711,0.025922
12.7811,0.034988
12.7911,0.015561
12.8011,0.034774
12.8111,0.031055
12.8211,0.025366
12.8311,0.025897
12.8411,0.028799
12.8511,0.044870
12.8611,0.031867
12.8711,0.019063
12.8811,0.024240
12.8911,0.017251
12.9011,0.009903
12.9111,0.017283
12.9211,0.030209
12.9311,0.041852
12.9411,0.039174
12.9511,0.017768
12.9611,0.021448
12.9711,0.020142
12.9811,0.003817
12.9911,0.028061
13.0011,0.037875
13.0111,0.027423
13.0211,0.017374
13.0311,0.021706
13.0411,0.026974
13.0511,0.038069
13.0611,0.028644
13.0711,0.036927
13.0811,0.029870
13.0911,0.033157
13.1011,0.021493
13.1111,0.024142
13.1211,0.018548
13.1311,0.037229
13.1411,0.028407
13.1511,0.000000
13.1611,0.036343
13.1711,0.041379
13.1811,0.023627
13.1911,0.036654
13.2011,0.029860
13.2111,0.010886
13.2211,0.051701
13.2311,0.030241
13.2411,0.034400
13.2511,0.026247
13.2611,0.029645
13.2711,0.034325
13.2811,0.022390
13.2911,0.049863
13.3011,0.041413
13.3111,0.038308
13.3211,0.031829
13.3311,0.025743
13.3411,0.043765
13.3511,0.039679
13.3611,0.029686
13.3711,0.022944
13.3811,0.018139
13.3911,0.034293
13.4011,0.031627
13.4111,0.046081
13.4211,0.044256
13.4311,0.034832
13.4411,0.033741
13.4511,0.023141
13.4611,0.045382
13.4711,0.034314
13.4811,0.041044
13.4911,0.046869
13.5011,0.029555
13.5111,0.027042
13.5211,0.060119
13.5311,0.041487
13.5411,0.032867
13.5511,0.048162
13.5611,0.032791
13.5711,0.039240
13.5811,0.030413
13.5911,0.036037
13.6011,0.033577
13.6111,0.028911
13.6211,0.038969
13.6311,0.030266
13.6411,0.042524
13.6511,0.033830
13.6611,0.019787
13.6711,0.043308
13.6811,0.043588
13.6911,0.059859
13.7011,0.037613
13.7111,0.039382
13.7211,0.042447
13.7311,0.047971
13.7411,0.047459
13.7511,0.041187
13.7611,0.037783
13.7711,0.046652
13.7811,0.037593
13.7911,0.025561
13.8012,0.023554
13.8112,0.035747
13.8212,0.039993
13.8312,0.063627
13.8412,0.037821
13.8512,0.039601
13.8612,0.035206
13.8712,0.045552
13.8812,0.042282
13.8912,0.033209
13.9012,0.029593
13.9112,0.035799
13.9212,0.031503
13.9312,0.037741
13.9412,0.041582
13.9512,0.035271
13.9612,0.054943
13.9712,0.052107
13.9812,0.038334
13.9912,0.031103
14.0012,0.040563
14.0112,0.039640
14.0212,0.040465
14.0312,0.037229
14.0412,0.030832
14.0512,0.041791
14.0612,0.038050
14.0712,0.039056
14.0812,0.042732
14.0912,0.041216
14.1012,0.042749
14.1112,0.038172
14.1212,0.045862
14.1312,0.035200
14.1412,0.031617
14.1512,0.033714
14.1612,0.035965
14.1712,0.029971
14.1812,0.026041
14.1912,0.048120
14.2012,0.055947
14.2112,0.048900
14.2212,0.038610
14.2312,0.026396
14.2412,0.045598
14.2512,0.027725
14.2612,0.043050
14.2712,0.036040
14.2812,0.021349
14.2912,0.059080
14.3012,0.031836
14.3112,0.040956
14.3212,0.043344
14.3312,0.040050
14.3412,0.049520
14.3512,0.037585
14.3612,0.048934
14.3712,0.048420
14.3812,0.031578
14.3912,0.047835
14.4012,0.035058
14.4112,0.034062
14.4212,0.048745
14.4312,0.041877
14.4412,0.049812
14.4512,0.050021
14.4612,0.032045
14.4712,0.053853
14.4812,0.049419
14.4912,0.040825
14.5012,0.045455
14.5112,0.054627
14.5212,0.043862
14.5312,0.068333
14.5412,0.062210
14.5512,0.048594
14.5612,0.045269
14.5712,0.045826
14.5812,0.041789
14.5912,0.049171
14.6012,0.054918
14.6112,0.034671
14.6212,0.054718
14.6312,0.057749
14.6412,0.054260
14.6512,0.047362
14.6612,0.054093
14.6712,0.061903
14.6812,0.048453
14.6912,0.049396
14.7012,0.070610
14.7112,0.052482
14.7212,0.039462
14.7312,0.058390
14.7412,0.053805
14.7512,0.043357
14.7612,0.038997
14.7712,0.052548
14.7812,0.049687
14.7912,0.037972
14.8012,0.049656
14.8112,0.049153
14.8212,0.050169
14.8312,0.055836
14.8412,0.033428
14.8512,0.040052
14.8612,0.046431
14.8712,0.064690
14.8812,0.075233
14.8912,0.051731
14.9012,0.052266
14.9112,0.027504
14.9212,0.061111
14.9312,0.056690
14.9412,0.055153
14.9512,0.039988
14.9612,0.072378
14.9712,0.067913
14.9812,0.055780
14.9912,0.062885
15.0013,0.053605
15.0113,0.061434
15.0213,0.040280
15.0313,0.030745
15.0413,0.040916
15.0513,0.045676
15.0613,0.047435
15.0713,0.058482
15.0813,0.051558
15.0913,0.053975
15.1013,0.042546
15.1113,0.041811
15.1213,0.055064
15.1313,0.049363
15.1413,0.054961
15.1513,0.060490
15.1613,0.071572
15.1713,0.055104
15.1813,0.073574
15.1913,0.059635
15.2013,0.062599
15.2113,0.066367
15.2213,0.063166
15.2313,0.048084
15.2413,0.067064
15.2513,0.052625
15.2613,0.059515
15.2713,0.057960
15.2813,0.068205
15.2913,0.060828
15.3013,0.043169
15.3113,0.078081
15.3213,0.065648
15.3313,0.051927
15.3413,0.046193
15.3513,0.067193
15.3613,0.047644
15.3713,0.065976
15.3813,0.068794
15.3913,0.051740
15.4013,0.050983
15.4113,0.053806
15.4213,0.048754
15.4313,0.061074
15.4413,0.062637
15.4513,0.066325
15.4613,0.050852
15.4713,0.067721
15.4813,0.049581
15.4913,0.067988
15.5013,0.044864
15.5113,0.075544
15.5213,0.054788
15.5313,0.066131
15.5413,0.067062
15.5513,0.047719
15.5613,0.068903
15.5713,0.055182
15.5813,0.057766
15.5913,0.054263
15.6013,0.077241
15.6113,0.049541
15.6213,0.065682
15.6313,0.055281
15.6413,0.072567
15.6513,0.085008
15.6613,0.055630
15.6713,0.063473
15.6813,0.058360
15.6913,0.072732
15.7013,0.060004
15.7113,0.071686
15.7213,0.058793
15.7313,0.085348
15.7413,0.041135
15.7513,0.066960
15.7613,0.063226
15.7713,0.063005
15.7813,0.066467
15.7913,0.064338
15.8013,0.066086
15.8113,0.068118
15.8213,0.081668
15.8313,0.036664
15.8413,0.082932
15.8513,0.090201
15.8613,0.047235
15.8713,0.065366
15.8813,0.078743
15.8913,0.074358
15.9013,0.082078
15.9113,0.069178
15.9213,0.045274
15.9313,0.078791
15.9413,0.072243
15.9513,0.080696
15.9613,0.050836
15.9713,0.054160
15.9813,0.066629
15.9913,0.079939
16.0013,0.082869
16.0113,0.059640
16.0213,0.062978
16.0313,0.095907
16.0413,0.061804
16.0513,0.074231
16.0613,0.063105
16.0713,0.072516
16.0813,0.059251
16.0913,0.059682
16.1013,0.064499
16.1113,0.062901
16.1213,0.065458
16.1313,0.073905
16.1413,0.087697
16.1513,0.063035
16.1613,0.059202
16.1713,0.069330
16.1813,0.060869
16.1913,0.053178
16.2014,0.080320
16.2114,0.070631
16.2214,0.071759
16.2314,0.050851
16.2414,0.064423
16.2514,0.056261
16.2614,0.070364
16.2714,0.072061
16.2814,0.072203
16.2914,0.064347
16.3014,0.062636
16.3114,0.069384
16.3214,0.075036
16.3314,0.065824
16.3414,0.062392
16.3514,0.062970
16.3614,0.065483
16.3714,0.067692
16.3814,0.061388
16.3914,0.068066
16.4014,0.085033
16.4114,0.069879
16.4214,0.060587
16.4314,0.050543
16.4414,0.091643
16.4514,0.084825
16.4614,0.076431
16.4714,0.085364
16.4814,0.079166
16.4914,0.073286
16.5014,0.061794
16.5114,0.093436
16.5214,0.070133
16.5314,0.070833
16.5414,0.075186
16.5514,0.075511
16.5614,0.080867
16.5714,0.079870
16.5814,0.069660
16.5914,0.075843
16.6014,0.081170
16.6114,0.069274
16.6214,0.090516
16.6314,0.076003
16.6414,0.092346
16.6514,0.062596
16.6614,0.083220
16.6714,0.067926
16.6814,0.070642
16.6914,0.086192
16.7014,0.075015
16.7114,0.103431
16.7214,0.082795
16.7314,0.070814
16.7414,0.083128
16.7514,0.075716
16.7614,0.086566
16.7714,0.075442
16.7814,0.082630
16.7914,0.080706
16.8014,0.079665
16.8114,0.089457
16.8214,0.061166
16.8314,0.080333
16.8414,0.072506
16.8514,0.066191
16.8614,0.071460
16.8714,0.073801
16.8814,0.077805
16.8914,0.083692
16.9014,0.085903
16.9114,0.076550
16.9214,0.096649
16.9314,0.077250
16.9414,0.061661
16.9514,0.077841
16.9614,0.081921
16.9714,0.048882
16.9814,0.093847
16.9914,0.080946
17.0014,0.070575
17.0114,0.072661
17.0214,0.090043
17.0314,0.091428
17.0414,0.076265
17.0514,0.069364
17.0614,0.084389
17.0714,0.086389
17.0814,0.089062
17.0914,0.077943
17.1014,0.082518
17.1114,0.084105
17.1214,0.093737
17.1314,0.097528
17.1414,0.100407
17.1514,0.097591
17.1614,0.102867
17.1714,0.095030
17.1814,0.079172
17.1914,0.100567
17.2014,0.071635
17.2114,0.109211
17.2214,0.075981
17.2314,0.094777
17.2414,0.100511
17.2514,0.090830
17.2614,0.065901
17.2714,0.077094
17.2814,0.090310
17.2914,0.093267
17.3014,0.085292
17.3114,0.087992
17.3214,0.072729
17.3314,0.105332
17.3414,0.083979
17.3514,0.095816
17.3614,0.102134
17.3714,0.076718
17.3814,0.089720
17.3914,0.091391
17.4015,0.086201
17.4115,0.098227
17.4215,0.082452
17.4315,0.089846
17.4415,0.085760
17.4515,0.112896
17.4615,0.083185
17.4715,0.097436
17.4815,0.108125
17.4915,0.081148
17.5015,0.091459
17.5115,0.080815
17.5215,0.070724
17.5315,0.083177
17.5415,0.085497
17.5515,0.086266
17.5615,0.088554
17.5715,0.091786
17.5815,0.079932
17.5915,0.095592
17.6015,0.104385
17.6115,0.105734
17.6215,0.090001
17.6315,0.101718
17.6415,0.086146
17.6515,0.089699
17.6615,0.097295
17.6715,0.090140
17.6815,0.081025
17.6915,0.102174
17.7015,0.085733
17.7115,0.088998
17.7215,0.104958
17.7315,0.099926
17.7415,0.096494
17.7515,0.080219
17.7615,0.083458
17.7715,0.099244
17.7815,0.101751
17.7915,0.098161
17.8015,0.091073
17.8115,0.090925
17.8215,0.098330
17.8315,0.083835
17.8415,0.097451
17.8515,0.082827
17.8615,0.086370
17.8715,0.098860
17.8815,0.103093
17.8915,0.100861
17.9015,0.086480
17.9115,0.079098
17.9215,0.097908
17.9315,0.079180
17.9415,0.107802
17.9515,0.087728
17.9615,0.121067
17.9715,0.089290
17.9815,0.103723
17.9915,0.091913
18.0015,0.097782
18.0115,0.101488
18.0215,0.108437
18.0315,0.110215
18.0415,0.107479
18.0515,0.110768
18.0615,0.094417
18.0715,0.107253
18.0815,0.097543
18.0915,0.111001
18.1015,0.102482
18.1115,0.107716
18.1215,0.104616
18.1315,0.109493
18.1415,0.094002
18.1515,0.086548
18.1615,0.112345
18.1715,0.116095
18.1815,0.101675
18.1915,0.111135
18.2015,0.086920
18.2115,0.097188
18.2215,0.104413
18.2315,0.086432
18.2415,0.088681
18.2515,0.105746
18.2615,0.098301
18.2715,0.101083
18.2815,0.100678
18.2915,0.092098
18.3015,0.102951
18.3115,0.105182
18.3215,0.099685
18.3315,0.100690
18.3415,0.103859
18.3515,0.114290
18.3615,0.105341
18.3715,0.087217
18.3815,0.094736
18.3915,0.116188
18.4015,0.100208
18.4115,0.106375
18.4215,0.126704
18.4315,0.113969
18.4415,0.086364
18.4515,0.122492
18.4615,0.109736
18.4715,0.112130
18.4815,0.111676
18.4915,0.117965
18.5015,0.108232
18.5115,0.094411
18.5215,0.112660
18.5315,0.095805
18.5415,0.127988
18.5515,0.106400
18.5615,0.109703
18.5715,0.103660
18.5815,0.114012
18.5915,0.115364
18.6016,0.104233
18.6116,0.115752
18.6216,0.112099
18.6316,0.110664
18.6416,0.104309
18.6516,0.135170
18.6616,0.124056
18.6716,0.119714
18.6816,0.123898
18.6916,0.115835
18.7016,0.109546
18.7116,0.086812
18.7216,0.101256
18.7316,0.135300
18.7416,0.125456
18.7516,0.116082
18.7616,0.098488
18.7716,0.120817
18.7816,0.111894
18.7916,0.121859
18.8016,0.103967
18.8116,0.110392
18.8216,0.124350
18.8316,0.134983
18.8416,0.109328
18.8516,0.106124
18.8616,0.126556
18.8716,0.103936
18.8816,0.104863
18.8916,0.119611
18.9016,0.138018
18.9116,0.108882
18.9216,0.113882
18.9316,0.118902
18.9416,0.113272
18.9516,0.100541
18.9616,0.126439
18.9716,0.120494
18.9816,0.122510
18.9916,0.117636
19.0016,0.134397
19.0116,0.114432
19.0216,0.108919
19.0316,0.136539
19.0416,0.098129
19.0516,0.118790
19.0616,0.119787
19.0716,0.119610
19.0816,0.105458
19.0916,0.109334
19.1016,0.130979
19.1116,0.135467
19.1216,0.117656
19.1316,0.112738
19.1416,0.104413
19.1516,0.131883
19.1616,0.132690
19.1716,0.094803
19.1816,0.098888
19.1916,0.124713
19.2016,0.126225
19.2116,0.119008
19.2216,0.123670
19.2316,0.121746
19.2416,0.124701
19.2516,0.115647
19.2616,0.124754
19.2716,0.118352
19.2816,0.117739
19.2916,0.106868
19.3016,0.124002
19.3116,0.134009
19.3216,0.122945
19.3316,0.122888
19.3416,0.139202
19.3516,0.137117
19.3616,0.144436
19.3716,0.149884
19.3816,0.128131
19.3916,0.116189
19.4016,0.122773
19.4116,0.133939
19.4216,0.142835
19.4316,0.118170
19.4416,0.131437
19.4516,0.121181
19.4616,0.127869
19.4716,0.127946
19.4816,0.133601
19.4916,0.150339
19.5016,0.134994
19.5116,0.126173
19.5216,0.124750
19.5316,0.129019
19.5416,0.122439
19.5516,0.132782
19.5616,0.107502
19.5716,0.129732
19.5816,0.130754
19.5916,0.120698
19.6016,0.128714
19.6116,0.143965
19.6216,0.144918
19.6316,0.127898
19.6416,0.138696
19.6516,0.118709
19.6616,0.130965
19.6716,0.136467
19.6816,0.149662
19.6916,0.146555
19.7016,0.136950
19.7116,0.125980
19.7216,0.148915
19.7316,0.132162
19.7416,0.140285
19.7516,0.134811
19.7616,0.156195
19.7716,0.130408
19.7816,0.145908
19.7916,0.136119
19.8017,0.142912
19.8117,0.153658
19.8217,0.117651
19.8317,0.137281
19.8417,0.129234
19.8517,0.142871
19.8617,0.145566
19.8717,0.134188
19.8817,0.133913
19.8917,0.141412
19.9017,0.126883
19.9117,0.143189
19.9217,0.131922
19.9317,0.147677
19.9417,0.127405
19.9517,0.135154
19.9617,0.133558
19.9717,0.138332
19.9817,0.155321
19.9917,0.150261
20.0017,0.137250
20.0117,0.137486
20.0217,0.151390
20.0317,0.131143
20.0417,0.143253
20.0517,0.137218
20.0617,0.141806
20.0717,0.151861
20.0817,0.137325
20.0917,0.154007
20.1017,0.166510
20.1117,0.150803
20.1217,0.144171
20.1317,0.156833
20.1417,0.134423
20.1517,0.160973
20.1617,0.138482
20.1717,0.167945
20.1817,0.139344
20.1917,0.153384
20.2017,0.131424
20.2117,0.145139
20.2217,0.136728
20.2317,0.133363
20.2417,0.160087
20.2517,0.136011
20.2617,0.141190
20.2717,0.140280
20.2817,0.160448
20.2917,0.159482
20.3017,0.162266
20.3117,0.141955
20.3217,0.163572
20.3317,0.142384
20.3417,0.143044
20.3517,0.143862
20.3617,0.144485
20.3717,0.150459
20.3817,0.143239
20.3917,0.154200
20.4017,0.126052
20.4117,0.154688
20.4217,0.141770
20.4317,0.146234
20.4417,0.146738
20.4517,0.162884
20.4617,0.158761
20.4717,0.152322
20.4817,0.147089
20.4917,0.162333
20.5017,0.172716
20.5117,0.154753
20.5217,0.139315
20.5317,0.148535
20.5417,0.161422
20.5517,0.151669
20.5617,0.147775
20.5717,0.147608
20.5817,0.157814
20.5917,0.141826
20.6017,0.157086
20.6117,0.158586
20.6217,0.153476
20.6317,0.147812
20.6417,0.168694
20.6517,0.145453
20.6617,0.160779
20.6717,0.166600
20.6817,0.161189
20.6917,0.172178
20.7017,0.148785
20.7117,0.152503
20.7217,0.156073
20.7317,0.193866
20.7417,0.166312
20.7517,0.168458
20.7617,0.168317
20.7717,0.162847
20.7817,0.172829
20.7917,0.143908
20.8017,0.165658
20.8117,0.167448
20.8217,0.173630
20.8317,0.152165
20.8417,0.153179
20.8517,0.154091
20.8617,0.169782
20.8717,0.170205
20.8817,0.155621
20.8917,0.184543
20.9017,0.168545
20.9117,0.167205
20.9217,0.164169
20.9317,0.175833
20.9417,0.170706
20.9517,0.185994
20.9617,0.155240
20.9717,0.152208
20.9817,0.160548
20.9917,0.173768
21.0018,0.164239
21.0118,0.181517
21.0218,0.165157
21.0318,0.180199
21.0418,0.161360
21.0518,0.181787
21.0618,0.183936
21.0718,0.164886
21.0818,0.175719
21.0918,0.173791
21.1018,0.176571
21.1118,0.184540
21.1218,0.181719
21.1318,0.177420
21.1418,0.179202
21.1518,0.160172
21.1618,0.172748
21.1718,0.162437
21.1818,0.173564
21.1918,0.185209
21.2018,0.174266
21.2118,0.149576
21.2218,0.164460
21.2318,0.181036
21.2418,0.170131
21.2518,0.183658
21.2618,0.164046
21.2718,0.180234
21.2818,0.181036
21.2918,0.184915
21.3018,0.170764
21.3118,0.185415
21.3218,0.192984
21.3318,0.155493
21.3418,0.179039
21.3518,0.160761
21.3618,0.170526
21.3718,0.171646
21.3818,0.179071
21.3918,0.183816
21.4018,0.189396
21.4118,0.183292
21.4218,0.187694
21.4318,0.170480
21.4418,0.192139
21.4518,0.148922
21.4618,0.197455
21.4718,0.195969
21.4818,0.190307
21.4918,0.205406
21.5018,0.165388
21.5118,0.191532
21.5218,0.185400
21.5318,0.186802
21.5418,0.173037
21.5518,0.188934
21.5618,0.188778
21.5718,0.178718
21.5818,0.185241
21.5918,0.173098
21.6018,0.182605
21.6118,0.196483
21.6218,0.197000
21.6318,0.195196
21.6418,0.197431
21.6518,0.197880
21.6618,0.182029
21.6718,0.192179
21.6818,0.199971
21.6918,0.175628
21.7018,0.175892
21.7118,0.175660
21.7218,0.172533
21.7318,0.180203
21.7418,0.185780
21.7518,0.206481
21.7618,0.187308
21.7718,0.176844
21.7818,0.193995
21.7918,0.190769
21.8018,0.185164
21.8118,0.187427
21.8218,0.204311
21.8318,0.179870
21.8418,0.177640
21.8518,0.199295
21.8618,0.188817
21.8718,0.210809
21.8818,0.194075
21.8918,0.194946
21.9018,0.204148
21.9118,0.179893
21.9218,0.200324
21.9318,0.193626
21.9418,0.207885
21.9518,0.191484
21.9618,0.200056
21.9718,0.195034
21.9818,0.203090
21.9918,0.196787
22.0018,0.202252
22.0118,0.217456
22.0218,0.197325
22.0318,0.204445
22.0418,0.223489
22.0518,0.204707
22.0618,0.176631
22.0718,0.194455
22.0818,0.189210
22.0918,0.210583
22.1018,0.200528
22.1118,0.212192
22.1218,0.207754
22.1318,0.207783
22.1418,0.189542
22.1518,0.206881
22.1618,0.215549
22.1718,0.187458
22.1818,0.198798
22.1918,0.205550
22.2019,0.203018
22.2119,0.216432
22.2219,0.209377
22.2319,0.206175
22.2419,0.210310
22.2519,0.209795
22.2619,0.202579
22.2719,0.198634
22.2819,0.212098
22.2919,0.194776
22.3019,0.201494
22.3119,0.190658
22.3219,0.209550
22.3319,0.214566
22.3419,0.192891
22.3519,0.200713
22.3619,0.197457
22.3719,0.213015
22.3819,0.216436
22.3919,0.197479
22.4019,0.171361
22.4119,0.213803
22.4219,0.202729
22.4319,0.202770
22.4419,0.211919
22.4519,0.198644
22.4619,0.195983
22.4719,0.198730
22.4819,0.207179
22.4919,0.211079
22.5019,0.218622
22.5119,0.206325
22.5219,0.200846
22.5319,0.211154
22.5419,0.192581
22.5519,0.216488
22.5619,0.204408
22.5719,0.200008
22.5819,0.192615
22.5919,0.208565
22.6019,0.199490
22.6119,0.201353
22.6219,0.185584
22.6319,0.197950
22.6419,0.196612
22.6519,0.206482
22.6619,0.199621
22.6719,0.175808
22.6819,0.198147
22.6919,0.187753
22.7019,0.191869
22.7119,0.212336
22.7219,0.185408
22.7319,0.205246
22.7419,0.197226
22.7519,0.195297
22.7619,0.192505
22.7719,0.205493
22.7819,0.206616
22.7919,0.185046
22.8019,0.213803
22.8119,0.190435
22.8219,0.206184
22.8319,0.190488
22.8419,0.197707
22.8519,0.189510
22.8619,0.197011
22.8719,0.200288
22.8819,0.190805
22.8919,0.205443
22.9019,0.206752
22.9119,0.229358
22.9219,0.211585
22.9319,0.214062
22.9419,0.184608
22.9519,0.182714
22.9619,0.199328
22.9719,0.220166
22.9819,0.227042
22.9919,0.195423
23.0019,0.196436
23.0119,0.207737
23.0219,0.200327
23.0319,0.200579
23.0419,0.208647
23.0519,0.229453
23.0619,0.215344
23.0719,0.220990
23.0819,0.183857
23.0919,0.213046
23.1019,0.192800
23.1119,0.219063
23.1219,0.215872
23.1319,0.208336
23.1419,0.194869
23.1519,0.197460
23.1619,0.198269
23.1719,0.209922
23.1819,0.206337
23.1919,0.216499
23.2019,0.218406
23.2119,0.193845
23.2219,0.207050
23.2319,0.206929
23.2419,0.201348
23.2519,0.211716
23.2619,0.207208
23.2719,0.196553
23.2819,0.200877
23.2919,0.198806
23.3019,0.195023
23.3119,0.201445
23.3219,0.189329
23.3319,0.207037
23.3419,0.216339
23.3519,0.202803
23.3619,0.211763
23.3719,0.203852
23.3819,0.192077
23.3919,0.222369
23.4020,0.178074
23.4120,0.202401
23.4220,0.194613
23.4320,0.218115
23.4420,0.204458
23.4520,0.227853
23.4620,0.202658
23.4720,0.194690
23.4820,0.185196
23.4920,0.213365
23.5020,0.193951
23.5120,0.198100
23.5220,0.214579
23.5320,0.212832
23.5420,0.196202
23.5520,0.197758
23.5620,0.184738
23.5720,0.181743
23.5820,0.209935
23.5920,0.211039
23.6020,0.205870
23.6120,0.204170
23.6220,0.195237
23.6320,0.216980
23.6420,0.184458
23.6520,0.197613
23.6620,0.203905
23.6720,0.202294
23.6820,0.202278
23.6920,0.197106
23.7020,0.207707
23.7120,0.190144
23.7220,0.200858
23.7320,0.206617
23.7420,0.198973
23.7520,0.202346
23.7620,0.204453
23.7720,0.184690
23.7820,0.185625
23.7920,0.203638
23.8020,0.196214
23.8120,0.196818
23.8220,0.207988
23.8320,0.192410
23.8420,0.178166
23.8520,0.218869
23.8620,0.214397
23.8720,0.214270
23.8820,0.191091
23.8920,0.201524
23.9020,0.189614
23.9120,0.201699
23.9220,0.198818
23.9320,0.191518
23.9420,0.207331
23.9520,0.199711
23.9620,0.219525
23.9720,0.203156
23.9820,0.176819
23.9920,0.184177
24.0020,0.223255
24.0120,0.198708
24.0220,0.204698
24.0320,0.202396
24.0420,0.216461
24.0520,0.183229
24.0620,0.215591
24.0720,0.214902
24.0820,0.202360
24.0920,0.206431
24.1020,0.198592
24.1120,0.185446
24.1220,0.208101
24.1320,0.204764
24.1420,0.204972
24.1520,0.207121
24.1620,0.196255
24.1720,0.217231
24.1820,0.202380
24.1920,0.207715
24.2020,0.199577
24.2120,0.212800
24.2220,0.203338
24.2320,0.201447
24.2420,0.214372
24.2520,0.185070
24.2620,0.199498
24.2720,0.196172
24.2820,0.206037
24.2920,0.205456
24.3020,0.202180
24.3120,0.195158
24.3220,0.202058
24.3320,0.205532
24.3420,0.200514
24.3520,0.213374
24.3620,0.208418
24.3720,0.202489
24.3820,0.178838
24.3920,0.200115
24.4020,0.208599
24.4120,0.199505
24.4220,0.205331
24.4320,0.200052
24.4420,0.204623
24.4520,0.216308
24.4620,0.210166
24.4720,0.189342
24.4820,0.185718
24.4920,0.206724
24.5020,0.213977
24.5120,0.185692
24.5220,0.200200
24.5320,0.226030
24.5420,0.199612
24.5520,0.227557
24.5620,0.194062
24.5720,0.195829
24.5820,0.195269
24.5920,0.189506
24.6021,0.185385
24.6121,0.200086
24.6221,0.203747
24.6321,0.195130
24.6421,0.197536
24.6521,0.216759
24.6621,0.212016
24.6721,0.199711
24.6821,0.206597
24.6921,0.185934
24.7021,0.204995
24.7121,0.201674
24.7221,0.198557
24.7321,0.202626
24.7421,0.201010
24.7521,0.189162
24.7621,0.219096
24.7721,0.211806
24.7821,0.198420
24.7921,0.184693
24.8021,0.177735
24.8121,0.222345
24.8221,0.200562
24.8321,0.209928
24.8421,0.192811
24.8521,0.199225
24.8621,0.199735
24.8721,0.204713
24.8821,0.203197
24.8921,0.193076
24.9021,0.192971
24.9121,0.201483
24.9221,0.184755
24.9321,0.194067
24.9421,0.200757
24.9521,0.206273
24.9621,0.217333
24.9721,0.197534
24.9821,0.202659
24.9921,0.183625
25.0021,0.205646
25.0121,0.193205
25.0221,0.199216
25.0321,0.207057
25.0421,0.207475
25.0521,0.187761
25.0621,0.210318
25.0721,0.201910
25.0821,0.214970
25.0921,0.216915
25.1021,0.218360
25.1121,0.188054
25.1221,0.206321
25.1321,0.186524
25.1421,0.215313
25.1521,0.216736
25.1621,0.212079
25.1721,0.198052
25.1821,0.207741
25.1921,0.196776
25.2021,0.202436
25.2121,0.201376
25.2221,0.182315
25.2321,0.194203
25.2421,0.225007
25.2521,0.201431
25.2621,0.203901
25.2721,0.202212
25.2821,0.198193
25.2921,0.202659
25.3021,0.198228
25.3121,0.179469
25.3221,0.210161
25.3321,0.218427
25.3421,0.190656
25.3521,0.198170
25.3621,0.217298
25.3721,0.194584
25.3821,0.206175
25.3921,0.245567
25.4021,0.208621
25.4121,0.202987
25.4221,0.211115
25.4321,0.210066
25.4421,0.195676
25.4521,0.184934
25.4621,0.208237
25.4721,0.209737
25.4821,0.199323
25.4921,0.218750
25.5021,0.216746
25.5121,0.210043
25.5221,0.199512
25.5321,0.181389
25.5421,0.200555
25.5521,0.183936
25.5621,0.178727
25.5721,0.208770
25.5821,0.214021
25.5921,0.182792
25.6021,0.199733
25.6121,0.202123
25.6221,0.199374
25.6321,0.188513
25.6421,0.215609
25.6521,0.188789
25.6621,0.182806
25.6721,0.188554
25.6821,0.207112
25.6921,0.199626
25.7021,0.194596
25.7121,0.207575
25.7221,0.205625
25.7321,0.179225
25.7421,0.207474
25.7521,0.214111
25.7621,0.201066
25.7721,0.199949
25.7821,0.221237
25.7921,0.195200
25.8022,0.200642
25.8122,0.205608
25.8222,0.202783
25.8322,0.199575
25.8422,0.203190
25.8522,0.217988
25.8622,0.210375
25.8722,0.201551
25.8822,0.193659
25.8922,0.194988
25.9022,0.211800
25.9122,0.186365
25.9222,0.226330
25.9322,0.201980
25.9422,0.188513
25.9522,0.204118
25.9622,0.194291
25.9722,0.198108
25.9822,0.187191
25.9922,0.199912
26.0022,0.181072
26.0122,0.196300
26.0222,0.194025
26.0322,0.197275
26.0422,0.194656
26.0522,0.202638
26.0622,0.211178
26.0722,0.205904
26.0822,0.215291
26.0922,0.197313
26.1022,0.205545
26.1122,0.205939
26.1222,0.213815
26.1322,0.194994
26.1422,0.210187
26.1522,0.193725
26.1622,0.196599
26.1722,0.198712
26.1822,0.206830
26.1922,0.191428
26.2022,0.192822
26.2122,0.195848
26.2222,0.202783
26.2322,0.192936
26.2422,0.204938
26.2522,0.198720
26.2622,0.208877
26.2722,0.202928
26.2822,0.219820
26.2922,0.203510
26.3022,0.190114
26.3122,0.200171
26.3222,0.202510
26.3322,0.193212
26.3422,0.217469
26.3522,0.199199
26.3622,0.195852
26.3722,0.204114
26.3822,0.193236
26.3922,0.211962
26.4022,0.209952
26.4122,0.203605
26.4222,0.208214
26.4322,0.197302
26.4422,0.187271
26.4522,0.199042
26.4622,0.197283
26.4722,0.181933
26.4822,0.191720
26.4922,0.189994
26.5022,0.191760
26.5122,0.215631
26.5222,0.207418
26.5322,0.211948
26.5422,0.207394
26.5522,0.213128
26.5622,0.202568
26.5722,0.217455
26.5822,0.189984
26.5922,0.201621
26.6022,0.192049
26.6122,0.214715
26.6222,0.206496
26.6322,0.214165
26.6422,0.188264
26.6522,0.196274
26.6622,0.184459
26.6722,0.205911
26.6822,0.198017
26.6922,0.209854
26.7022,0.202615
26.7122,0.180996
26.7222,0.185694
26.7322,0.203122
26.7422,0.206955
26.7522,0.180135
26.7622,0.201463
26.7722,0.192124
26.7822,0.191196
26.7922,0.195748
26.8022,0.203533
26.8122,0.195233
26.8222,0.182437
26.8322,0.203455
26.8422,0.198791
26.8522,0.192915
26.8622,0.199220
26.8722,0.198820
26.8822,0.202738
26.8922,0.199819
26.9022,0.203952
26.9122,0.201812
26.9222,0.210495
26.9322,0.218146
26.9422,0.202147
26.9522,0.196082
26.9622,0.187930
26.9722,0.208762
26.9822,0.193273
26.9922,0.225774
27.0023,0.230090
27.0123,0.200168
27.0223,0.185648
27.0323,0.208836
27.0423,0.223286
27.0523,0.189176
27.0623,0.221279
27.0723,0.183808
27.0823,0.187756
27.0923,0.205388
27.1023,0.212465
27.1123,0.201634
27.1223,0.206792
27.1323,0.213342
27.1423,0.214500
27.1523,0.196075
27.1623,0.193664
27.1723,0.212834
27.1823,0.206840
27.1923,0.208186
27.2023,0.195686
27.2123,0.208679
27.2223,0.191353
27.2323,0.204771
27.2423,0.203416
27.2523,0.203485
27.2623,0.210110
27.2723,0.192096
27.2823,0.209068
27.2923,0.202505
27.3023,0.194383
27.3123,0.189080
27.3223,0.221185
27.3323,0.201604
27.3423,0.198749
27.3523,0.190862
27.3623,0.213185
27.3723,0.212409
27.3823,0.210483
27.3923,0.201688
27.4023,0.209811
27.4123,0.194060
27.4223,0.204474
27.4323,0.201755
27.4423,0.204969
27.4523,0.184167
27.4623,0.220995
27.4723,0.218484
27.4823,0.190798
27.4923,0.208072
27.5023,0.187428
27.5123,0.203137
27.5223,0.180341
27.5323,0.199377
27.5423,0.197421
27.5523,0.213866
27.5623,0.218983
27.5723,0.219208
27.5823,0.213881
27.5923,0.203122
27.6023,0.206181
27.6123,0.206133
27.6223,0.190495
27.6323,0.213758
27.6423,0.209199
27.6523,0.209663
27.6623,0.179484
27.6723,0.206826
27.6823,0.212355
27.6923,0.202146
27.7023,0.197291
27.7123,0.188674
27.7223,0.187957
27.7323,0.203842
27.7423,0.199951
27.7523,0.199811
27.7623,0.217588
27.7723,0.189739
27.7823,0.198841
27.7923,0.219239
27.8023,0.199177
27.8123,0.202961
27.8223,0.200547
27.8323,0.209356
27.8423,0.181748
27.8523,0.200265
27.8623,0.202843
27.8723,0.192316
27.8823,0.205734
27.8923,0.210162
27.9023,0.206818
27.9123,0.220091
27.9223,0.197965
27.9323,0.207284
27.9423,0.207059
27.9523,0.199942
27.9623,0.213632
27.9723,0.205181
27.9823,0.190288
27.9923,0.209804
28.0023,0.197305
28.0123,0.199071
28.0223,0.199811
28.0323,0.209651
28.0423,0.213088
28.0523,0.200703
28.0623,0.200130
28.0723,0.181827
28.0823,0.195200
28.0923,0.192831
28.1023,0.205410
28.1123,0.201228
28.1223,0.193210
28.1323,0.203825
28.1423,0.201622
28.1523,0.176894
28.1623,0.213377
28.1723,0.212407
28.1823,0.199919
28.1923,0.205824
28.2024,0.199046
28.2124,0.186254
28.2224,0.223935
28.2324,0.209796
28.2424,0.211704
28.2524,0.199453
28.2624,0.213558
28.2724,0.188596
28.2824,0.199843
28.2924,0.209696
28.3024,0.196030
28.3124,0.211405
28.3224,0.205336
28.3324,0.204394
28.3424,0.195098
28.3524,0.206342
28.3624,0.221624
28.3724,0.204051
28.3824,0.207858
28.3924,0.209333
28.4024,0.190854
28.4124,0.200972
28.4224,0.200668
28.4324,0.181049
28.4424,0.210188
28.4524,0.192980
28.4624,0.209095
28.4724,0.194718
28.4824,0.222719
28.4924,0.199513
28.5024,0.221510
28.5124,0.200571
28.5224,0.201764
28.5324,0.217964
28.5424,0.193123
28.5524,0.202798
28.5624,0.207694
28.5724,0.206336
28.5824,0.202728
28.5924,0.201355
28.6024,0.210763
28.6124,0.204066
28.6224,0.211962
28.6324,0.206217
28.6424,0.208800
28.6524,0.213634
28.6624,0.199197
28.6724,0.213363
28.6824,0.200730
28.6924,0.188292
28.7024,0.199006
28.7124,0.195071
28.7224,0.206052
28.7324,0.199440
28.7424,0.203577
28.7524,0.212440
28.7624,0.217156
28.7724,0.205225
28.7824,0.213155
28.7924,0.200527
28.8024,0.186667
28.8124,0.190505
28.8224,0.200341
28.8324,0.210254
28.8424,0.200370
28.8524,0.214157
28.8624,0.220615
28.8724,0.193416
28.8824,0.223547
28.8924,0.185951
28.9024,0.220787
28.9124,0.201963
28.9224,0.199970
28.9324,0.202218
28.9424,0.194299
28.9524,0.217314
28.9624,0.195378
28.9724,0.196653
28.9824,0.188506
28.9924,0.194992
29.0024,0.195296
29.0124,0.194625
29.0224,0.200541
29.0324,0.191151
29.0424,0.218243
29.0524,0.200770
29.0624,0.206039
29.0724,0.210916
29.0824,0.222548
29.0924,0.211397
29.1024,0.199820
29.1124,0.191571
29.1224,0.205679
29.1324,0.212921
29.1424,0.203718
29.1524,0.202950
29.1624,0.204433
29.1724,0.183600
29.1824,0.203763
29.1924,0.209621
29.2024,0.201841
29.2124,0.213533
29.2224,0.213867
29.2324,0.197259
29.2424,0.206716
29.2524,0.202726
29.2624,0.182013
29.2724,0.200426
29.2824,0.191989
29.2924,0.203638
29.3024,0.209126
29.3124,0.200122
29.3224,0.193298
29.3324,0.204638
29.3424,0.226735
29.3524,0.180575
29.3624,0.204626
29.3724,0.196860
29.3824,0.198037
29.3924,0.201251
29.4025,0.198858
29.4125,0.208316
29.4225,0.199880
29.4325,0.180680
29.4425,0.215095
29.4525,0.213591
29.4625,0.196231
29.4725,0.202796
29.4825,0.214474
29.4925,0.212630
29.5025,0.215872
29.5125,0.206043
29.5225,0.209994
29.5325,0.216386
29.5425,0.198865
29.5525,0.206704
29.5625,0.180832
29.5725,0.186500
29.5825,0.207298
29.5925,0.208825
29.6025,0.198425
29.6125,0.196234
29.6225,0.198743
29.6325,0.204217
29.6425,0.179161
29.6525,0.206954
29.6625,0.202622
29.6725,0.204773
29.6825,0.201061
29.6925,0.188467
29.7025,0.191316
29.7125,0.217533
29.7225,0.195872
29.7325,0.210376
29.7425,0.191475
29.7525,0.202148
29.7625,0.197891
29.7725,0.199423
29.7825,0.198898
29.7925,0.216737
29.8025,0.221573
29.8125,0.204675
29.8225,0.198171
29.8325,0.189006
29.8425,0.188318
29.8525,0.216792
29.8625,0.187612
29.8725,0.197895
29.8825,0.203851
29.8925,0.176283
29.9025,0.189792
29.9125,0.188914
29.9225,0.195641
29.9325,0.204885
29.9425,0.212576
29.9525,0.195663
29.9625,0.197682
29.9725,0.201102
29.9825,0.194243
29.9925,0.206476
30.0025,0.206785
30.0125,0.175082
30.0225,0.208692
30.0325,0.203570
30.0425,0.204886
30.0525,0.214094
30.0625,0.184435
30.0725,0.189743
30.0825,0.201596
30.0925,0.179084
30.1025,0.200182
30.1125,0.210759
30.1225,0.206265
30.1325,0.203088
30.1425,0.199971
30.1525,0.198020
30.1625,0.197443
30.1725,0.204585
30.1825,0.186789
30.1925,0.216929
30.2025,0.194922
30.2125,0.207875
30.2225,0.203102
30.2325,0.190762
30.2425,0.215225
30.2525,0.213113
30.2625,0.186592
30.2725,0.201563
30.2825,0.204372
30.2925,0.181585
30.3025,0.181093
30.3125,0.193962
30.3225,0.189166
30.3325,0.191863
30.3425,0.189168
30.3525,0.201074
30.3625,0.193375
30.3725,0.213438
30.3825,0.204101
30.3925,0.210241
30.4025,0.185416
30.4125,0.196016
30.4225,0.203660
30.4325,0.206828
30.4425,0.195821
30.4525,0.197287
30.4625,0.198383
30.4725,0.199320
30.4825,0.223940
30.4925,0.205431
30.5025,0.202697
30.5125,0.189708
30.5225,0.189945
30.5325,0.200166
30.5425,0.213602
30.5525,0.200307
30.5625,0.200735
30.5725,0.194856
30.5825,0.184882
30.5925,0.206667
30.6026,0.199755
30.6126,0.206759
30.6226,0.203845
30.6326,0.192657
30.6426,0.204552
30.6526,0.189388
30.6626,0.204474
30.6726,0.201670
30.6826,0.217704
30.6926,0.193629
30.7026,0.189029
30.7126,0.198167
30.7226,0.208389
30.7326,0.174321
30.7426,0.211054
30.7526,0.200212
30.7626,0.190879
30.7726,0.198620
30.7826,0.194888
30.7926,0.190047
30.8026,0.182912
30.8126,0.209603
30.8226,0.196703
30.8326,0.198384
30.8426,0.210746
30.8526,0.202857
30.8626,0.186704
30.8726,0.209026
30.8826,0.217137
30.8926,0.207329
30.9026,0.193648
30.9126,0.187570
30.9226,0.193284
30.9326,0.203329
30.9426,0.216561
30.9526,0.194705
30.9626,0.195809
30.9726,0.212513
30.9826,0.197958
30.9926,0.219438
31.0026,0.200817
31.0126,0.213976
31.0226,0.206126
31.0326,0.209369
31.0426,0.200528
31.0526,0.201182
31.0626,0.206487
31.0726,0.210280
31.0826,0.207559
31.0926,0.184624
31.1026,0.204875
31.1126,0.195732
31.1226,0.196839
31.1326,0.206873
31.1426,0.219277
31.1526,0.199978
31.1626,0.222027
31.1726,0.191328
31.1826,0.214616
31.1926,0.206605
31.2026,0.204384
31.2126,0.216130
31.2226,0.195933
31.2326,0.215074
31.2426,0.200215
31.2526,0.195877
31.2626,0.189032
31.2726,0.218152
31.2826,0.213711
31.2926,0.197518
31.3026,0.207752
31.3126,0.203564
31.3226,0.198769
31.3326,0.211946
31.3426,0.196044
31.3526,0.180382
31.3626,0.204897
31.3726,0.202966
31.3826,0.196366
31.3926,0.193374
31.4026,0.186704
31.4126,0.198671
31.4226,0.193546
31.4326,0.211942
31.4426,0.207463
31.4526,0.197453
31.4626,0.207525
31.4726,0.201224
31.4826,0.199604
31.4926,0.201750
31.5026,0.220011
31.5126,0.208738
31.5226,0.199313
31.5326,0.211237
31.5426,0.210876
31.5526,0.204895
31.5626,0.199013
31.5726,0.198352
31.5826,0.191547
31.5926,0.204103
31.6026,0.196200
31.6126,0.197931
31.6226,0.208538
31.6326,0.219170
31.6426,0.206040
31.6526,0.201247
31.6626,0.202111
31.6726,0.213678
31.6826,0.206175
31.6926,0.204236
31.7026,0.204944
31.7126,0.188012
31.7226,0.206203
31.7326,0.193546
31.7426,0.206242
31.7526,0.194946
31.7626,0.208210
31.7726,0.200768
31.7826,0.190845
31.7926,0.199391
31.8027,0.224357
31.8127,0.179568
31.8227,0.203962
31.8327,0.192193
31.8427,0.216067
31.8527,0.210461
31.8627,0.204157
31.8727,0.211473
31.8827,0.204744
31.8927,0.202359
31.9027,0.196310
31.9127,0.198689
31.9227,0.197658
31.9327,0.202402
31.9427,0.183377
31.9527,0.212595
31.9627,0.221767
31.9727,0.197976
31.9827,0.214048
31.9927,0.200957
32.0027,0.196265
32.0127,0.198423
32.0227,0.203018
32.0327,0.194838
32.0427,0.207977
32.0527,0.196564
32.0627,0.190844
32.0727,0.201179
32.0827,0.194225
32.0927,0.197662
32.1027,0.200150
32.1127,0.187043
32.1227,0.214765
32.1327,0.208030
32.1427,0.193323
32.1527,0.199144
32.1627,0.205400
32.1727,0.200830
32.1827,0.217237
32.1927,0.195744
32.2027,0.209708
32.2127,0.184157
32.2227,0.185377
32.2327,0.213710
32.2427,0.192223
32.2527,0.184544
32.2627,0.195415
32.2727,0.208205
32.2827,0.187602
32.2927,0.194491
32.3027,0.176034
32.3127,0.189560
32.3227,0.203889
32.3327,0.185743
32.3427,0.180536
32.3527,0.185162
32.3627,0.186495
32.3727,0.199908
32.3827,0.195727
32.3927,0.197327
32.4027,0.191551
32.4127,0.184737
32.4227,0.182842
32.4327,0.194598
32.4427,0.205835
32.4527,0.180208
32.4627,0.179107
32.4727,0.177600
32.4827,0.196945
32.4927,0.187881
32.5027,0.193529
32.5127,0.182568
32.5227,0.193504
32.5327,0.184119
32.5427,0.171221
32.5527,0.195575
32.5627,0.185659
32.5727,0.182595
32.5827,0.188188
32.5927,0.170611
32.6027,0.189037
32.6127,0.178451
32.6227,0.182527
32.6327,0.195160
32.6427,0.189869
32.6527,0.181364
32.6627,0.181799
32.6727,0.156886
32.6827,0.173955
32.6927,0.183528
32.7027,0.173898
32.7127,0.167960
32.7227,0.185710
32.7327,0.193658
32.7427,0.173066
32.7527,0.188716
32.7627,0.186901
32.7727,0.169572
32.7827,0.171751
32.7927,0.196748
32.8027,0.167235
32.8127,0.172005
32.8227,0.197443
32.8327,0.171787
32.8427,0.190697
32.8527,0.166639
32.8627,0.177934
32.8727,0.187103
32.8827,0.171263
32.8927,0.176629
32.9027,0.182770
32.9127,0.166001
32.9227,0.197120
32.9327,0.184790
32.9427,0.170536
32.9527,0.171458
32.9627,0.192621
32.9727,0.169654
32.9827,0.168179
32.9927,0.184062
33.0028,0.158294
33.0128,0.171217
33.0228,0.172542
33.0328,0.164365
33.0428,0.155448
33.0528,0.171497
33.0628,0.177391
33.0728,0.163422
33.0828,0.158118
33.0928,0.182182
33.1028,0.174607
33.1128,0.165413
33.1228,0.177946
33.1328,0.170861
33.1428,0.186043
33.1528,0.174500
33.1628,0.153667
33.1728,0.160687
33.1828,0.160874
33.1928,0.169788
33.2028,0.163368
33.2128,0.154840
33.2228,0.171715
33.2328,0.175536
33.2428,0.164220
33.2528,0.167054
33.2628,0.154997
33.2728,0.159160
33.2828,0.159283
33.2928,0.169400
33.3028,0.166089
33.3128,0.159947
33.3228,0.159266
33.3328,0.142998
33.3428,0.178452
33.3528,0.141256
33.3628,0.166047
33.3728,0.161923
33.3828,0.158608
33.3928,0.160902
33.4028,0.154073
33.4128,0.166951
33.4228,0.147008
33.4328,0.163143
33.4428,0.152809
33.4528,0.155039
33.4628,0.155032
33.4728,0.157100
33.4828,0.163498
33.4928,0.157843
33.5028,0.167255
33.5128,0.168098
33.5228,0.160462
33.5328,0.163926
33.5428,0.177075
33.5528,0.142419
33.5628,0.167041
33.5728,0.171455
33.5828,0.160072
33.5928,0.174504
33.6028,0.172929
33.6128,0.151551
33.6228,0.152046
33.6328,0.159687
33.6428,0.147870
33.6528,0.180955
33.6628,0.161462
33.6728,0.153771
33.6828,0.138936
33.6928,0.155290
33.7028,0.140647
33.7128,0.159837
33.7228,0.126949
33.7328,0.165543
33.7428,0.147199
33.7528,0.134259
33.7628,0.150748
33.7728,0.150816
33.7828,0.149741
33.7928,0.163919
33.8028,0.153668
33.8128,0.157558
33.8228,0.146848
33.8328,0.153344
33.8428,0.135728
33.8528,0.151134
33.8628,0.140711
33.8728,0.161230
33.8828,0.148529
33.8928,0.154144
33.9028,0.149880
33.9128,0.165062
33.9228,0.131138
33.9328,0.145346
33.9428,0.136627
33.9528,0.125475
33.9628,0.135465
33.9728,0.157180
33.9828,0.144903
33.9928,0.142753
34.0028,0.152431
34.0128,0.145597
34.0228,0.150322
34.0328,0.147164
34.0428,0.149110
34.0528,0.138934
34.0628,0.153650
34.0728,0.130806
34.0828,0.141817
34.0928,0.153395
34.1028,0.140635
34.1128,0.137617
34.1228,0.164561
34.1328,0.155613
34.1428,0.142595
34.1528,0.131226
34.1628,0.120332
34.1728,0.147522
34.1828,0.152846
34.1928,0.143899
34.2029,0.122588
34.2129,0.141052
34.2229,0.134335
34.2329,0.140575
34.2429,0.158147
34.2529,0.146363
34.2629,0.143985
34.2729,0.137528
34.2829,0.141882
34.2929,0.130265
34.3029,0.142802
34.3129,0.135076
34.3229,0.128546
34.3329,0.144677
34.3429,0.113970
34.3529,0.130599
34.3629,0.141938
34.3729,0.147811
34.3829,0.140042
34.3929,0.128365
34.4029,0.134338
34.4129,0.137522
34.4229,0.149976
34.4329,0.143339
34.4429,0.143175
34.4529,0.134313
34.4629,0.122712
34.4729,0.119125
34.4829,0.129937
34.4929,0.139709
34.5029,0.127460
34.5129,0.137966
34.5229,0.124063
34.5329,0.125372
34.5429,0.145622
34.5529,0.138977
34.5629,0.128011
34.5729,0.122537
34.5829,0.140100
34.5929,0.139143
34.6029,0.136539
34.6129,0.128137
34.6229,0.118739
34.6329,0.129306
34.6429,0.143300
34.6529,0.119904
34.6629,0.129239
34.6729,0.144893
34.6829,0.125264
34.6929,0.126803
34.7029,0.114346
34.7129,0.133854
34.7229,0.119988
34.7329,0.111621
34.7429,0.117405
34.7529,0.128798
34.7629,0.110687
34.7729,0.112404
34.7829,0.131629
34.7929,0.125087
34.8029,0.116447
34.8129,0.122149
34.8229,0.142520
34.8329,0.137732
34.8429,0.123616
34.8529,0.132629
34.8629,0.125455
34.8729,0.106280
34.8829,0.104269
34.8929,0.114485
34.9029,0.107599
34.9129,0.125852
34.9229,0.117416
34.9329,0.126948
34.9429,0.126881
34.9529,0.129155
34.9629,0.112729
34.9729,0.126973
34.9829,0.112042
34.9929,0.128492
35.0029,0.133387
35.0129,0.128174
35.0229,0.118954
35.0329,0.126175
35.0429,0.104958
35.0529,0.102487
35.0629,0.124525
35.0729,0.132719
35.0829,0.107111
35.0929,0.119362
35.1029,0.123384
35.1129,0.112635
35.1229,0.115172
35.1329,0.124484
35.1429,0.119220
35.1529,0.119050
35.1629,0.107888
35.1729,0.117187
35.1829,0.113307
35.1929,0.113630
35.2029,0.111448
35.2129,0.116377
35.2229,0.107756
35.2329,0.116349
35.2429,0.112367
35.2529,0.106485
35.2629,0.096110
35.2729,0.124861
35.2829,0.122640
35.2929,0.106919
35.3029,0.121575
35.3129,0.104302
35.3229,0.111270
35.3329,0.108831
35.3429,0.111150
35.3529,0.120180
35.3629,0.109493
35.3729,0.109908
35.3829,0.120530
35.3929,0.113509
35.4030,0.106768
35.4130,0.114886
35.4230,0.122201
35.4330,0.122629
35.4430,0.098618
35.4530,0.098915
35.4630,0.121447
35.4730,0.108377
35.4830,0.089048
35.4930,0.103546
35.5030,0.106252
35.5130,0.107313
35.5230,0.117886
35.5330,0.100743
35.5430,0.119188
35.5530,0.112482
35.5630,0.096564
35.5730,0.106034
35.5830,0.113974
35.5930,0.109223
35.6030,0.112417
35.6130,0.102553
35.6230,0.113775
35.6330,0.104043
35.6430,0.133290
35.6530,0.094435
35.6630,0.134411
35.6730,0.097722
35.6830,0.119747
35.6930,0.115112
35.7030,0.097544
35.7130,0.112437
35.7230,0.101288
35.7330,0.108798
35.7430,0.107331
35.7530,0.102164
35.7630,0.101137
35.7730,0.108674
35.7830,0.096032
35.7930,0.096214
35.8030,0.114230
35.8130,0.108770
35.8230,0.091225
35.8330,0.094065
35.8430,0.082539
35.8530,0.112807
35.8630,0.110403
35.8730,0.092437
35.8830,0.109628
35.8930,0.122795
35.9030,0.087354
35.9130,0.096405
35.9230,0.086752
35.9330,0.111658
35.9430,0.101021
35.9530,0.097810
35.9630,0.103875
35.9730,0.095841
35.9830,0.097204
35.9930,0.103778
36.0030,0.094740
36.0130,0.095962
36.0230,0.098898
36.0330,0.101188
36.0430,0.106102
36.0530,0.105730
36.0630,0.084714
36.0730,0.113602
36.0830,0.099926
36.0930,0.095831
36.1030,0.089925
36.1130,0.118666
36.1230,0.122186
36.1330,0.117063
36.1430,0.099430
36.1530,0.101471
36.1630,0.112755
36.1730,0.095252
36.1830,0.102888
36.1930,0.099562
36.2030,0.116293
36.2130,0.111285
36.2230,0.095358
36.2330,0.111804
36.2430,0.096332
36.2530,0.090729
36.2630,0.093151
36.2730,0.097296
36.2830,0.087789
36.2930,0.090281
36.3030,0.080841
36.3130,0.086868
36.3230,0.097257
36.3330,0.105152
36.3430,0.103690
36.3530,0.098667
36.3630,0.078896
36.3730,0.085398
36.3830,0.091854
36.3930,0.103277
36.4030,0.087900
36.4130,0.081092
36.4230,0.107593
36.4330,0.085582
36.4430,0.081474
36.4530,0.094848
36.4630,0.091896
36.4730,0.087217
36.4830,0.092044
36.4930,0.082604
36.5030,0.086570
36.5130,0.091148
36.5230,0.070974
36.5330,0.100707
36.5430,0.077251
36.5530,0.081415
36.5630,0.100629
36.5730,0.096145
36.5830,0.091150
36.5930,0.073020
36.6031,0.083870
36.6131,0.087591
36.6231,0.088143
36.6331,0.100818
36.6431,0.109173
36.6531,0.095204
36.6631,0.083538
36.6731,0.100853
36.6831,0.082640
36.6931,0.062126
36.7031,0.075695
36.7131,0.064299
36.7231,0.084008
36.7331,0.085891
36.7431,0.071576
36.7531,0.078790
36.7631,0.072896
36.7731,0.085718
36.7831,0.078283
36.7931,0.096746
36.8031,0.088173
36.8131,0.102354
36.8231,0.081589
36.8331,0.107410
36.8431,0.085822
36.8531,0.080343
36.8631,0.109546
36.8731,0.067005
36.8831,0.079594
36.8931,0.068302
36.9031,0.066402
36.9131,0.063945
36.9231,0.090616
36.9331,0.070991
36.9431,0.081566
36.9531,0.092866
36.9631,0.088413
36.9731,0.087752
36.9831,0.095585
36.9931,0.099375
37.0031,0.070597
37.0131,0.087780
37.0231,0.080060
37.0331,0.081150
37.0431,0.067337
37.0531,0.076967
37.0631,0.077895
37.0731,0.096260
37.0831,0.070240
37.0931,0.057774
37.1031,0.081404
37.1131,0.068733
37.1231,0.079742
37.1331,0.087582
37.1431,0.079813
37.1531,0.076335
37.1631,0.078919
37.1731,0.088797
37.1831,0.068614
37.1931,0.087283
37.2031,0.069792
37.2131,0.085695
37.2231,0.064082
37.2331,0.084777
37.2431,0.078172
37.2531,0.079995
37.2631,0.088458
37.2731,0.070497
37.2831,0.078297
37.2931,0.081421
37.3031,0.075238
37.3131,0.085236
37.3231,0.081207
37.3331,0.071950
37.3431,0.090197
37.3531,0.083050
37.3631,0.068847
37.3731,0.068588
37.3831,0.074760
37.3931,0.081272
37.4031,0.054505
37.4131,0.068477
37.4231,0.070549
37.4331,0.061790
37.4431,0.065792
37.4531,0.077226
37.4631,0.070807
37.4731,0.071436
37.4831,0.061596
37.4931,0.073091
37.5031,0.060030
37.5131,0.089505
37.5231,0.092192
37.5331,0.069872
37.5431,0.063224
37.5531,0.082839
37.5631,0.080062
37.5731,0.092731
37.5831,0.095240
37.5931,0.053407
37.6031,0.085108
37.6131,0.071142
37.6231,0.078704
37.6331,0.080838
37.6431,0.080266
37.6531,0.082757
37.6631,0.066998
37.6731,0.062919
37.6831,0.084164
37.6931,0.063425
37.7031,0.090604
37.7131,0.064194
37.7231,0.067878
37.7331,0.069631
37.7431,0.055973
37.7531,0.055850
37.7631,0.080201
37.7731,0.053729
37.7831,0.095976
37.7931,0.069687
37.8032,0.060185
37.8132,0.074530
37.8232,0.045559
37.8332,0.066692
37.8432,0.067825
37.8532,0.057067
37.8632,0.063262
37.8732,0.084691
37.8832,0.071114
37.8932,0.073127
37.9032,0.061116
37.9132,0.055602
37.9232,0.066277
37.9332,0.043963
37.9432,0.057423
37.9532,0.055719
37.9632,0.047708
37.9732,0.074441
37.9832,0.066496
37.9932,0.061458
38.0032,0.074218
38.0132,0.050918
38.0232,0.053779
38.0332,0.078242
38.0432,0.089736
38.0532,0.073618
38.0632,0.071346
38.0732,0.060666
38.0832,0.060751
38.0932,0.068467
38.1032,0.079778
38.1132,0.070170
38.1232,0.075339
38.1332,0.056452
38.1432,0.071640
38.1532,0.058613
38.1632,0.066584
38.1732,0.071196
38.1832,0.059582
38.1932,0.054580
38.2032,0.068233
38.2132,0.063117
38.2232,0.065683
38.2332,0.070750
38.2432,0.077109
38.2532,0.070526
38.2632,0.069070
38.2732,0.058605
38.2832,0.059998
38.2932,0.067870
38.3032,0.059550
38.3132,0.067545
38.3232,0.054744
38.3332,0.082052
38.3432,0.064555
38.3532,0.063757
38.3632,0.057510
38.3732,0.081326
38.3832,0.049522
38.3932,0.054885
38.4032,0.070311
38.4132,0.064032
38.4232,0.055728
38.4332,0.055875
38.4432,0.058307
38.4532,0.062098
38.4632,0.076474
38.4732,0.066851
38.4832,0.070894
38.4932,0.056179
38.5032,0.065541
38.5132,0.044697
38.5232,0.061928
38.5332,0.061149
38.5432,0.078045
38.5532,0.075269
38.5632,0.056972
38.5732,0.051247
38.5832,0.051385
38.5932,0.056198
38.6032,0.072025
38.6132,0.063020
38.6232,0.063914
38.6332,0.066710
38.6432,0.048520
38.6532,0.051235
38.6632,0.063392
38.6732,0.050265
38.6832,0.042654
38.6932,0.046957
38.7032,0.068191
38.7132,0.053772
38.7232,0.059636
38.7332,0.046918
38.7432,0.060902
38.7532,0.054278
38.7632,0.061301
38.7732,0.051926
38.7832,0.061614
38.7932,0.051167
38.8032,0.055500
38.8132,0.053453
38.8232,0.056299
38.8332,0.058694
38.8432,0.050821
38.8532,0.054441
38.8632,0.057369
38.8732,0.060448
38.8832,0.054478
38.8932,0.046236
38.9032,0.055839
38.9132,0.061545
38.9232,0.041379
38.9332,0.041364
38.9432,0.047825
38.9532,0.052392
38.9632,0.032215
38.9732,0.059794
38.9832,0.052096
38.9932,0.030280
39.0033,0.042528
39.0133,0.050523
39.0233,0.035673
39.0333,0.062973
39.0433,0.055007
39.0533,0.059790
39.0633,0.042588
39.0733,0.056862
39.0833,0.046013
39.0933,0.050565
39.1033,0.055889
39.1133,0.051531
39.1233,0.060186
39.1333,0.053364
39.1433,0.047213
39.1533,0.060145
39.1633,0.062124
39.1733,0.052335
39.1833,0.064692
39.1933,0.048849
39.2033,0.049796
39.2133,0.050991
39.2233,0.049522
39.2333,0.047587
39.2433,0.043417
39.2533,0.040497
39.2633,0.051419
39.2733,0.062168
39.2833,0.058199
39.2933,0.053812
39.3033,0.062296
39.3133,0.049871
39.3233,0.039664
39.3333,0.045931
39.3433,0.048693
39.3533,0.044050
39.3633,0.055149
39.3733,0.058279
39.3833,0.031477
39.3933,0.047218
39.4033,0.019516
39.4133,0.047507
39.4233,0.047270
39.4333,0.065935
39.4433,0.062811
39.4533,0.057248
39.4633,0.038203
39.4733,0.037501
39.4833,0.036591
39.4933,0.062694
39.5033,0.038200
39.5133,0.043325
39.5233,0.038060
39.5333,0.034352
39.5433,0.050137
39.5533,0.048221
39.5633,0.024319
39.5733,0.033423
39.5833,0.048872
39.5933,0.045475
39.6033,0.042065
39.6133,0.052009
39.6233,0.031400
39.6333,0.039759
39.6433,0.050767
39.6533,0.038972
39.6633,0.048469
39.6733,0.033760
39.6833,0.036862
39.6933,0.027158
39.7033,0.024287
39.7133,0.039978
39.7233,0.049117
39.7333,0.043348
39.7433,0.055978
39.7533,0.040327
39.7633,0.022934
39.7733,0.047457
39.7833,0.033110
39.7933,0.045034
39.8033,0.020800
39.8133,0.040785
39.8233,0.050443
39.8333,0.049102
39.8433,0.040670
39.8533,0.042545
39.8633,0.037968
39.8733,0.039838
39.8833,0.048970
39.8933,0.035084
39.9033,0.035946
39.9133,0.026551
39.9233,0.048695
39.9333,0.038912
39.9433,0.029363
39.9533,0.050098
39.9633,0.040746
39.9733,0.033671
39.9833,0.049903
39.9933,0.037445
40.0033,0.025048
40.0133,0.050210
40.0233,0.032108
40.0333,0.070593
40.0433,0.035818
40.0533,0.020003
40.0633,0.057586
40.0733,0.039363
40.0833,0.042369
40.0933,0.043512
40.1033,0.025972
40.1133,0.017795
40.1233,0.058884
40.1333,0.023597
40.1433,0.055496
40.1533,0.044265
40.1633,0.040637
40.1733,0.034089
40.1833,0.061745
40.1933,0.031614
40.2034,0.031778
40.2134,0.045043
40.2234,0.031470
40.2334,0.027970
40.2434,0.037398
40.2534,0.044742
40.2634,0.056548
40.2734,0.058474
40.2834,0.019619
40.2934,0.047839
40.3034,0.027461
40.3134,0.027846
40.3234,0.031681
40.3334,0.030931
40.3434,0.026154
40.3534,0.013485
40.3634,0.051097
40.3734,0.045505
40.3834,0.036246
40.3934,0.026623
40.4034,0.048539
40.4134,0.035440
40.4234,0.030212
40.4334,0.019410
40.4434,0.041123
40.4534,0.032285
40.4634,0.038129
40.4734,0.037093
40.4834,0.041652
40.4934,0.037359
40.5034,0.032026
40.5134,0.040512
40.5234,0.044364
40.5334,0.050209
40.5434,0.023429
40.5534,0.045646
40.5634,0.018535
40.5734,0.044450
40.5834,0.028290
40.5934,0.042501
40.6034,0.048902
40.6134,0.036159
40.6234,0.033783
40.6334,0.033163
40.6434,0.029331
40.6534,0.045171
40.6634,0.032740
40.6734,0.011956
40.6834,0.042441
40.6934,0.041807
40.7034,0.033813
40.7134,0.025391
40.7234,0.021562
40.7334,0.025202
40.7434,0.034935
40.7534,0.014403
40.7634,0.036974
40.7734,0.033348
40.7834,0.045387
40.7934,0.039419
40.8034,0.025068
40.8134,0.015282
40.8234,0.023871
40.8334,0.045788
40.8434,0.034812
40.8534,0.037734
40.8634,0.025362
40.8734,0.036394
40.8834,0.016238
40.8934,0.040685
40.9034,0.019672
40.9134,0.011375
40.9234,0.053636
40.9334,0.032255
40.9434,0.031872
40.9534,0.011994
40.9634,0.036813
40.9734,0.039342
40.9834,0.028383
40.9934,0.039169
41.0034,0.041870
41.0134,0.035316
41.0234,0.008291
41.0334,0.018332
41.0434,0.046612
41.0534,0.030462
41.0634,0.030402
41.0734,0.021111
41.0834,0.022948
41.0934,0.041145
41.1034,0.044098
41.1134,0.036981
41.1234,0.034420
41.1334,0.035067
41.1434,0.027993
41.1534,0.016556
41.1634,0.014290
41.1734,0.041532
41.1834,0.027951
41.1934,0.032948
41.2034,0.030181
41.2134,0.030585
41.2234,0.031316
41.2334,0.034737
41.2434,0.019985
41.2534,0.039381
41.2634,0.020077
41.2734,0.029746
41.2834,0.015419
41.2934,0.025480
41.3034,0.020445
41.3134,0.027183
41.3234,0.034193
41.3334,0.027497
41.3434,0.046243
41.3534,0.034491
41.3634,0.024146
41.3734,0.025467
41.3834,0.030004
41.3934,0.033168
41.4035,0.013683
41.4135,0.032289
41.4235,0.013740
41.4335,0.031118
41.4435,0.036619
41.4535,0.028515
41.4635,0.002159
41.4735,0.007492
41.4835,0.030842
41.4935,0.000577
41.5035,0.031113
41.5135,0.034762
41.5235,0.036165
41.5335,0.022298
41.5435,0.028998
41.5535,0.026602
41.5635,0.009684
41.5735,0.031763
41.5835,0.038118
41.5935,0.031007
41.6035,0.018986
41.6135,0.031314
41.6235,0.036791
41.6335,0.035378
41.6435,0.033885
41.6535,0.007599
41.6635,0.027401
41.6735,0.029776
41.6835,0.033608
41.6935,0.028279
41.7035,0.038543
41.7135,0.004647
41.7235,0.028410
41.7335,0.027519
41.7435,0.031658
41.7535,0.037954
41.7635,0.013552
41.7735,0.037422
41.7835,0.030388
41.7935,0.020269
41.8035,0.012955
41.8135,0.023909
41.8235,0.024705
41.8335,0.025163
41.8435,0.015384
41.8535,0.027650
41.8635,0.017404
41.8735,0.033528
41.8835,0.038368
41.8935,0.013043
41.9035,0.021671
41.9135,0.030697
41.9235,0.023638
41.9335,0.007257
41.9435,0.029334
41.9535,0.014532
41.9635,0.022499
41.9735,0.010458
41.9835,0.028248
41.9935,0.015996
42.0035,0.029128
42.0135,0.017925
42.0235,0.015232
42.0335,0.024149
42.0435,0.009272
42.0535,0.037992
42.0635,0.021862
42.0735,0.014341
42.0835,0.016009
42.0935,0.020177
42.1035,0.029959
42.1135,0.011055
42.1235,0.016312
42.1335,0.019505
42.1435,0.035425
42.1535,0.029991
42.1635,0.035902
42.1735,0.020310
42.1835,0.034328
42.1935,0.032673
42.2035,0.026968
42.2135,0.027770
42.2235,0.014054
42.2335,0.038283
42.2435,0.017549
42.2535,0.025597
42.2635,0.026767
42.2735,0.006287
42.2835,0.019489
42.2935,0.022034
42.3035,0.018866
42.3135,0.019608
42.3235,0.034927
42.3335,0.011729
42.3435,0.007312
42.3535,0.014135
42.3635,0.027442
42.3735,0.028417
42.3835,0.026060
42.3935,0.029118
42.4035,0.022560
42.4135,0.014820
42.4235,0.010548
42.4335,0.007379
42.4435,0.017728
42.4535,0.027883
42.4635,0.022369
42.4735,0.020229
42.4835,0.009446
42.4935,0.045793
42.5035,0.011745
42.5135,0.021206
42.5235,0.030030
42.5335,0.020423
42.5435,0.011931
42.5535,0.028087
42.5635,0.006604
42.5735,0.037420
42.5835,0.022822
42.5935,0.017466
42.6036,0.005836
42.6136,0.008480
42.6236,0.019479
42.6336,0.038927
42.6436,0.022330
42.6536,0.023471
42.6636,0.023861
42.6736,0.043640
42.6836,0.015586
42.6936,0.035655
42.7036,0.016014
42.7136,0.012964
42.7236,0.019204
42.7336,0.019155
42.7436,0.025620
42.7536,0.000000
42.7636,0.021479
42.7736,0.014013
42.7836,0.012760
42.7936,0.007042
42.8036,0.016352
42.8136,0.014834
42.8236,0.015734
42.8336,0.003614
42.8436,0.020981
42.8536,0.012084
42.8636,0.003650
42.8736,0.014518
42.8836,0.012259
42.8936,0.020411
42.9036,0.014385
42.9136,0.005505
42.9236,0.011116
42.9336,0.002733
42.9436,0.031371
42.9536,0.032979
42.9636,0.034189
42.9736,0.014102
42.9836,0.032971
42.9936,0.024070
43.0036,0.011778
43.0136,0.013715
43.0236,0.018280
43.0336,0.021025
43.0436,0.023629
43.0536,0.019982
43.0636,0.016515
43.0736,0.033521
43.0836,0.018862
43.0936,0.018290
43.1036,0.017827
43.1136,0.018868
43.1236,0.006376
43.1336,0.009969
43.1436,0.044460
43.1536,0.003496
43.1636,0.022718
43.1736,0.023425
43.1836,0.030127
43.1936,0.023668
43.2036,0.038909
43.2136,0.022396
43.2236,0.033479
43.2336,0.030400
43.2436,0.035420
43.2536,0.020248
43.2636,0.023979
43.2736,0.016308
43.2836,0.021598
43.2936,0.022150
43.3036,0.000000
43.3136,0.018569
43.3236,0.028899
43.3336,0.006498
43.3436,0.010137
43.3536,0.031556
43.3636,0.033431
43.3736,0.013792
43.3836,0.021740
43.3936,0.019219
43.4036,0.031770
43.4136,0.014667
43.4236,0.016214
43.4336,0.033408
43.4436,0.009967
43.4536,0.015020
43.4636,0.021329
43.4736,0.035238
43.4836,0.008065
43.4936,0.012894
43.5036,0.025926
43.5136,0.027469
43.5236,0.022116
43.5336,0.018833
43.5436,0.021297
43.5536,0.004927
43.5636,0.021014
43.5736,0.034821
43.5836,0.006799
43.5936,0.012159
43.6036,0.016031
43.6136,0.016661
43.6236,0.038414
43.6336,0.010681
43.6436,0.008683
43.6536,0.027711
43.6636,0.013531
43.6736,0.027877
43.6836,0.018029
43.6936,0.024590
43.7036,0.004321
43.7136,0.024557
43.7236,0.022178
43.7336,0.017446
43.7436,0.007673
43.7536,0.022168
43.7636,0.027240
43.7736,0.014688
43.7836,0.014885
43.7936,0.027939
43.8037,0.037102
43.8137,0.029396
43.8237,0.022295
43.8337,0.017568
43.8437,0.019725
43.8537,0.006745
43.8637,0.018456
43.8737,0.031199
43.8837,0.020396
43.8937,0.013745
43.9037,0.012820
43.9137,0.019682
43.9237,0.007654
43.9337,0.010914
43.9437,0.035328
43.9537,0.009639
43.9637,0.011985
43.9737,0.022913
43.9837,0.015582
43.9937,0.020886
44.0037,0.028629
44.0137,0.004529
44.0237,0.027542
44.0337,0.014176
44.0437,0.017139
44.0537,0.039221
44.0637,0.005974
44.0737,0.025907
44.0837,0.031280
44.0937,0.013165
44.1037,0.013323
44.1137,0.016313
44.1237,0.013105
44.1337,0.020665
44.1437,0.028926
44.1537,0.016368
44.1637,0.029286
44.1737,0.034010
44.1837,0.024311
44.1937,0.025255
44.2037,0.014060
44.2137,0.000000
44.2237,0.025857
44.2337,0.027965
44.2437,0.022424
44.2537,0.029098
44.2637,0.014517
44.2737,0.025185
44.2837,0.034721
44.2937,0.026657
44.3037,0.033428
44.3137,0.033492
44.3237,0.007786
44.3337,0.027192
44.3437,0.013680
44.3537,0.008925
44.3637,0.017143
44.3737,0.037542
44.3837,0.014562
44.3937,0.002418
44.4037,0.005554
44.4137,0.024784
44.4237,0.012412
44.4337,0.000000
44.4437,0.005949
44.4537,0.021669
44.4637,0.027795
44.4737,0.015543
44.4837,0.026490
44.4937,0.029149
44.5037,0.012163
44.5137,0.018788
44.5237,0.013995
44.5337,0.025389
44.5437,0.013878
44.5537,0.007868
44.5637,0.020526
44.5737,0.031103
44.5837,0.025106
44.5937,0.030068
44.6037,0.029190
44.6137,0.020421
44.6237,0.014025
44.6337,0.011303
44.6437,0.004134
44.6537,0.031895
44.6637,0.016694
44.6737,0.002952
44.6837,0.032343
44.6937,0.020943
44.7037,0.029678
44.7137,0.017385
44.7237,0.012067
44.7337,0.024457
44.7437,0.025286
44.7537,0.017201
44.7637,0.033135
44.7737,0.029455
44.7837,0.025648
44.7937,0.008900
44.8037,0.007491
44.8137,0.031990
44.8237,0.000000
44.8337,0.019090
44.8437,0.021466
44.8537,0.015103
44.8637,0.019647
44.8737,0.024203
44.8837,0.014128
44.8937,0.028814
44.9037,0.025825
44.9137,0.018200
44.9237,0.011736
44.9337,0.019093
44.9437,0.041107
44.9537,0.012426
44.9637,0.035308
44.9737,0.002448
44.9837,0.011392
44.9937,0.014574
45.0038,0.029491
45.0138,0.020554
45.0238,0.033101
45.0338,0.016674
45.0438,0.019461
45.0538,0.016713
45.0638,0.040264
45.0738,0.008798
45.0838,0.014918
45.0938,0.010220
45.1038,0.025733
45.1138,0.008590
45.1238,0.038221
45.1338,0.020807
45.1438,0.024124
45.1538,0.024631
45.1638,0.019799
45.1738,0.021217
45.1838,0.020847
45.1938,0.025192
45.2038,0.011776
45.2138,0.010079
45.2238,0.028210
45.2338,0.019981
45.2438,0.000000
45.2538,0.015248
45.2638,0.035300
45.2738,0.018396
45.2838,0.014690
45.2938,0.005052
45.3038,0.014322
45.3138,0.008362
45.3238,0.024292
45.3338,0.020493
45.3438,0.016365
45.3538,0.012378
45.3638,0.035264
45.3738,0.012947
45.3838,0.012984
45.3938,0.017570
45.4038,0.018969
45.4138,0.024820
45.4238,0.029304
45.4338,0.028556
45.4438,0.044299
45.4538,0.003071
45.4638,0.022309
45.4738,0.014795
45.4838,0.040098
45.4938,0.021756
45.5038,0.000000
45.5138,0.024342
45.5238,0.022668
45.5338,0.027577
45.5438,0.012765
45.5538,0.023278
45.5638,0.017295
45.5738,0.013286
45.5838,0.023427
45.5938,0.021528
45.6038,0.030501
45.6138,0.020270
45.6238,0.026039
45.6338,0.007926
45.6438,0.033945
45.6538,0.012228
45.6638,0.029029
45.6738,0.022631
45.6838,0.021363
45.6938,0.027603
45.7038,0.000000
45.7138,0.014265
45.7238,0.027461
45.7338,0.039221
45.7438,0.019756
45.7538,0.000000
45.7638,0.016828
45.7738,0.019399
45.7838,0.031095
45.7938,0.020483
45.8038,0.007233
45.8138,0.029635
45.8238,0.025683
45.8338,0.013009
45.8438,0.027199
45.8538,0.014534
45.8638,0.017018
45.8738,0.014703
45.8838,0.016901
45.8938,0.029068
45.9038,0.002142
45.9138,0.031041
45.9238,0.021763
45.9338,0.016099
45.9438,0.020208
45.9538,0.010910
45.9638,0.003683
45.9738,0.011192
45.9838,0.001045
45.9938,0.006474
46.0038,0.003772
46.0138,0.032238
46.0238,0.007158
46.0338,0.019588
46.0438,0.031167
46.0538,0.028501
46.0638,0.017049
46.0738,0.017094
46.0838,0.021802
46.0938,0.041122
46.1038,0.024130
46.1138,0.026682
46.1238,0.042664
46.1338,0.022778
46.1438,0.031479
46.1538,0.024777
46.1638,0.024632
46.1738,0.010367
46.1838,0.008708
46.1938,0.014877
46.2039,0.028819
46.2139,0.028345
46.2239,0.033332
46.2339,0.019889
46.2439,0.025377
46.2539,0.025420
46.2639,0.018925
46.2739,0.016785
46.2839,0.005150
46.2939,0.018475
46.3039,0.018960
46.3139,0.031344
46.3239,0.032330
46.3339,0.021457
46.3439,0.040634
46.3539,0.021900
46.3639,0.030329
46.3739,0.018999
46.3839,0.008598
46.3939,0.015748
46.4039,0.034741
46.4139,0.017358
46.4239,0.015335
46.4339,0.019959
46.4439,0.016105
46.4539,0.031938
46.4639,0.038855
46.4739,0.020059
46.4839,0.025405
46.4939,0.029719
46.5039,0.021085
46.5139,0.011221
46.5239,0.015906
46.5339,0.024120
46.5439,0.023938
46.5539,0.002078
46.5639,0.015634
46.5739,0.012630
46.5839,0.028823
46.5939,0.013018
46.6039,0.015389
46.6139,0.015039
46.6239,0.027913
46.6339,0.029688
46.6439,0.024936
46.6539,0.031064
46.6639,0.032354
46.6739,0.001897
46.6839,0.025919
46.6939,0.016302
46.7039,0.007433
46.7139,0.016803
46.7239,0.027309
46.7339,0.034552
46.7439,0.006549
46.7539,0.026184
46.7639,0.039656
46.7739,0.038308
46.7839,0.000000
46.7939,0.041789
46.8039,0.029610
46.8139,0.000000
46.8239,0.012343
46.8339,0.032578
46.8439,0.023603
46.8539,0.014260
46.8639,0.020665
46.8739,0.025459
46.8839,0.014207
46.8939,0.018729
46.9039,0.028969
46.9139,0.012992
46.9239,0.006430
46.9339,0.013627
46.9439,0.011111
46.9539,0.013951
46.9639,0.002725
46.9739,0.022356
46.9839,0.028676
46.9939,0.011883
47.0039,0.013480
47.0139,0.018126
47.0239,0.010887
47.0339,0.029838
47.0439,0.011113
47.0539,0.014741
47.0639,0.012367
47.0739,0.030075
47.0839,0.017689
47.0939,0.039931
47.1039,0.023538
47.1139,0.031584
47.1239,0.016757
47.1339,0.010574
47.1439,0.019668
47.1539,0.013210
47.1639,0.000015
47.1739,0.030135
47.1839,0.020327
47.1939,0.012997
47.2039,0.023763
47.2139,0.020469
47.2239,0.034098
47.2339,0.024328
47.2439,0.018431
47.2539,0.026934
47.2639,0.019640
47.2739,0.021838
47.2839,0.032262
47.2939,0.008314
47.3039,0.011367
47.3139,0.015806
47.3239,0.017270
47.3339,0.031565
47.3439,0.005853
47.3539,0.019705
47.3639,0.014492
47.3739,0.037005
47.3839,0.028838
47.3939,0.022387
47.4040,0.029688
47.4140,0.006806
47.4240,0.040275
47.4340,0.011581
47.4440,0.032569
47.4540,0.025517
47.4640,0.022643
47.4740,0.032152
47.4840,0.029966
47.4940,0.021074
47.5040,0.015784
47.5140,0.021230
47.5240,0.018972
47.5340,0.023540
47.5440,0.030206
47.5540,0.024686
47.5640,0.021849
47.5740,0.013460
47.5840,0.023247
47.5940,0.003041
47.6040,0.012025
47.6140,0.026062
47.6240,0.028852
47.6340,0.019793
47.6440,0.022010
47.6540,0.023703
47.6640,0.026814
47.6740,0.017986
47.6840,0.010170
47.6940,0.023872
47.7040,0.039583
47.7140,0.010775
47.7240,0.018731
47.7340,0.016138
47.7440,0.044132
47.7540,0.010393
47.7640,0.018395
47.7740,0.016353
47.7840,0.007457
47.7940,0.006913
47.8040,0.025684
47.8140,0.027087
47.8240,0.014405
47.8340,0.034090
47.8440,0.000000
47.8540,0.007415
47.8640,0.011753
47.8740,0.019910
47.8840,0.015491
47.8940,0.017990
47.9040,0.024851
47.9140,0.034571
47.9240,0.028024
47.9340,0.020562
47.9440,0.019199
47.9540,0.031014
47.9640,0.038842
47.9740,0.026383
47.9840,0.015099
47.9940,0.022592
48.0040,0.025803
48.0140,0.014449
48.0240,0.028658
48.0340,0.022640
48.0440,0.031647
48.0540,0.010233
48.0640,0.002585
48.0740,0.016072
48.0840,0.020237
48.0940,0.001991
48.1040,0.013915
48.1140,0.032836
48.1240,0.025333
48.1340,0.021382
48.1440,0.009442
48.1540,0.032503
48.1640,0.015827
48.1740,0.020950
48.1840,0.024074
48.1940,0.021713
48.2040,0.034918
48.2140,0.025751
48.2240,0.023383
48.2340,0.019136
48.2440,0.024319
48.2540,0.017900
48.2640,0.021894
48.2740,0.016583
48.2840,0.015006
48.2940,0.010839
48.3040,0.017288
48.3140,0.016632
48.3240,0.038294
48.3340,0.029921
48.3440,0.018660
48.3540,0.015767
48.3640,0.026151
48.3740,0.039423
48.3840,0.027966
48.3940,0.002799
48.4040,0.028632
48.4140,0.030403
48.4240,0.041992
48.4340,0.017517
48.4440,0.021386
48.4540,0.024502
48.4640,0.012360
48.4740,0.011454
48.4840,0.023994
48.4940,0.004570
48.5040,0.006830
48.5140,0.028157
48.5240,0.024978
48.5340,0.032497
48.5440,0.024632
48.5540,0.020104
48.5640,0.032891
48.5740,0.015771
48.5840,0.016667
48.5940,0.019355
48.6041,0.024505
48.6141,0.019334
48.6241,0.005150
48.6341,0.017334
48.6441,0.019684
48.6541,0.021148
48.6641,0.015506
48.6741,0.025056
48.6841,0.003895
48.6941,0.024158
48.7041,0.037929
48.7141,0.013932
48.7241,0.020576
48.7341,0.017530
48.7441,0.017698
48.7541,0.009715
48.7641,0.039916
48.7741,0.023858
48.7841,0.013292
48.7941,0.012154
48.8041,0.020615
48.8141,0.000000
48.8241,0.030528
48.8341,0.014861
48.8441,0.023888
48.8541,0.024356
48.8641,0.029653
48.8741,0.024926
48.8841,0.027432
48.8941,0.030191
48.9041,0.016698
48.9141,0.041514
48.9241,0.023529
48.9341,0.019720
48.9441,0.011589
48.9541,0.017930
48.9641,0.024019
48.9741,0.020953
48.9841,0.038274
48.9941,0.016100
49.0041,0.026793
49.0141,0.008745
49.0241,0.041832
49.0341,0.008064
49.0441,0.040743
49.0541,0.018642
49.0641,0.000000
49.0741,0.033520
49.0841,0.020823
49.0941,0.015466
49.1041,0.026417
49.1141,0.026644
49.1241,0.024146
49.1341,0.031350
49.1441,0.022525
49.1541,0.026497
49.1641,0.014782
49.1741,0.027656
49.1841,0.014826
49.1941,0.008755
49.2041,0.017937
49.2141,0.017242
49.2241,0.029278
49.2341,0.005468
49.2441,0.030936
49.2541,0.013770
49.2641,0.000000
49.2741,0.007926
49.2841,0.016925
49.2941,0.024442
49.3041,0.018667
49.3141,0.007905
49.3241,0.012215
49.3341,0.008071
49.3441,0.022588
49.3541,0.019094
49.3641,0.026138
49.3741,0.002298
49.3841,0.014660
49.3941,0.040288
49.4041,0.026410
49.4141,0.017039
49.4241,0.010126
49.4341,0.031077
49.4441,0.035327
49.4541,0.008513
49.4641,0.009459
49.4741,0.022788
49.4841,0.023723
49.4941,0.024828
49.5041,0.038434
49.5141,0.010285
49.5241,0.020399
49.5341,0.027212
49.5441,0.027104
49.5541,0.013522
49.5641,0.013917
49.5741,0.015408
49.5841,0.037035
49.5941,0.010215
49.6041,0.016757
49.6141,0.027755
49.6241,0.009112
49.6341,0.022580
49.6441,0.001005
49.6541,0.021926
49.6641,0.020524
49.6741,0.021636
49.6841,0.011311
49.6941,0.022277
49.7041,0.019610
49.7141,0.032991
49.7241,0.026378
49.7341,0.005510
49.7441,0.011674
49.7541,0.013836
49.7641,0.021804
49.7741,0.018309
49.7841,0.018267
49.7941,0.048177
49.8042,0.014871
49.8142,0.033909
49.8242,0.018526
49.8342,0.000000
49.8442,0.021913
49.8542,0.031192
49.8642,0.026334
49.8742,0.022562
49.8842,0.020237
49.8942,0.015053
49.9042,0.028962
49.9142,0.015658
49.9242,0.013597
49.9342,0.024106
49.9442,0.016999
49.9542,0.032809
49.9642,0.024673
49.9742,0.012220
49.9842,0.008553
49.9942,0.014264
50.0042,0.043380
50.0142,0.017624
50.0242,0.027583
50.0342,0.006944
50.0442,0.009169
50.0542,0.018116
50.0642,0.037011
50.0742,0.007093
50.0842,0.013703
50.0942,0.029017
50.1042,0.035926
50.1142,0.024374
50.1242,0.026759
50.1342,0.011031
50.1442,0.006771
50.1542,0.008542
50.1642,0.011266
50.1742,0.022256
50.1842,0.007804
50.1942,0.022504
50.2042,0.016848
50.2142,0.014375
50.2242,0.028850
50.2342,0.010410
50.2442,0.034357
50.2542,0.028308
50.2642,0.010099
50.2742,0.032022
50.2842,0.008918
50.2942,0.032931
50.3042,0.023329
50.3142,0.004209
50.3242,0.007046
50.3342,0.015950
50.3442,0.028678
50.3542,0.018293
50.3642,0.018044
50.3742,0.020402
50.3842,0.000049
50.3942,0.028242
50.4042,0.033397
50.4142,0.027894
50.4242,0.015765
50.4342,0.011150
50.4442,0.009181
50.4542,0.008669
50.4642,0.042646
50.4742,0.019212
50.4842,0.029047
50.4942,0.028496
50.5042,0.021426
50.5142,0.010683
50.5242,0.025187
50.5342,0.009175
50.5442,0.026023
50.5542,0.009631
50.5642,0.015638
50.5742,0.015622
50.5842,0.033990
50.5942,0.000000
50.6042,0.043308
50.6142,0.011941
50.6242,0.018766
50.6342,0.024133
50.6442,0.023276
50.6542,0.028436
50.6642,0.026104
50.6742,0.040370
50.6842,0.027316
50.6942,0.018826
50.7042,0.014470
50.7142,0.014211
50.7242,0.032932
50.7342,0.037552
50.7442,0.030041
50.7542,0.000000
50.7642,0.000000
50.7742,0.019924
50.7842,0.018333
50.7942,0.020199
50.8042,0.032517
50.8142,0.032019
50.8242,0.021749
50.8342,0.004761
50.8442,0.007708
50.8542,0.020674
50.8642,0.024168
50.8742,0.007827
50.8842,0.026605
50.8942,0.002476
50.9042,0.000000
50.9142,0.011249
50.9242,0.033731
50.9342,0.035223
50.9442,0.004051
50.9542,0.004815
50.9642,0.027609
50.9742,0.015593
50.9842,0.033664
50.9942,0.027447
51.0043,0.029164
51.0143,0.011781
51.0243,0.024438
51.0343,0.040164
51.0443,0.021422
51.0543,0.019550
51.0643,0.015643
51.0743,0.003981
51.0843,0.009011
51.0943,0.011082
51.1043,0.003557
51.1143,0.004565
51.1243,0.000000
51.1343,0.012175
51.1443,0.026752
51.1543,0.016835
51.1643,0.016880
51.1743,0.027668
51.1843,0.036890
51.1943,0.042733
51.2043,0.021445
51.2143,0.017182
51.2243,0.015869
51.2343,0.025912
51.2443,0.018437
51.2543,0.018473
51.2643,0.019135
51.2743,0.010579
51.2843,0.000000
51.2943,0.013308
51.3043,0.034575
51.3143,0.034105
51.3243,0.029398
51.3343,0.015063
51.3443,0.012095
51.3543,0.036246
51.3643,0.009169
51.3743,0.020394
51.3843,0.036895
51.3943,0.021239
51.4043,0.017065
51.4143,0.031598
51.4243,0.020720
51.4343,0.021962
51.4443,0.035147
51.4543,0.000000
51.4643,0.023588
51.4743,0.012337
51.4843,0.017928
51.4943,0.021130
51.5043,0.013245
51.5143,0.022285
51.5243,0.023854
51.5343,0.022035
51.5443,0.021114
51.5543,0.018824
51.5643,0.019021
51.5743,0.020794
51.5843,0.010576
51.5943,0.032701
51.6043,0.019089
51.6143,0.015966
51.6243,0.023958
51.6343,0.018853
51.6443,0.032426
51.6543,0.028947
51.6643,0.020929
51.6743,0.029389
51.6843,0.022353
51.6943,0.008459
51.7043,0.028899
51.7143,0.000996
51.7243,0.000000
51.7343,0.026980
51.7443,0.024436
51.7543,0.023768
51.7643,0.033896
51.7743,0.019753
51.7843,0.016217
51.7943,0.027966
51.8043,0.012862
51.8143,0.017619
51.8243,0.022526
51.8343,0.023325
51.8443,0.016670
51.8543,0.015095
51.8643,0.008801
51.8743,0.012128
51.8843,0.038191
51.8943,0.017344
51.9043,0.021893
51.9143,0.005087
51.9243,0.045632
51.9343,0.011385
51.9443,0.008249
51.9543,0.019388
51.9643,0.011075
51.9743,0.023650
51.9843,0.004884
51.9943,0.031370
52.0043,0.029399
52.0143,0.018813
52.0243,0.003445
52.0343,0.011877
52.0443,0.020625
52.0543,0.007895
52.0643,0.009522
52.0743,0.030493
52.0843,0.021549
52.0943,0.021233
52.1043,0.025275
52.1143,0.018362
52.1243,0.019405
52.1343,0.024560
52.1443,0.028090
52.1543,0.024981
52.1643,0.034604
52.1743,0.020246
52.1843,0.006528
52.1943,0.030883
52.2044,0.017549
52.2144,0.012313
52.2244,0.027123
52.2344,0.023708
52.2444,0.007213
52.2544,0.026706
52.2644,0.038743
52.2744,0.023236
52.2844,0.017438
52.2944,0.003307
52.3044,0.040512
52.3144,0.014830
52.3244,0.005920
52.3344,0.021108
52.3444,0.030082
52.3544,0.032359
52.3644,0.013278
52.3744,0.019015
52.3844,0.020004
52.3944,0.029766
52.4044,0.025928
52.4144,0.022706
52.4244,0.029148
52.4344,0.006379
52.4444,0.024209
52.4544,0.022216
52.4644,0.019500
52.4744,0.017503
52.4844,0.021341
52.4944,0.014298
52.5044,0.047273
52.5144,0.033590
52.5244,0.030929
52.5344,0.014703
52.5444,0.010428
52.5544,0.017880
52.5644,0.021142
52.5744,0.005516
52.5844,0.024800
52.5944,0.030821
52.6044,0.000000
52.6144,0.010996
52.6244,0.032278
52.6344,0.023740
52.6444,0.011337
52.6544,0.027354
52.6644,0.014058
52.6744,0.017639
52.6844,0.008611
52.6944,0.020169
52.7044,0.030182
52.7144,0.015225
52.7244,0.026455
52.7344,0.019501
52.7444,0.030790
52.7544,0.015370
52.7644,0.035550
52.7744,0.026816
52.7844,0.022440
52.7944,0.022805
52.8044,0.015350
52.8144,0.014707
52.8244,0.022622
52.8344,0.008013
52.8444,0.013983
52.8544,0.010627
52.8644,0.025718
52.8744,0.025870
52.8844,0.032678
52.8944,0.016653
52.9044,0.011922
52.9144,0.005307
52.9244,0.022710
52.9344,0.033968
52.9444,0.019254
52.9544,0.020266
52.9644,0.019938
52.9744,0.022540
52.9844,0.029970
52.9944,0.039192
53.0044,0.024983
53.0144,0.025643
53.0244,0.017607
53.0344,0.018922
53.0444,0.018787
53.0544,0.016339
53.0644,0.021275
53.0744,0.026249
53.0844,0.020636
53.0944,0.017195
53.1044,0.021260
53.1144,0.010401
53.1244,0.028033
53.1344,0.015868
53.1444,0.008450
53.1544,0.024617
53.1644,0.025114
53.1744,0.011401
53.1844,0.026236
53.1944,0.026339
53.2044,0.039749
53.2144,0.017650
53.2244,0.019456
53.2344,0.013932
53.2444,0.024937
53.2544,0.019954
53.2644,0.029879
53.2744,0.015660
53.2844,0.024719
53.2944,0.017622
53.3044,0.001575
53.3144,0.026280
53.3244,0.002520
53.3344,0.018405
53.3444,0.018561
53.3544,0.019916
53.3644,0.020473
53.3744,0.020375
53.3844,0.023631
53.3944,0.018913
53.4045,0.046157
53.4145,0.016576
53.4245,0.007774
53.4345,0.005900
53.4445,0.026583
53.4545,0.004084
53.4645,0.007903
53.4745,0.006462
53.4845,0.024571
53.4945,0.033307
53.5045,0.010561
53.5145,0.024220
53.5245,0.000000
53.5345,0.012553
53.5445,0.026025
53.5545,0.016877
53.5645,0.029940
53.5745,0.000000
53.5845,0.012650
53.5945,0.024527
53.6045,0.024402
53.6145,0.025169
53.6245,0.022075
53.6345,0.008559
53.6445,0.012209
53.6545,0.043164
53.6645,0.007406
53.6745,0.005844
53.6845,0.026799
53.6945,0.009407
53.7045,0.037922
53.7145,0.047344
53.7245,0.017591
53.7345,0.023095
53.7445,0.001753
53.7545,0.030316
53.7645,0.000000
53.7745,0.006605
53.7845,0.021186
53.7945,0.025477
53.8045,0.005161
53.8145,0.014575
53.8245,0.003384
53.8345,0.016830
53.8445,0.011992
53.8545,0.013643
53.8645,0.026512
53.8745,0.022816
53.8845,0.025612
53.8945,0.018708
53.9045,0.027169
53.9145,0.019649
53.9245,0.015086
53.9345,0.025706
53.9445,0.015766
53.9545,0.016705
53.9645,0.030683
53.9745,0.029741
53.9845,0.017029
53.9945,0.028729
54.0045,0.007218
54.0145,0.017087
54.0245,0.012482
54.0345,0.019982
54.0445,0.027346
54.0545,0.025557
54.0645,0.024196
54.0745,0.021375
54.0845,0.018406
54.0945,0.032012
54.1045,0.004535
54.1145,0.013332
54.1245,0.024113
54.1345,0.035279
54.1445,0.016542
54.1545,0.017391
54.1645,0.007101
54.1745,0.014585
54.1845,0.027082
54.1945,0.035793
54.2045,0.017067
54.2145,0.012010
54.2245,0.020698
54.2345,0.003853
54.2445,0.032356
54.2545,0.007693
54.2645,0.023138
54.2745,0.022990
54.2845,0.026277
54.2945,0.022556
54.3045,0.020027
54.3145,0.024286
54.3245,0.028347
54.3345,0.037965
54.3445,0.008975
54.3545,0.001610
54.3645,0.004531
54.3745,0.001867
54.3845,0.008003
54.3945,0.006734
54.4045,0.015836
54.4145,0.028551
54.4245,0.026265
54.4345,0.013778
54.4445,0.014641
54.4545,0.040108
54.4645,0.025948
54.4745,0.021727
54.4845,0.021215
54.4945,0.017108
54.5045,0.040031
54.5145,0.018102
54.5245,0.021493
54.5345,0.003512
54.5445,0.013636
54.5545,0.014493
54.5645,0.024863
54.5745,0.012248
54.5845,0.020483
54.5945,0.013936
54.6046,0.008994
54.6146,0.008587
54.6246,0.018266
54.6346,0.021031
54.6446,0.018063
54.6546,0.011671
54.6646,0.018622
54.6746,0.016773
54.6846,0.009581
54.6946,0.020831
54.7046,0.038103
54.7146,0.018504
54.7246,0.005389
54.7346,0.034685
54.7446,0.032571
54.7546,0.034325
54.7646,0.019578
54.7746,0.012164
54.7846,0.011070
54.7946,0.031412
54.8046,0.036059
54.8146,0.010796
54.8246,0.000000
54.8346,0.019822
54.8446,0.010957
54.8546,0.012927
54.8646,0.017618
54.8746,0.024099
54.8846,0.012190
54.8946,0.021361
54.9046,0.018738
54.9146,0.000000
54.9246,0.025450
54.9346,0.015490
54.9446,0.007361
54.9546,0.012740
54.9646,0.022030
54.9746,0.020462
54.9846,0.026444
54.9946,0.024366
55.0046,0.008284
55.0146,0.000000
55.0246,0.021209
55.0346,0.026310
55.0446,0.017976
55.0546,0.026606
55.0646,0.009984
55.0746,0.016540
55.0846,0.010794
55.0946,0.026973
55.1046,0.010896
55.1146,0.040598
55.1246,0.014980
55.1346,0.027982
55.1446,0.015109
55.1546,0.033376
55.1646,0.032995
55.1746,0.016762
55.1846,0.022747
55.1946,0.032740
55.2046,0.023043
55.2146,0.010793
55.2246,0.020701
55.2346,0.012518
55.2446,0.021510
55.2546,0.012125
55.2646,0.023728
55.2746,0.002112
55.2846,0.008780
55.2946,0.012068
55.3046,0.018398
55.3146,0.004879
55.3246,0.011165
55.3346,0.027781
55.3446,0.028972
55.3546,0.000000
55.3646,0.014133
55.3746,0.032748
55.3846,0.023860
55.3946,0.024073
55.4046,0.025641
55.4146,0.010411
55.4246,0.022140
55.4346,0.024717
55.4446,0.021071
55.4546,0.016064
55.4646,0.019519
55.4746,0.008599
55.4846,0.026142
55.4946,0.005647
55.5046,0.011837
55.5146,0.026818
55.5246,0.022903
55.5346,0.015158
55.5446,0.002875
55.5546,0.019539
55.5646,0.013698
55.5746,0.024804
55.5846,0.014834
55.5946,0.002493
55.6046,0.006163
55.6146,0.015730
55.6246,0.021088
55.6346,0.008361
55.6446,0.012415
55.6546,0.027925
55.6646,0.031096
55.6746,0.022769
55.6846,0.017150
55.6946,0.013786
55.7046,0.025392
55.7146,0.016836
55.7246,0.029201
55.7346,0.029727
55.7446,0.024101
55.7546,0.015024
55.7646,0.015796
55.7746,0.003563
55.7846,0.019473
55.7946,0.019163
55.8047,0.006225
55.8147,0.043642
55.8247,0.025562
55.8347,0.011596
55.8447,0.040542
55.8547,0.015040
55.8647,0.028303
55.8747,0.020876
55.8847,0.015382
55.8947,0.016631
55.9047,0.034367
55.9147,0.028762
55.9247,0.018776
55.9347,0.000000
55.9447,0.023044
55.9547,0.007535
55.9647,0.025386
55.9747,0.012859
55.9847,0.013906
55.9947,0.013619
56.0047,0.030205
56.0147,0.002337
56.0247,0.027378
56.0347,0.023423
56.0447,0.019274
56.0547,0.015520
56.0647,0.024865
56.0747,0.015600
56.0847,0.015509
56.0947,0.020638
56.1047,0.037198
56.1147,0.004871
56.1247,0.025007
56.1347,0.018570
56.1447,0.017794
56.1547,0.004730
56.1647,0.002442
56.1747,0.023399
56.1847,0.007307
56.1947,0.030164
56.2047,0.009841
56.2147,0.025510
56.2247,0.014239
56.2347,0.013760
56.2447,0.010861
56.2547,0.024368
56.2647,0.027156
56.2747,0.016845
56.2847,0.025912
56.2947,0.020126
56.3047,0.006658
56.3147,0.023785
56.3247,0.016995
56.3347,0.000000
56.3447,0.016092
56.3547,0.003065
56.3647,0.007685
56.3747,0.017510
56.3847,0.019248
56.3947,0.011649
56.4047,0.025273
56.4147,0.018855
56.4247,0.015760
56.4347,0.020434
56.4447,0.032051
56.4547,0.000000
56.4647,0.032995
56.4747,0.013834
56.4847,0.012211
56.4947,0.015978
56.5047,0.011133
56.5147,0.009596
56.5247,0.028468
56.5347,0.021597
56.5447,0.000823
56.5547,0.026741
56.5647,0.025284
56.5747,0.005154
56.5847,0.021803
56.5947,0.026205
56.6047,0.003957
56.6147,0.022853
56.6247,0.013249
56.6347,0.025422
56.6447,0.010664
56.6547,0.030422
56.6647,0.017565
56.6747,0.013851
56.6847,0.012775
56.6947,0.028740
56.7047,0.012768
56.7147,0.030604
56.7247,0.022134
56.7347,0.006144
56.7447,0.020260
56.7547,0.020469
56.7647,0.005818
56.7747,0.020083
56.7847,0.025422
56.7947,0.031282
56.8047,0.030843
56.8147,0.043890
56.8247,0.020006
56.8347,0.025538
56.8447,0.013938
56.8547,0.038842
56.8647,0.011091
56.8747,0.038392
56.8847,0.037109
56.8947,0.012151
56.9047,0.030363
56.9147,0.024567
56.9247,0.015880
56.9347,0.018642
56.9447,0.022655
56.9547,0.023606
56.9647,0.034942
56.9747,0.025712
56.9847,0.012301
56.9947,0.027436
57.0048,0.002523
57.0148,0.016134
57.0248,0.017097
57.0348,0.026583
57.0448,0.037708
57.0548,0.022177
57.0648,0.016386
57.0748,0.013017
57.0848,0.028350
57.0948,0.018052
57.1048,0.014968
57.1148,0.029513
57.1248,0.031693
57.1348,0.010406
57.1448,0.005034
57.1548,0.019022
57.1648,0.008598
57.1748,0.007229
57.1848,0.009593
57.1948,0.030465
57.2048,0.026504
57.2148,0.044575
57.2248,0.013580
57.2348,0.033298
57.2448,0.024936
57.2548,0.014436
57.2648,0.018533
57.2748,0.014389
57.2848,0.022587
57.2948,0.029867
57.3048,0.016314
57.3148,0.028484
57.3248,0.032712
57.3348,0.034939
57.3448,0.008271
57.3548,0.019508
57.3648,0.027094
57.3748,0.009133
57.3848,0.006904
57.3948,0.019736
57.4048,0.015870
57.4148,0.018277
57.4248,0.015287
57.4348,0.041599
57.4448,0.015384
57.4548,0.025856
57.4648,0.025186
57.4748,0.003112
57.4848,0.034661
57.4948,0.026258
57.5048,0.021570
57.5148,0.030574
57.5248,0.019522
57.5348,0.028819
57.5448,0.001238
57.5548,0.028175
57.5648,0.021836
57.5748,0.021993
57.5848,0.011577
57.5948,0.017812
57.6048,0.017519
57.6148,0.008609
57.6248,0.023583
57.6348,0.035732
57.6448,0.005787
57.6548,0.024902
57.6648,0.015796
57.6748,0.014641
57.6848,0.020748
57.6948,0.020899
57.7048,0.021847
57.7148,0.008691
57.7248,0.030899
57.7348,0.020811
57.7448,0.025938
57.7548,0.032146
57.7648,0.000789
57.7748,0.026305
57.7848,0.018358
57.7948,0.030189
57.8048,0.011987
57.8148,0.029353
57.8248,0.009450
57.8348,0.024022
57.8448,0.022843
57.8548,0.018446
57.8648,0.009679
57.8748,0.016313
57.8848,0.029229
57.8948,0.034878
57.9048,0.039542
57.9148,0.025268
57.9248,0.022514
57.9348,0.024489
57.9448,0.039285
57.9548,0.025206
57.9648,0.020872
57.9748,0.017247
57.9848,0.018402
57.9948,0.023864
58.0048,0.012486
58.0148,0.013736
58.0248,0.019362
58.0348,0.015481
58.0448,0.025965
58.0548,0.026739
58.0648,0.022625
58.0748,0.024899
58.0848,0.021176
58.0948,0.000000
58.1048,0.011241
58.1148,0.027073
58.1248,0.011612
58.1348,0.028554
58.1448,0.029116
58.1548,0.017345
58.1648,0.014095
58.1748,0.020096
58.1848,0.019560
58.1948,0.026270
58.2049,0.000000
58.2149,0.012659
58.2249,0.009876
58.2349,0.000000
58.2449,0.015052
58.2549,0.005004
58.2649,0.016125
58.2749,0.015120
58.2849,0.024534
58.2949,0.017498
58.3049,0.003085
58.3149,0.023465
58.3249,0.044199
58.3349,0.030751
58.3449,0.026792
58.3549,0.018045
58.3649,0.015091
58.3749,0.014397
58.3849,0.022406
58.3949,0.008641
58.4049,0.022203
58.4149,0.013364
58.4249,0.002855
58.4349,0.013223
58.4449,0.032512
58.4549,0.021384
58.4649,0.000000
58.4749,0.013264
58.4849,0.029033
58.4949,0.017016
58.5049,0.025238
58.5149,0.016047
58.5249,0.021839
58.5349,0.020353
58.5449,0.013541
58.5549,0.025715
58.5649,0.035315
58.5749,0.023846
58.5849,0.021040
58.5949,0.011568
58.6049,0.029382
58.6149,0.014889
58.6249,0.025607
58.6349,0.027617
58.6449,0.029875
58.6549,0.030061
58.6649,0.029700
58.6749,0.007438
58.6849,0.011409
58.6949,0.006275
58.7049,0.005602
58.7149,0.035253
58.7249,0.010141
58.7349,0.008735
58.7449,0.019441
58.7549,0.012540
58.7649,0.042619
58.7749,0.017266
58.7849,0.024452
58.7949,0.012195
58.8049,0.003380
58.8149,0.012713
58.8249,0.012820
58.8349,0.012750
58.8449,0.003999
58.8549,0.021361
58.8649,0.016632
58.8749,0.004581
58.8849,0.021063
58.8949,0.027622
58.9049,0.031977
58.9149,0.000000
58.9249,0.012691
58.9349,0.006292
58.9449,0.013477
58.9549,0.033886
58.9649,0.012728
58.9749,0.015250
58.9849,0.011709
58.9949,0.036259
59.0049,0.000000
59.0149,0.014436
59.0249,0.011344
59.0349,0.002788
59.0449,0.031022
59.0549,0.001969
59.0649,0.015406
59.0749,0.019213
59.0849,0.012491
59.0949,0.002657
59.1049,0.018317
59.1149,0.012382
59.1249,0.028086
59.1349,0.025161
59.1449,0.039443
59.1549,0.021100
59.1649,0.025893
59.1749,0.016411
59.1849,0.037117
59.1949,0.020103
59.2049,0.018974
59.2149,0.025406
59.2249,0.013550
59.2349,0.015004
59.2449,0.025399
59.2549,0.027322
59.2649,0.025971
59.2749,0.019198
59.2849,0.022704
59.2949,0.029604
59.3049,0.009060
59.3149,0.020014
59.3249,0.000000
59.3349,0.027402
59.3449,0.012174
59.3549,0.012439
59.3649,0.018781
59.3749,0.026191
59.3849,0.043918
59.3949,0.004470
59.4050,0.011505
59.4150,0.022287
59.4250,0.012733
59.4350,0.028359
59.4450,0.018322
59.4550,0.028853
59.4650,0.017515
59.4750,0.025449
59.4850,0.010429
59.4950,0.039374
59.5050,0.003003
59.5150,0.012922
59.5250,0.005796
59.5350,0.028003
59.5450,0.025396
59.5550,0.007818
59.5650,0.029971
59.5750,0.013015
59.5850,0.023873
59.5950,0.026221
59.6050,0.017551
59.6150,0.029099
59.6250,0.018559
59.6350,0.023387
59.6450,0.017259
59.6550,0.001318
59.6650,0.018765
59.6750,0.011263
59.6850,0.033923
59.6950,0.006358
59.7050,0.032250
59.7150,0.018212
59.7250,0.024062
59.7350,0.006201
59.7450,0.016912
59.7550,0.013354
59.7650,0.041032
59.7750,0.013107
59.7850,0.031534
59.7950,0.031674
59.8050,0.031393
59.8150,0.014061
59.8250,0.038049
59.8350,0.040122
59.8450,0.023671
59.8550,0.015346
59.8650,0.011394
59.8750,0.024718
59.8850,0.020649
59.8950,0.021827
59.9050,0.006521
59.9150,0.020330
59.9250,0.031438
59.9350,0.028152
59.9450,0.015859
59.9550,0.018910
59.9650,0.005317
59.9750,0.013347
59.9850,0.016600
59.9950,0.026334
60.0050,0.012959
60.0150,0.009721
60.0250,0.027737
60.0350,0.016027
60.0450,0.011964
60.0550,0.028582
60.0650,0.025154
60.0750,0.018601
60.0850,0.017274
60.0950,0.024693
60.1050,0.026398
60.1150,0.023211
60.1250,0.022441
60.1350,0.015281
60.1450,0.015994
60.1550,0.019856
60.1650,0.012076
60.1750,0.011020
60.1850,0.021017
60.1950,0.031922
60.2050,0.001412
60.2150,0.018341
60.2250,0.025095
60.2350,0.033207
60.2450,0.040597
60.2550,0.020134
60.2650,0.042552
60.2750,0.027497
60.2850,0.031199
60.2950,0.012518
60.3050,0.027821
60.3150,0.032408
60.3250,0.016624
60.3350,0.000000
60.3450,0.025238
60.3550,0.021715
60.3650,0.037423
60.3750,0.018713
60.3850,0.017162
60.3950,0.012614
60.4050,0.018144
60.4150,0.051231
60.4250,0.008812
60.4350,0.011442
60.4450,0.024369
60.4550,0.044775
60.4650,0.032562
60.4750,0.040787
60.4850,0.021530
60.4950,0.011598
60.5050,0.021124
60.5150,0.024487
60.5250,0.025962
60.5350,0.023831
60.5450,0.031996
60.5550,0.019088
60.5650,0.017054
60.5750,0.014398
60.5850,0.028613
60.5950,0.027740
60.6051,0.037715
60.6151,0.042390
60.6251,0.014966
60.6351,0.027395
60.6451,0.025225
60.6551,0.012031
60.6651,0.022237
60.6751,0.043305
60.6851,0.021432
60.6951,0.019889
60.7051,0.027479
60.7151,0.037237
60.7251,0.025194
60.7351,0.029639
60.7451,0.005637
60.7551,0.034327
60.7651,0.030937
60.7751,0.037694
60.7851,0.010292
60.7951,0.026065
60.8051,0.038854
60.8151,0.023765
60.8251,0.029967
60.8351,0.025482
60.8451,0.025850
60.8551,0.041495
60.8651,0.015712
60.8751,0.029567
60.8851,0.032710
60.8951,0.039696
60.9051,0.029219
60.9151,0.040251
60.9251,0.030139
60.9351,0.032005
60.9451,0.031747
60.9551,0.037610
60.9651,0.036599
60.9751,0.020175
60.9851,0.033601
60.9951,0.036962
61.0051,0.046297
61.0151,0.021718
61.0251,0.037314
61.0351,0.028576
61.0451,0.034099
61.0551,0.021571
61.0651,0.032297
61.0751,0.035746
61.0851,0.022982
61.0951,0.047297
61.1051,0.017493
61.1151,0.038437
61.1251,0.008904
61.1351,0.030765
61.1451,0.038238
61.1551,0.040695
61.1651,0.032642
61.1751,0.031407
61.1851,0.039625
61.1951,0.043585
61.2051,0.048002
61.2151,0.021426
61.2251,0.032455
61.2351,0.012655
61.2451,0.021043
61.2551,0.027806
61.2651,0.043626
61.2751,0.030295
61.2851,0.032344
61.2951,0.038363
61.3051,0.028786
61.3151,0.015674
61.3251,0.028291
61.3351,0.034673
61.3451,0.040695
61.3551,0.034076
61.3651,0.040789
61.3751,0.045648
61.3851,0.047737
61.3951,0.038385
61.4051,0.025421
61.4151,0.024474
61.4251,0.025536
61.4351,0.026437
61.4451,0.038312
61.4551,0.056324
61.4651,0.039700
61.4751,0.036873
61.4851,0.047464
61.4951,0.029692
61.5051,0.048530
61.5151,0.047921
61.5251,0.038965
61.5351,0.059445
61.5451,0.049793
61.5551,0.039228
61.5651,0.037471
61.5751,0.034722
61.5851,0.037867
61.5951,0.038291
61.6051,0.036248
61.6151,0.037437
61.6251,0.027786
61.6351,0.034164
61.6451,0.024008
61.6551,0.044259
61.6651,0.041051
61.6751,0.039159
61.6851,0.049383
61.6951,0.032021
61.7051,0.033683
61.7151,0.026115
61.7251,0.051294
61.7351,0.047255
61.7451,0.054632
61.7551,0.057298
61.7651,0.037366
61.7751,0.034635
61.7851,0.023928
61.7951,0.031040
61.8052,0.038908
61.8152,0.021686
61.8252,0.031659
61.8352,0.041742
61.8452,0.051643
61.8552,0.035676
61.8652,0.044265
61.8752,0.061761
61.8852,0.025202
61.8952,0.054260
61.9052,0.047348
61.9152,0.056345
61.9252,0.053488
61.9352,0.037326
61.9452,0.044116
61.9552,0.029633
61.9652,0.039149
61.9752,0.044811
61.9852,0.047695
61.9952,0.052694
62.0052,0.060769
62.0152,0.040726
62.0252,0.056670
62.0352,0.048037
62.0452,0.032431
62.0552,0.044143
62.0652,0.046947
62.0752,0.037564
62.0852,0.035667
62.0952,0.035474
62.1052,0.040922
62.1152,0.037854
62.1252,0.058947
62.1352,0.022275
62.1452,0.048042
62.1552,0.052356
62.1652,0.037588
62.1752,0.045041
62.1852,0.044083
62.1952,0.046875
62.2052,0.054422
62.2152,0.053671
62.2252,0.042082
62.2352,0.033183
62.2452,0.050023
62.2552,0.041951
62.2652,0.043385
62.2752,0.051043
62.2852,0.044604
62.2952,0.052167
62.3052,0.074375
62.3152,0.056251
62.3252,0.062988
62.3352,0.054795
62.3452,0.050604
62.3552,0.055241
62.3652,0.054901
62.3752,0.058903
62.3852,0.051016
62.3952,0.037487
62.4052,0.036037
62.4152,0.055479
62.4252,0.039753
62.4352,0.058028
62.4452,0.064699
62.4552,0.049255
62.4652,0.063724
62.4752,0.054350
62.4852,0.052169
62.4952,0.052788
62.5052,0.043901
62.5152,0.042773
62.5252,0.036070
62.5352,0.045330
62.5452,0.074205
62.5552,0.038029
62.5652,0.041348
62.5752,0.045209
62.5852,0.045830
62.5952,0.056261
62.6052,0.047602
62.6152,0.051887
62.6252,0.045529
62.6352,0.049425
62.6452,0.053733
62.6552,0.053137
62.6652,0.074443
62.6752,0.054507
62.6852,0.052845
62.6952,0.030126
62.7052,0.057649
62.7152,0.035653
62.7252,0.061075
62.7352,0.057137
62.7452,0.063846
62.7552,0.049678
62.7652,0.056447
62.7752,0.063090
62.7852,0.047193
62.7952,0.062744
62.8052,0.062442
62.8152,0.055607
62.8252,0.072897
62.8352,0.062424
62.8452,0.040684
62.8552,0.067469
62.8652,0.051158
62.8752,0.065874
62.8852,0.061010
62.8952,0.031795
62.9052,0.064419
62.9152,0.056312
62.9252,0.054092
62.9352,0.054623
62.9452,0.066893
62.9552,0.049950
62.9652,0.070455
62.9752,0.044285
62.9852,0.062598
62.9952,0.067526
63.0053,0.067440
63.0153,0.061962
63.0253,0.058214
63.0353,0.054943
63.0453,0.048379
63.0553,0.053908
63.0653,0.051312
63.0753,0.049835
63.0853,0.079287
63.0953,0.044217
63.1053,0.072829
63.1153,0.049371
63.1253,0.051677
63.1353,0.051677
63.1453,0.051120
63.1553,0.071617
63.1653,0.068435
63.1753,0.060389
63.1853,0.089953
63.1953,0.062876
63.2053,0.063807
63.2153,0.056516
63.2253,0.055490
63.2353,0.058371
63.2453,0.072385
63.2553,0.069744
63.2653,0.077105
63.2753,0.057194
63.2853,0.070426
63.2953,0.067752
63.3053,0.069206
63.3153,0.056393
63.3253,0.054810
63.3353,0.070757
63.3453,0.074261
63.3553,0.059517
63.3653,0.071959
63.3753,0.078030
63.3853,0.062587
63.3953,0.051986
63.4053,0.053405
63.4153,0.059946
63.4253,0.062421
63.4353,0.066689
63.4453,0.067062
63.4553,0.064667
63.4653,0.074353
63.4753,0.060124
63.4853,0.080549
63.4953,0.077474
63.5053,0.076912
63.5153,0.061821
63.5253,0.067423
63.5353,0.075988
63.5453,0.066932
63.5553,0.062112
63.5653,0.061884
63.5753,0.062544
63.5853,0.058013
63.5953,0.098499
63.6053,0.050446
63.6153,0.060335
63.6253,0.076278
63.6353,0.063678
63.6453,0.067149
63.6553,0.074793
63.6653,0.081340
63.6753,0.068457
63.6853,0.080587
63.6953,0.054568
63.7053,0.065659
63.7153,0.076843
63.7253,0.091803
63.7353,0.062594
63.7453,0.061011
63.7553,0.076016
63.7653,0.073312
63.7753,0.065773
63.7853,0.060969
63.7953,0.068175
63.8053,0.078704
63.8153,0.070339
63.8253,0.085561
63.8353,0.072669
63.8453,0.080224
63.8553,0.077173
63.8653,0.070532
63.8753,0.083080
63.8853,0.062756
63.8953,0.069574
63.9053,0.071152
63.9153,0.079287
63.9253,0.081962
63.9353,0.067683
63.9453,0.066456
63.9553,0.076985
63.9653,0.061005
63.9753,0.086643
63.9853,0.074509
63.9953,0.065236
64.0053,0.065221
64.0153,0.080430
64.0253,0.080343
64.0353,0.069983
64.0453,0.076713
64.0553,0.066744
64.0653,0.075637
64.0753,0.093162
64.0853,0.099898
64.0953,0.076661
64.1053,0.083283
64.1153,0.083074
64.1253,0.062127
64.1353,0.068026
64.1453,0.056556
64.1553,0.084390
64.1653,0.099541
64.1753,0.090934
64.1853,0.080909
64.1953,0.079688
64.2054,0.077318
64.2154,0.091627
64.2254,0.083376
64.2354,0.082034
64.2454,0.070567
64.2554,0.087800
64.2654,0.080480
64.2754,0.086141
64.2854,0.092353
64.2954,0.066205
64.3054,0.079789
64.3154,0.078531
64.3254,0.077842
64.3354,0.072153
64.3454,0.076239
64.3554,0.072723
64.3654,0.092150
64.3754,0.087868
64.3854,0.087369
64.3954,0.065212
64.4054,0.104165
64.4154,0.080786
64.4254,0.102512
64.4354,0.092753
64.4454,0.083140
64.4554,0.106085
64.4654,0.091523
64.4754,0.083762
64.4854,0.082331
64.4954,0.096759
64.5054,0.081271
64.5154,0.083048
64.5254,0.081062
64.5354,0.079673
64.5454,0.080484
64.5554,0.105352
64.5654,0.097902
64.5754,0.090379
64.5854,0.082750
64.5954,0.082911
64.6054,0.084959
64.6154,0.106715
64.6254,0.091936
64.6354,0.096703
64.6454,0.091427
64.6554,0.080774
64.6654,0.090858
64.6754,0.079276
64.6854,0.102191
64.6954,0.082954
64.7054,0.084925
64.7154,0.098979
64.7254,0.084068
64.7354,0.089064
64.7454,0.065082
64.7554,0.088438
64.7654,0.097812
64.7754,0.085810
64.7854,0.097873
64.7954,0.092324
64.8054,0.103570
64.8154,0.085549
64.8254,0.090690
64.8354,0.078616
64.8454,0.092599
64.8554,0.089512
64.8654,0.103537
64.8754,0.087897
64.8854,0.090116
64.8954,0.087810
64.9054,0.095043
64.9154,0.114866
64.9254,0.060214
64.9354,0.094923
64.9454,0.107356
64.9554,0.090678
64.9654,0.101304
64.9754,0.108020
64.9854,0.093696
64.9954,0.090145
65.0054,0.106237
65.0154,0.102049
65.0254,0.096685
65.0354,0.103635
65.0454,0.107340
65.0554,0.097420
65.0654,0.101220
65.0754,0.103604
65.0854,0.093976
65.0954,0.110690
65.1054,0.088717
65.1154,0.097930
65.1254,0.107134
65.1354,0.089111
65.1454,0.108606
65.1554,0.102013
65.1654,0.113580
65.1754,0.106674
65.1854,0.099137
65.1954,0.103300
65.2054,0.103878
65.2154,0.121655
65.2254,0.102489
65.2354,0.100482
65.2454,0.100128
65.2554,0.104192
65.2654,0.091182
65.2754,0.098919
65.2854,0.092847
65.2954,0.094376
65.3054,0.111454
65.3154,0.103899
65.3254,0.096441
65.3354,0.102580
65.3454,0.101847
65.3554,0.105058
65.3654,0.089685
65.3754,0.094068
65.3854,0.090792
65.3954,0.096436
65.4055,0.098431
65.4155,0.095539
65.4255,0.113756
65.4355,0.124738
65.4455,0.114822
65.4555,0.101140
65.4655,0.109124
65.4755,0.106587
65.4855,0.101392
65.4955,0.120956
65.5055,0.128011
65.5155,0.093469
65.5255,0.122802
65.5355,0.102720
65.5455,0.106238
65.5555,0.111919
65.5655,0.124801
65.5755,0.112369
65.5855,0.113914
65.5955,0.118556
65.6055,0.120367
65.6155,0.115601
65.6255,0.120897
65.6355,0.104979
65.6455,0.093848
65.6555,0.129678
65.6655,0.101286
65.6755,0.106561
65.6855,0.108820
65.6955,0.107333
65.7055,0.105348
65.7155,0.117483
65.7255,0.117827
65.7355,0.119522
65.7455,0.119133
65.7555,0.109634
65.7655,0.109857
65.7755,0.125471
65.7855,0.109306
65.7955,0.109348
65.8055,0.124296
65.8155,0.115057
65.8255,0.110433
65.8355,0.110770
65.8455,0.127208
65.8555,0.122072
65.8655,0.118820
65.8755,0.105035
65.8855,0.119350
65.8955,0.115059
65.9055,0.108307
65.9155,0.111661
65.9255,0.124884
65.9355,0.130593
65.9455,0.107841
65.9555,0.109349
65.9655,0.125851
65.9755,0.115065
65.9855,0.124933
65.9955,0.115427
66.0055,0.125672
66.0155,0.106414
66.0255,0.125895
66.0355,0.099659
66.0455,0.130155
66.0555,0.120813
66.0655,0.125817
66.0755,0.124027
66.0855,0.104850
66.0955,0.135829
66.1055,0.125759
66.1155,0.130231
66.1255,0.114929
66.1355,0.125583
66.1455,0.110331
66.1555,0.125178
66.1655,0.114545
66.1755,0.174269
66.1855,0.130505
66.1955,0.138019
66.2055,0.122471
66.2155,0.129215
66.2255,0.134536
66.2355,0.115014
66.2455,0.119275
66.2555,0.135985
66.2655,0.124339
66.2755,0.119303
66.2855,0.120731
66.2955,0.115077
66.3055,0.107970
66.3155,0.110864
66.3255,0.128545
66.3355,0.135067
66.3455,0.153803
66.3555,0.128464
66.3655,0.116342
66.3755,0.129122
66.3855,0.136701
66.3955,0.140239
66.4055,0.139535
66.4155,0.136198
66.4255,0.131690
66.4355,0.138372
66.4455,0.119424
66.4555,0.111458
66.4655,0.152741
66.4755,0.131608
66.4855,0.137687
66.4955,0.104600
66.5055,0.148337
66.5155,0.144718
66.5255,0.117775
66.5355,0.130530
66.5455,0.136638
66.5555,0.121610
66.5655,0.139409
66.5755,0.145252
66.5855,0.138312
66.5955,0.119682
66.6056,0.125252
66.6156,0.134657
66.6256,0.133676
66.6356,0.134156
66.6456,0.134079
66.6556,0.118963
66.6656,0.145338
66.6756,0.143832
66.6856,0.143062
66.6956,0.142415
66.7056,0.135557
66.7156,0.132608
66.7256,0.128784
66.7356,0.154670
66.7456,0.139318
66.7556,0.123200
66.7656,0.139796
66.7756,0.119529
66.7856,0.143136
66.7956,0.142370
66.8056,0.135806
66.8156,0.132116
66.8256,0.147421
66.8356,0.141253
66.8456,0.122953
66.8556,0.154696
66.8656,0.133547
66.8756,0.130052
66.8856,0.157110
66.8956,0.154408
66.9056,0.139897
66.9156,0.131868
66.9256,0.135587
66.9356,0.140600
66.9456,0.157429
66.9556,0.158510
66.9656,0.147513
66.9756,0.152648
66.9856,0.144347
66.9956,0.138007
67.0056,0.132024
67.0156,0.150555
67.0256,0.156626
67.0356,0.142812
67.0456,0.160091
67.0556,0.144665
67.0656,0.149650
67.0756,0.146900
67.0856,0.161775
67.0956,0.154637
67.1056,0.149427
67.1156,0.151078
67.1256,0.138724
67.1356,0.128581
67.1456,0.145903
67.1556,0.149581
67.1656,0.157138
67.1756,0.150498
67.1856,0.147742
67.1956,0.123264
67.2056,0.158317
67.2156,0.155462
67.2256,0.161797
67.2356,0.154239
67.2456,0.165743
67.2556,0.149078
67.2656,0.154487
67.2756,0.157607
67.2856,0.162111
67.2956,0.159987
67.3056,0.160911
67.3156,0.159135
67.3256,0.154832
67.3356,0.166085
67.3456,0.140643
67.3556,0.151409
67.3656,0.173934
67.3756,0.151605
67.3856,0.157866
67.3956,0.172842
67.4056,0.158020
67.4156,0.151260
67.4256,0.171901
67.4356,0.157343
67.4456,0.158346
67.4556,0.141073
67.4656,0.159924
67.4756,0.168348
67.4856,0.157532
67.4956,0.149349
67.5056,0.157681
67.5156,0.156658
67.5256,0.160598
67.5356,0.158283
67.5456,0.180430
67.5556,0.167134
67.5656,0.147035
67.5756,0.165480
67.5856,0.164693
67.5956,0.177366
67.6056,0.164191
67.6156,0.164233
67.6256,0.185041
67.6356,0.156054
67.6456,0.175050
67.6556,0.168045
67.6656,0.162730
67.6756,0.161591
67.6856,0.181990
67.6956,0.173394
67.7056,0.175088
67.7156,0.178311
67.7256,0.173169
67.7356,0.159477
67.7456,0.154708
67.7556,0.186160
67.7656,0.173183
67.7756,0.172235
67.7856,0.189829
67.7956,0.161481
67.8057,0.147231
67.8157,0.154693
67.8257,0.167843
67.8357,0.174667
67.8457,0.187757
67.8557,0.182617
67.8657,0.148913
67.8757,0.202884
67.8857,0.171119
67.8957,0.187850
67.9057,0.181381
67.9157,0.176323
67.9257,0.174249
67.9357,0.165846
67.9457,0.164443
67.9557,0.176011
67.9657,0.164144
67.9757,0.194858
67.9857,0.179702
67.9957,0.200014
68.0057,0.175086
68.0157,0.173893
68.0257,0.186063
68.0357,0.177919
68.0457,0.190601
68.0557,0.195611
68.0657,0.192579
68.0757,0.195592
68.0857,0.190485
68.0957,0.177180
68.1057,0.194431
68.1157,0.190371
68.1257,0.177581
68.1357,0.179214
68.1457,0.183570
68.1557,0.195969
68.1657,0.186389
68.1757,0.185531
68.1857,0.184364
68.1957,0.182790
68.2057,0.175054
68.2157,0.195015
68.2257,0.177260
68.2357,0.188482
68.2457,0.184089
68.2557,0.196214
68.2657,0.185504
68.2757,0.179237
68.2857,0.199567
68.2957,0.181790
68.3057,0.191974
68.3157,0.203542
68.3257,0.183881
68.3357,0.190526
68.3457,0.187629
68.3557,0.193636
68.3657,0.192018
68.3757,0.202289
68.3857,0.187260
68.3957,0.206593
68.4057,0.210282
68.4157,0.197186
68.4257,0.187105
68.4357,0.194982
68.4457,0.194532
68.4557,0.213892
68.4657,0.195526
68.4757,0.210775
68.4857,0.198452
68.4957,0.198187
68.5057,0.194577
68.5157,0.195903
68.5257,0.207805
68.5357,0.191996
68.5457,0.209295
68.5557,0.214502
68.5657,0.194572
68.5757,0.212968
68.5857,0.211769
68.5957,0.210378
68.6057,0.195726
68.6157,0.201293
68.6257,0.201681
68.6357,0.224198
68.6457,0.203595
68.6557,0.202267
68.6657,0.193025
68.6757,0.195192
68.6857,0.198476
68.6957,0.209338
68.7057,0.191893
68.7157,0.199884
68.7257,0.188343
68.7357,0.221383
68.7457,0.208840
68.7557,0.211292
68.7657,0.197702
68.7757,0.220629
68.7857,0.224462
68.7957,0.210517
68.8057,0.205473
68.8157,0.216205
68.8257,0.218449
68.8357,0.220224
68.8457,0.218580
68.8557,0.222002
68.8657,0.205858
68.8757,0.222327
68.8857,0.209094
68.8957,0.188957
68.9057,0.209853
68.9157,0.209370
68.9257,0.217747
68.9357,0.224145
68.9457,0.218123
68.9557,0.236711
68.9657,0.211806
68.9757,0.197611
68.9857,0.220701
68.9957,0.212906
69.0058,0.207933
69.0158,0.216250
69.0258,0.211828
69.0358,0.213252
69.0458,0.235764
69.0558,0.222221
69.0658,0.218765
69.0758,0.237836
69.0858,0.219347
69.0958,0.210444
69.1058,0.209925
69.1158,0.222835
69.1258,0.207658
69.1358,0.212803
69.1458,0.221163
69.1558,0.236744
69.1658,0.238793
69.1758,0.232922
69.1858,0.226739
69.1958,0.221526
69.2058,0.231568
69.2158,0.245959
69.2258,0.230009
69.2358,0.224432
69.2458,0.227933
69.2558,0.227301
69.2658,0.235916
69.2758,0.223252
69.2858,0.235412
69.2958,0.237495
69.3058,0.235718
69.3158,0.221880
69.3258,0.231713
69.3358,0.228407
69.3458,0.233404
69.3558,0.227945
69.3658,0.247515
69.3758,0.237421
69.3858,0.219843
69.3958,0.223200
69.4058,0.249019
69.4158,0.235646
69.4258,0.234025
69.4358,0.249685
69.4458,0.237363
69.4558,0.227406
69.4658,0.228561
69.4758,0.246594
69.4858,0.261096
69.4958,0.249681
69.5058,0.237951
69.5158,0.239988
69.5258,0.243227
69.5358,0.223031
69.5458,0.243954
69.5558,0.250050
69.5658,0.262430
69.5758,0.256100
69.5858,0.264985
69.5958,0.262987
69.6058,0.260623
69.6158,0.247435
69.6258,0.251119
69.6358,0.231468
69.6458,0.249973
69.6558,0.254833
69.6658,0.246840
69.6758,0.234760
69.6858,0.266509
69.6958,0.255248
69.7058,0.268900
69.7158,0.259624
69.7258,0.266396
69.7358,0.264852
69.7458,0.246939
69.7558,0.249156
69.7658,0.250476
69.7758,0.245611
69.7858,0.273442
69.7958,0.256731
69.8058,0.261422
69.8158,0.244036
69.8258,0.266053
69.8358,0.254295
69.8458,0.271522
69.8558,0.252583
69.8658,0.273282
69.8758,0.269899
69.8858,0.256361
69.8958,0.275726
69.9058,0.273566
69.9158,0.267506
69.9258,0.253207
69.9358,0.271678
69.9458,0.264873
69.9558,0.265243
69.9658,0.266026
69.9758,0.265526
69.9858,0.257711
69.9958,0.251756
70.0058,0.250209
70.0158,0.270895
70.0258,0.244101
70.0358,0.276004
70.0458,0.274175
70.0558,0.266427
70.0658,0.280034
70.0758,0.267457
70.0858,0.274510
70.0958,0.250988
70.1058,0.248378
70.1158,0.268651
70.1258,0.275425
70.1358,0.280875
70.1458,0.269763
70.1558,0.274151
70.1658,0.279686
70.1758,0.270674
70.1858,0.277942
70.1958,0.260889
70.2059,0.255713
70.2159,0.267031
70.2259,0.280202
70.2359,0.265422
70.2459,0.279112
70.2559,0.262401
70.2659,0.266907
70.2759,0.275209
70.2859,0.266166
70.2959,0.267909
70.3059,0.246849
70.3159,0.281366
70.3259,0.271825
70.3359,0.263593
70.3459,0.291404
70.3559,0.265216
70.3659,0.267979
70.3759,0.263542
70.3859,0.284220
70.3959,0.287542
70.4059,0.286563
70.4159,0.286485
70.4259,0.267285
70.4359,0.289998
70.4459,0.271332
70.4559,0.257875
70.4659,0.269049
70.4759,0.276584
70.4859,0.266887
70.4959,0.274813
70.5059,0.278719
70.5159,0.277467
70.5259,0.279920
70.5359,0.271575
70.5459,0.266109
70.5559,0.258686
70.5659,0.272513
70.5759,0.268025
70.5859,0.272218
70.5959,0.252701
70.6059,0.258226
70.6159,0.278514
70.6259,0.257063
70.6359,0.271520
70.6459,0.265115
70.6559,0.264483
70.6659,0.274281
70.6759,0.273716
70.6859,0.278895
70.6959,0.262414
70.7059,0.264591
70.7159,0.284670
70.7259,0.271193
70.7359,0.277099
70.7459,0.268470
70.7559,0.277995
70.7659,0.248556
70.7759,0.284959
70.7859,0.268893
70.7959,0.260957
70.8059,0.262822
70.8159,0.270812
70.8259,0.272345
70.8359,0.274861
70.8459,0.261523
70.8559,0.282162
70.8659,0.268208
70.8759,0.267708
70.8859,0.271189
70.8959,0.280080
70.9059,0.273113
70.9159,0.268029
70.9259,0.270216
70.9359,0.285645
70.9459,0.284007
70.9559,0.277112
70.9659,0.274940
70.9759,0.296590
70.9859,0.278090
70.9959,0.275261
71.0059,0.271434
71.0159,0.277023
71.0259,0.243002
71.0359,0.283732
71.0459,0.260738
71.0559,0.266275
71.0659,0.259454
71.0759,0.266091
71.0859,0.270052
71.0959,0.282349
71.1059,0.286346
71.1159,0.292867
71.1259,0.274478
71.1359,0.271265
71.1459,0.281252
71.1559,0.264915
71.1659,0.263797
71.1759,0.269784
71.1859,0.273118
71.1959,0.252788
71.2059,0.284126
71.2159,0.275857
71.2259,0.281438
71.2359,0.257751
71.2459,0.266806
71.2559,0.266299
71.2659,0.271429
71.2759,0.273121
71.2859,0.282152
71.2959,0.274444
71.3059,0.266043
71.3159,0.295334
71.3259,0.270801
71.3359,0.264388
71.3459,0.254605
71.3559,0.274360
71.3659,0.280364
71.3759,0.262057
71.3859,0.279706
71.3959,0.274293
71.4060,0.255723
71.4160,0.279713
71.4260,0.270806
71.4360,0.262195
71.4460,0.283025
71.4560,0.282835
71.4660,0.261979
71.4760,0.276391
71.4860,0.275489
71.4960,0.272777
71.5060,0.268300
71.5160,0.271972
71.5260,0.282842
71.5360,0.277548
71.5460,0.254178
71.5560,0.252022
71.5660,0.254885
71.5760,0.259874
71.5860,0.265905
71.5960,0.268929
71.6060,0.272801
71.6160,0.273118
71.6260,0.272970
71.6360,0.284893
71.6460,0.256690
71.6560,0.276796
71.6660,0.276747
71.6760,0.260830
71.6860,0.278794
71.6960,0.277182
71.7060,0.273024
71.7160,0.249280
71.7260,0.283094
71.7360,0.275723
71.7460,0.277492
71.7560,0.239549
71.7660,0.268141
71.7760,0.259120
71.7860,0.286391
71.7960,0.262406
71.8060,0.288249
71.8160,0.282985
71.8260,0.275670
71.8360,0.284810
71.8460,0.264012
71.8560,0.265804
71.8660,0.282680
71.8760,0.264058
71.8860,0.260198
71.8960,0.270244
71.9060,0.264635
71.9160,0.292110
71.9260,0.281210
71.9360,0.267697
71.9460,0.263443
71.9560,0.276843
71.9660,0.285332
71.9760,0.276366
71.9860,0.263946
71.9960,0.259089
72.0060,0.269676
72.0160,0.276615
72.0260,0.268752
72.0360,0.283534
72.0460,0.278728
72.0560,0.275830
72.0660,0.278531
72.0760,0.259565
72.0860,0.268474
72.0960,0.263054
72.1060,0.277300
72.1160,0.263206
72.1260,0.274276
72.1360,0.271811
72.1460,0.279456
72.1560,0.261490
72.1660,0.277974
72.1760,0.262762
72.1860,0.263813
72.1960,0.272031
72.2060,0.285400
72.2160,0.265040
72.2260,0.255678
72.2360,0.264004
72.2460,0.269605
72.2560,0.292147
72.2660,0.277340
72.2760,0.265924
72.2860,0.272044
72.2960,0.289166
72.3060,0.271053
72.3160,0.271173
72.3260,0.269402
72.3360,0.280417
72.3460,0.268203
72.3560,0.282179
72.3660,0.284084
72.3760,0.279591
72.3860,0.271214
72.3960,0.259472
72.4060,0.271217
72.4160,0.266771
72.4260,0.265666
72.4360,0.271063
72.4460,0.278249
72.4560,0.267228
72.4660,0.259708
72.4760,0.263869
72.4860,0.290360
72.4960,0.278944
72.5060,0.263879
72.5160,0.286347
72.5260,0.271057
72.5360,0.296237
72.5460,0.276077
72.5560,0.279112
72.5660,0.281829
72.5760,0.288316
72.5860,0.269066
72.5960,0.287452
72.6061,0.267219
72.6161,0.269842
72.6261,0.273546
72.6361,0.282661
72.6461,0.270154
72.6561,0.289964
72.6661,0.286721
72.6761,0.273852
72.6861,0.263796
72.6961,0.283468
72.7061,0.252500
72.7161,0.280869
72.7261,0.265218
72.7361,0.286019
72.7461,0.259598
72.7561,0.266835
72.7661,0.277838
72.7761,0.279473
72.7861,0.267196
72.7961,0.270135
72.8061,0.282983
72.8161,0.283524
72.8261,0.269939
72.8361,0.267385
72.8461,0.259766
72.8561,0.275993
72.8661,0.281583
72.8761,0.274970
72.8861,0.264207
72.8961,0.291322
72.9061,0.252422
72.9161,0.282239
72.9261,0.275624
72.9361,0.278143
72.9461,0.265588
72.9561,0.271932
72.9661,0.276390
72.9761,0.272598
72.9861,0.255519
72.9961,0.290582
73.0061,0.279958
73.0161,0.273802
73.0261,0.274447
73.0361,0.290294
73.0461,0.266029
73.0561,0.263774
73.0661,0.281957
73.0761,0.278083
73.0861,0.263358
73.0961,0.284343
73.1061,0.276406
73.1161,0.264477
73.1261,0.278360
73.1361,0.276863
73.1461,0.272576
73.1561,0.277300
73.1661,0.279718
73.1761,0.282598
73.1861,0.274529
73.1961,0.270750
73.2061,0.275847
73.2161,0.285365
73.2261,0.279756
73.2361,0.270189
73.2461,0.274013
73.2561,0.290113
73.2661,0.280949
73.2761,0.274975
73.2861,0.284860
73.2961,0.268026
73.3061,0.276746
73.3161,0.292213
73.3261,0.279992
73.3361,0.289665
73.3461,0.272619
73.3561,0.268694
73.3661,0.285059
73.3761,0.255173
73.3861,0.275258
73.3961,0.283765
73.4061,0.279082
73.4161,0.252432
73.4261,0.259997
73.4361,0.272313
73.4461,0.278205
73.4561,0.278598
73.4661,0.273395
73.4761,0.280759
73.4861,0.277825
73.4961,0.272170
73.5061,0.278833
73.5161,0.266982
73.5261,0.279825
73.5361,0.264987
73.5461,0.278331
73.5561,0.278085
73.5661,0.270468
73.5761,0.279806
73.5861,0.288884
73.5961,0.263256
73.6061,0.282999
73.6161,0.284321
73.6261,0.271384
73.6361,0.281466
73.6461,0.270911
73.6561,0.286019
73.6661,0.246067
73.6761,0.287905
73.6861,0.262334
73.6961,0.274356
73.7061,0.265317
73.7161,0.288422
73.7261,0.271166
73.7361,0.268035
73.7461,0.284658
73.7561,0.280778
73.7661,0.270120
73.7761,0.263545
73.7861,0.262194
73.7961,0.286207
73.8062,0.277646
73.8162,0.275191
73.8262,0.278379
73.8362,0.253970
73.8462,0.270211
73.8562,0.270477
73.8662,0.283270
73.8762,0.258766
73.8862,0.283993
73.8962,0.291401
73.9062,0.256266
73.9162,0.273623
73.9262,0.278450
73.9362,0.282187
73.9462,0.251811
73.9562,0.276833
73.9662,0.271269
73.9762,0.270624
73.9862,0.294147
73.9962,0.271301
74.0062,0.277955
74.0162,0.272253
74.0262,0.275869
74.0362,0.278983
74.0462,0.282390
74.0562,0.265687
74.0662,0.274983
74.0762,0.275336
74.0862,0.256976
74.0962,0.263920
74.1062,0.282366
74.1162,0.268840
74.1262,0.299577
74.1362,0.283087
74.1462,0.277975
74.1562,0.288560
74.1662,0.281184
74.1762,0.275299
74.1862,0.259315
74.1962,0.280110
74.2062,0.287424
74.2162,0.267528
74.2262,0.255196
74.2362,0.262764
74.2462,0.291047
74.2562,0.274258
74.2662,0.288054
74.2762,0.273647
74.2862,0.268491
74.2962,0.294802
74.3062,0.269740
74.3162,0.270966
74.3262,0.278063
74.3362,0.270556
74.3462,0.281238
74.3562,0.277916
74.3662,0.278312
74.3762,0.267290
74.3862,0.256833
74.3962,0.265135
74.4062,0.266016
74.4162,0.276383
74.4262,0.265306
74.4362,0.258804
74.4462,0.261991
74.4562,0.277333
74.4662,0.280331
74.4762,0.268390
74.4862,0.269456
74.4962,0.279596
74.5062,0.275111
74.5162,0.285317
74.5262,0.271880
74.5362,0.265142
74.5462,0.284321
74.5562,0.270344
74.5662,0.265569
74.5762,0.282385
74.5862,0.287949
74.5962,0.275289
74.6062,0.263414
74.6162,0.288804
74.6262,0.277224
74.6362,0.275654
74.6462,0.269417
74.6562,0.284755
74.6662,0.262372
74.6762,0.261419
74.6862,0.292402
74.6962,0.264832
74.7062,0.283053
74.7162,0.287241
74.7262,0.275558
74.7362,0.264646
74.7462,0.279754
74.7562,0.287374
74.7662,0.276881
74.7762,0.265992
74.7862,0.276517
74.7962,0.259610
74.8062,0.263720
74.8162,0.270870
74.8262,0.274072
74.8362,0.261436
74.8462,0.275954
74.8562,0.278673
74.8662,0.271309
74.8762,0.251875
74.8862,0.274501
74.8962,0.291605
74.9062,0.278034
74.9162,0.273613
74.9262,0.269732
74.9362,0.279228
74.9462,0.275541
74.9562,0.280530
74.9662,0.262493
74.9762,0.274670
74.9862,0.268845
74.9962,0.277172
75.0063,0.254001
75.0163,0.269529
75.0263,0.278881
75.0363,0.280494
75.0463,0.273152
75.0563,0.251852
75.0663,0.279870
75.0763,0.289298
75.0863,0.265069
75.0963,0.269198
75.1063,0.281522
75.1163,0.281789
75.1263,0.284427
75.1363,0.283603
75.1463,0.258134
75.1563,0.268663
75.1663,0.279721
75.1763,0.272595
75.1863,0.277115
75.1963,0.272152
75.2063,0.269098
75.2163,0.271038
75.2263,0.262238
75.2363,0.266222
75.2463,0.272787
75.2563,0.272969
75.2663,0.279132
75.2763,0.270605
75.2863,0.290214
75.2963,0.285756
75.3063,0.268433
75.3163,0.275435
75.3263,0.285585
75.3363,0.267049
75.3463,0.265979
75.3563,0.286450
75.3663,0.280370
75.3763,0.284195
75.3863,0.276611
75.3963,0.270908
75.4063,0.260038
75.4163,0.274825
75.4263,0.285777
75.4363,0.285895
75.4463,0.284164
75.4563,0.281329
75.4663,0.295567
75.4763,0.257939
75.4863,0.275766
75.4963,0.264089
75.5063,0.288981
75.5163,0.267930
75.5263,0.283542
75.5363,0.268963
75.5463,0.277659
75.5563,0.272371
75.5663,0.273319
75.5763,0.276793
75.5863,0.282652
75.5963,0.272363
75.6063,0.282370
75.6163,0.283835
75.6263,0.269285
75.6363,0.292308
75.6463,0.280908
75.6563,0.269142
75.6663,0.279597
75.6763,0.283841
75.6863,0.279353
75.6963,0.275475
75.7063,0.238943
75.7163,0.263783
75.7263,0.280242
75.7363,0.263584
75.7463,0.278595
75.7563,0.282304
75.7663,0.272330
75.7763,0.255810
75.7863,0.266089
75.7963,0.280304
75.8063,0.286026
75.8163,0.252640
75.8263,0.274265
75.8363,0.258781
75.8463,0.274361
75.8563,0.271886
75.8663,0.297060
75.8763,0.268069
75.8863,0.283944
75.8963,0.283546
75.9063,0.271508
75.9163,0.274645
75.9263,0.273461
75.9363,0.266019
75.9463,0.265154
75.9563,0.269358
75.9663,0.262072
75.9763,0.268453
75.9863,0.271502
75.9963,0.275075
76.0063,0.277893
76.0163,0.271493
76.0263,0.265766
76.0363,0.277712
76.0463,0.281366
76.0563,0.268598
76.0663,0.263630
76.0763,0.268994
76.0863,0.271641
76.0963,0.284907
76.1063,0.280394
76.1163,0.273424
76.1263,0.292463
76.1363,0.273109
76.1463,0.287594
76.1563,0.285669
76.1663,0.284963
76.1763,0.276668
76.1863,0.274624
76.1963,0.273508
76.2064,0.281958
76.2164,0.265563
76.2264,0.270827
76.2364,0.290126
76.2464,0.279690
76.2564,0.282998
76.2664,0.261245
76.2764,0.269136
76.2864,0.276795
76.2964,0.273042
76.3064,0.261203
76.3164,0.281054
76.3264,0.284231
76.3364,0.270603
76.3464,0.281414
76.3564,0.293747
76.3664,0.288710
76.3764,0.271051
76.3864,0.262421
76.3964,0.275758
76.4064,0.296926
76.4164,0.286837
76.4264,0.273396
76.4364,0.289079
76.4464,0.285144
76.4564,0.254462
76.4664,0.284073
76.4764,0.274644
76.4864,0.264791
76.4964,0.274369
76.5064,0.277599
76.5164,0.265515
76.5264,0.272258
76.5364,0.270149
76.5464,0.281409
76.5564,0.270443
76.5664,0.256457
76.5764,0.268982
76.5864,0.263993
76.5964,0.260516
76.6064,0.285260
76.6164,0.281492
76.6264,0.263787
76.6364,0.260763
76.6464,0.272430
76.6564,0.260222
76.6664,0.271036
76.6764,0.274162
76.6864,0.276501
76.6964,0.276858
76.7064,0.265649
76.7164,0.274162
76.7264,0.286262
76.7364,0.252485
76.7464,0.276713
76.7564,0.261673
76.7664,0.287495
76.7764,0.281627
76.7864,0.281308
76.7964,0.264923
76.8064,0.276095
76.8164,0.277208
76.8264,0.249745
76.8364,0.274922
76.8464,0.279589
76.8564,0.259316
76.8664,0.279476
76.8764,0.274453
76.8864,0.287269
76.8964,0.269326
76.9064,0.275233
76.9164,0.276869
76.9264,0.245381
76.9364,0.269911
76.9464,0.274319
76.9564,0.249891
76.9664,0.280199
76.9764,0.274315
76.9864,0.274259
76.9964,0.280668
77.0064,0.269348
77.0164,0.273890
77.0264,0.282107
77.0364,0.274011
77.0464,0.255019
77.0564,0.273972
77.0664,0.274096
77.0764,0.282462
77.0864,0.270024
77.0964,0.263677
77.1064,0.263710
77.1164,0.287883
77.1264,0.276349
77.1364,0.287372
77.1464,0.288819
77.1564,0.266021
77.1664,0.265257
77.1764,0.272180
77.1864,0.279601
77.1964,0.259441
77.2064,0.278006
77.2164,0.277499
77.2264,0.262202
77.2364,0.262553
77.2464,0.277902
77.2564,0.294187
77.2664,0.270508
77.2764,0.276754
77.2864,0.267406
77.2964,0.275821
77.3064,0.267203
77.3164,0.270867
77.3264,0.297948
77.3364,0.274527
77.3464,0.257815
77.3564,0.279885
77.3664,0.284750
77.3764,0.280212
77.3864,0.271689
77.3964,0.264283
77.4065,0.264529
77.4165,0.271559
77.4265,0.269788
77.4365,0.267874
77.4465,0.285610
77.4565,0.282668
77.4665,0.286126
77.4765,0.265573
77.4865,0.264249
77.4965,0.274230
77.5065,0.277606
77.5165,0.274172
77.5265,0.276925
77.5365,0.289307
77.5465,0.271273
77.5565,0.281528
77.5665,0.278636
77.5765,0.274410
77.5865,0.281067
77.5965,0.265777
77.6065,0.263766
77.6165,0.277785
77.6265,0.257076
77.6365,0.278572
77.6465,0.262175
77.6565,0.288636
77.6665,0.269494
77.6765,0.287989
77.6865,0.271348
77.6965,0.270921
77.7065,0.282116
77.7165,0.276386
77.7265,0.272790
77.7365,0.269415
77.7465,0.269511
77.7565,0.297032
77.7665,0.256704
77.7765,0.261431
77.7865,0.285225
77.7965,0.284475
77.8065,0.264232
77.8165,0.255932
77.8265,0.286180
77.8365,0.262989
77.8465,0.268545
77.8565,0.274418
77.8665,0.262730
77.8765,0.282701
77.8865,0.273666
77.8965,0.264636
77.9065,0.265517
77.9165,0.286426
77.9265,0.270669
77.9365,0.279601
77.9465,0.273357
77.9565,0.255911
77.9665,0.280925
77.9765,0.284195
77.9865,0.291881
77.9965,0.254451
78.0065,0.241872
78.0165,0.279847
78.0265,0.267463
78.0365,0.259156
78.0465,0.274532
78.0565,0.268963
78.0665,0.260695
78.0765,0.272629
78.0865,0.279122
78.0965,0.275206
78.1065,0.275282
78.1165,0.277891
78.1265,0.256543
78.1365,0.272944
78.1465,0.275856
78.1565,0.269677
78.1665,0.265162
78.1765,0.265995
78.1865,0.270523
78.1965,0.282600
78.2065,0.288729
78.2165,0.286691
78.2265,0.257849
78.2365,0.264063
78.2465,0.280031
78.2565,0.286464
78.2665,0.263788
78.2765,0.275289
78.2865,0.262138
78.2965,0.276221
78.3065,0.267022
78.3165,0.275286
78.3265,0.261338
78.3365,0.257118
78.3465,0.304439
78.3565,0.274150
78.3665,0.294804
78.3765,0.288547
78.3865,0.257100
78.3965,0.277074
78.4065,0.260512
78.4165,0.270495
78.4265,0.254608
78.4365,0.257714
78.4465,0.264909
78.4565,0.267999
78.4665,0.273845
78.4765,0.263095
78.4865,0.274950
78.4965,0.284814
78.5065,0.276195
78.5165,0.272783
78.5265,0.276873
78.5365,0.259107
78.5465,0.282977
78.5565,0.261480
78.5665,0.288975
78.5765,0.281164
78.5865,0.279022
78.5965,0.279457
78.6066,0.273438
78.6166,0.265593
78.6266,0.264039
78.6366,0.290970
78.6466,0.274490
78.6566,0.262307
78.6666,0.278624
78.6766,0.276885
78.6866,0.270163
78.6966,0.264476
78.7066,0.280812
78.7166,0.282917
78.7266,0.276680
78.7366,0.274172
78.7466,0.265633
78.7566,0.278255
78.7666,0.267110
78.7766,0.260732
78.7866,0.284712
78.7966,0.263158
78.8066,0.254487
78.8166,0.286547
78.8266,0.256012
78.8366,0.269559
78.8466,0.262500
78.8566,0.266219
78.8666,0.295697
78.8766,0.272441
78.8866,0.277056
78.8966,0.281361
78.9066,0.266988
78.9166,0.284208
78.9266,0.277217
78.9366,0.280995
78.9466,0.266209
78.9566,0.277896
78.9666,0.273367
78.9766,0.284754
78.9866,0.268053
78.9966,0.293779
79.0066,0.276844
79.0166,0.272204
79.0266,0.271035
79.0366,0.273388
79.0466,0.267170
79.0566,0.280124
79.0666,0.273337
79.0766,0.292893
79.0866,0.269123
79.0966,0.272250
79.1066,0.269113
79.1166,0.292147
79.1266,0.258999
79.1366,0.274393
79.1466,0.276586
79.1566,0.262176
79.1666,0.299888
79.1766,0.264151
79.1866,0.273792
79.1966,0.290297
79.2066,0.269706
79.2166,0.274893
79.2266,0.270009
79.2366,0.272924
79.2466,0.284271
79.2566,0.269241
79.2666,0.246912
79.2766,0.273127
79.2866,0.274086
79.2966,0.275411
79.3066,0.271623
79.3166,0.264831
79.3266,0.271005
79.3366,0.291108
79.3466,0.273036
79.3566,0.279986
79.3666,0.263119
79.3766,0.270542
79.3866,0.263450
79.3966,0.286393
79.4066,0.257899
79.4166,0.277181
79.4266,0.276864
79.4366,0.276216
79.4466,0.250008
79.4566,0.253227
79.4666,0.274627
79.4766,0.264225
79.4866,0.267028
79.4966,0.269211
79.5066,0.262927
79.5166,0.261203
79.5266,0.273456
79.5366,0.254396
79.5466,0.268398
79.5566,0.266782
79.5666,0.273220
79.5766,0.297328
79.5866,0.263637
79.5966,0.277520
79.6066,0.275664
79.6166,0.279055
79.6266,0.271324
79.6366,0.287871
79.6466,0.280309
79.6566,0.280469
79.6666,0.259314
79.6766,0.274420
79.6866,0.268358
79.6966,0.264840
79.7066,0.267192
79.7166,0.272897
79.7266,0.278024
79.7366,0.283273
79.7466,0.282803
79.7566,0.276383
79.7666,0.274013
79.7766,0.270212
79.7866,0.270981
79.7966,0.265654
79.8067,0.269172
79.8167,0.276995
79.8267,0.288860
79.8367,0.271959
79.8467,0.265380
79.8567,0.283149
79.8667,0.253432
79.8767,0.283888
79.8867,0.259128
79.8967,0.280028
79.9067,0.268696
79.9167,0.276666
79.9267,0.294288
79.9367,0.265079
79.9467,0.263451
79.9567,0.274239
79.9667,0.288710
79.9767,0.275248
79.9867,0.273903
79.9967,0.275147
80.0067,0.263380
80.0167,0.275147
80.0267,0.269315
80.0367,0.286320
80.0467,0.280895
80.0567,0.259467
80.0667,0.269633
80.0767,0.277479
80.0867,0.262094
80.0967,0.260805
80.1067,0.266646
80.1167,0.274360
80.1267,0.280920
80.1367,0.272485
80.1467,0.294390
80.1567,0.262588
80.1667,0.276336
80.1767,0.257407
80.1867,0.284163
80.1967,0.281193
80.2067,0.274252
80.2167,0.249303
80.2267,0.273211
80.2367,0.257514
80.2467,0.269752
80.2567,0.250175
80.2667,0.266921
80.2767,0.260182
80.2867,0.255428
80.2967,0.268625
80.3067,0.261672
80.3167,0.259619
80.3267,0.268521
80.3367,0.279668
80.3467,0.262862
80.3567,0.241521
80.3667,0.243472
80.3767,0.259217
80.3867,0.268264
80.3967,0.258818
80.4067,0.262057
80.4167,0.255824
80.4267,0.265503
80.4367,0.261518
80.4467,0.244626
80.4567,0.258770
80.4667,0.238335
80.4767,0.257712
80.4867,0.249878
80.4967,0.253781
80.5067,0.254886
80.5167,0.253935
80.5267,0.264766
80.5367,0.250406
80.5467,0.251429
80.5567,0.262313
80.5667,0.267459
80.5767,0.247791
80.5867,0.242325
80.5967,0.242299
80.6067,0.250912
80.6167,0.243851
80.6267,0.227874
80.6367,0.256080
80.6467,0.252488
80.6567,0.255285
80.6667,0.256746
80.6767,0.244698
80.6867,0.244886
80.6967,0.251837
80.7067,0.229110
80.7167,0.237228
80.7267,0.239652
80.7367,0.248959
80.7467,0.233849
80.7567,0.231610
80.7667,0.233919
80.7767,0.242424
80.7867,0.236545
80.7967,0.222221
80.8067,0.223695
80.8167,0.237101
80.8267,0.236938
80.8367,0.235021
80.8467,0.229545
80.8567,0.241637
80.8667,0.236960
80.8767,0.236130
80.8867,0.235997
80.8967,0.247780
80.9067,0.221077
80.9167,0.226624
80.9267,0.226988
80.9367,0.242446
80.9467,0.225651
80.9567,0.220984
80.9667,0.227371
80.9767,0.228997
80.9867,0.239439
80.9967,0.223203
81.0068,0.219651
81.0168,0.216954
81.0268,0.222138
81.0368,0.250746
81.0468,0.228464
81.0568,0.230154
81.0668,0.223701
81.0768,0.224611
81.0868,0.230637
81.0968,0.227935
81.1068,0.225337
81.1168,0.221545
81.1268,0.217400
81.1368,0.224706
81.1468,0.220840
81.1568,0.240874
81.1668,0.229596
81.1768,0.211892
81.1868,0.206485
81.1968,0.213745
81.2068,0.206443
81.2168,0.212241
81.2268,0.206679
81.2368,0.212655
81.2468,0.212326
81.2568,0.216502
81.2668,0.212516
81.2768,0.205117
81.2868,0.225845
81.2968,0.217283
81.3068,0.207367
81.3168,0.203510
81.3268,0.197259
81.3368,0.196088
81.3468,0.221530
81.3568,0.220032
81.3668,0.204341
81.3768,0.223411
81.3868,0.215483
81.3968,0.210915
81.4068,0.217071
81.4168,0.214205
81.4268,0.209128
81.4368,0.204762
81.4468,0.205663
81.4568,0.190228
81.4668,0.197875
81.4768,0.223459
81.4868,0.196759
81.4968,0.186105
81.5068,0.213229
81.5168,0.206255
81.5268,0.206397
81.5368,0.201355
81.5468,0.211619
81.5568,0.217391
81.5668,0.196464
81.5768,0.207592
81.5868,0.212034
81.5968,0.194658
81.6068,0.215119
81.6168,0.210763
81.6268,0.186781
81.6368,0.214741
81.6468,0.186487
81.6568,0.191101
81.6668,0.204405
81.6768,0.207577
81.6868,0.197744
81.6968,0.190054
81.7068,0.193348
81.7168,0.191762
81.7268,0.203558
81.7368,0.190686
81.7468,0.187826
81.7568,0.179174
81.7668,0.187606
81.7768,0.191967
81.7868,0.181451
81.7968,0.174912
81.8068,0.201764
81.8168,0.181567
81.8268,0.178085
81.8368,0.206481
81.8468,0.198883
81.8568,0.200259
81.8668,0.194667
81.8768,0.202340
81.8868,0.197673
81.8968,0.185007
81.9068,0.177415
81.9168,0.174849
81.9268,0.185899
81.9368,0.175913
81.9468,0.178553
81.9568,0.184625
81.9668,0.199745
81.9768,0.170281
81.9868,0.185304
81.9968,0.172114
82.0068,0.178687
82.0168,0.193172
82.0268,0.175014
82.0368,0.180488
82.0468,0.184157
82.0568,0.189385
82.0668,0.176521
82.0768,0.194235
82.0868,0.176805
82.0968,0.185729
82.1068,0.178616
82.1168,0.187555
82.1268,0.200053
82.1368,0.176634
82.1468,0.178883
82.1568,0.174357
82.1668,0.172452
82.1768,0.170954
82.1868,0.177397
82.1968,0.169450
82.2069,0.169392
82.2169,0.144841
82.2269,0.189985
82.2369,0.192214
82.2469,0.181904
82.2569,0.166319
82.2669,0.162065
82.2769,0.158698
82.2869,0.180378
82.2969,0.186284
82.3069,0.174937
82.3169,0.181500
82.3269,0.177017
82.3369,0.164507
82.3469,0.181958
82.3569,0.180968
82.3669,0.161257
82.3769,0.178883
82.3869,0.168987
82.3969,0.167506
82.4069,0.173673
82.4169,0.173017
82.4269,0.177961
82.4369,0.160235
82.4469,0.174039
82.4569,0.156440
82.4669,0.165908
82.4769,0.166232
82.4869,0.176711
82.4969,0.166762
82.5069,0.163710
82.5169,0.180248
82.5269,0.161359
82.5369,0.160599
82.5469,0.146208
82.5569,0.162467
82.5669,0.154902
82.5769,0.161456
82.5869,0.166027
82.5969,0.152442
82.6069,0.154729
82.6169,0.146631
82.6269,0.157195
82.6369,0.152516
82.6469,0.183072
82.6569,0.176340
82.6669,0.174388
82.6769,0.147692
82.6869,0.158538
82.6969,0.147951
82.7069,0.178084
82.7169,0.167640
82.7269,0.148477
82.7369,0.162372
82.7469,0.143527
82.7569,0.156664
82.7669,0.155949
82.7769,0.164778
82.7869,0.166938
82.7969,0.156941
82.8069,0.154177
82.8169,0.123744
82.8269,0.171398
82.8369,0.148882
82.8469,0.156160
82.8569,0.177412
82.8669,0.142563
82.8769,0.154400
82.8869,0.158839
82.8969,0.164480
82.9069,0.153253
82.9169,0.164682
82.9269,0.148456
82.9369,0.157735
82.9469,0.156127
82.9569,0.150764
82.9669,0.154599
82.9769,0.142307
82.9869,0.147757
82.9969,0.137565
83.0069,0.145709
83.0169,0.161198
83.0269,0.153713
83.0369,0.152281
83.0469,0.132906
83.0569,0.151789
83.0669,0.147656
83.0769,0.153353
83.0869,0.161507
83.0969,0.143282
83.1069,0.143912
83.1169,0.155947
83.1269,0.140429
83.1369,0.147036
83.1469,0.125895
83.1569,0.142480
83.1669,0.158311
83.1769,0.148316
83.1869,0.153658
83.1969,0.153929
83.2069,0.157561
83.2169,0.140300
83.2269,0.152898
83.2369,0.165655
83.2469,0.142621
83.2569,0.129393
83.2669,0.136345
83.2769,0.146685
83.2869,0.125091
83.2969,0.133795
83.3069,0.137826
83.3169,0.141931
83.3269,0.158507
83.3369,0.147129
83.3469,0.128823
83.3569,0.178348
83.3669,0.139218
83.3769,0.122291
83.3869,0.128424
83.3969,0.128196
83.4070,0.124754
83.4170,0.143077
83.4270,0.110993
83.4370,0.147200
83.4470,0.145237
83.4570,0.132244
83.4670,0.145682
83.4770,0.125315
83.4870,0.127536
83.4970,0.141173
83.5070,0.133301
83.5170,0.128864
83.5270,0.133699
83.5370,0.147742
83.5470,0.147075
83.5570,0.138258
83.5670,0.130164
83.5770,0.138654
83.5870,0.124538
83.5970,0.144575
83.6070,0.142114
83.6170,0.151649
83.6270,0.124036
83.6370,0.122520
83.6470,0.137022
83.6570,0.128497
83.6670,0.140955
83.6770,0.143865
83.6870,0.147444
83.6970,0.130728
83.7070,0.138676
83.7170,0.124432
83.7270,0.131503
83.7370,0.128526
83.7470,0.127723
83.7570,0.146761
83.7670,0.114833
83.7770,0.127935
83.7870,0.128255
83.7970,0.133883
83.8070,0.116212
83.8170,0.123927
83.8270,0.120694
83.8370,0.103867
83.8470,0.137746
83.8570,0.111158
83.8670,0.109561
83.8770,0.134806
83.8870,0.121718
83.8970,0.121801
83.9070,0.121730
83.9170,0.135024
83.9270,0.118501
83.9370,0.129709
83.9470,0.112086
83.9570,0.126539
83.9670,0.132006
83.9770,0.136771
83.9870,0.106970
83.9970,0.119236
84.0070,0.137929
84.0170,0.130907
84.0270,0.119442
84.0370,0.121214
84.0470,0.123890
84.0570,0.116935
84.0670,0.125881
84.0770,0.125060
84.0870,0.108753
84.0970,0.114750
84.1070,0.114854
84.1170,0.116586
84.1270,0.121588
84.1370,0.120442
84.1470,0.111188
84.1570,0.131538
84.1670,0.117935
84.1770,0.132270
84.1870,0.131786
84.1970,0.106543
84.2070,0.111983
84.2170,0.112465
84.2270,0.119523
84.2370,0.123406
84.2470,0.117364
84.2570,0.110139
84.2670,0.131918
84.2770,0.110772
84.2870,0.122329
84.2970,0.114294
84.3070,0.113769
84.3170,0.120914
84.3270,0.129362
84.3370,0.116739
84.3470,0.108557
84.3570,0.128004
84.3670,0.117899
84.3770,0.114423
84.3870,0.122754
84.3970,0.115459
84.4070,0.136565
84.4170,0.111774
84.4270,0.123012
84.4370,0.115696
84.4470,0.115424
84.4570,0.107178
84.4670,0.106989
84.4770,0.115289
84.4870,0.101403
84.4970,0.104093
84.5070,0.109764
84.5170,0.121779
84.5270,0.109945
84.5370,0.109551
84.5470,0.098082
84.5570,0.125391
84.5670,0.119271
84.5770,0.120163
84.5870,0.093206
84.5970,0.111014
84.6071,0.097884
84.6171,0.114750
84.6271,0.110019
84.6371,0.111758
84.6471,0.099173
84.6571,0.095709
84.6671,0.099470
84.6771,0.108725
84.6871,0.102995
84.6971,0.107720
84.7071,0.094719
84.7171,0.104665
84.7271,0.118453
84.7371,0.107597
84.7471,0.107996
84.7571,0.107848
84.7671,0.098473
84.7771,0.119683
84.7871,0.106710
84.7971,0.104686
84.8071,0.109559
84.8171,0.111871
84.8271,0.089783
84.8371,0.102579
84.8471,0.124143
84.8571,0.118121
84.8671,0.100280
84.8771,0.108402
84.8871,0.097633
84.8971,0.104214
84.9071,0.095872
84.9171,0.095481
84.9271,0.094094
84.9371,0.116615
84.9471,0.094767
84.9571,0.110770
84.9671,0.094816
84.9771,0.093452
84.9871,0.102588
84.9971,0.085488
85.0071,0.104904
85.0171,0.096678
85.0271,0.092314
85.0371,0.089950
85.0471,0.117101
85.0571,0.096828
85.0671,0.096190
85.0771,0.105469
85.0871,0.088107
85.0971,0.107651
85.1071,0.095736
85.1171,0.082041
85.1271,0.090360
85.1371,0.084499
85.1471,0.096049
85.1571,0.087089
85.1671,0.085775
85.1771,0.097521
85.1871,0.094826
85.1971,0.106267
85.2071,0.105612
85.2171,0.094366
85.2271,0.098538
85.2371,0.079256
85.2471,0.100081
85.2571,0.097018
85.2671,0.102242
85.2771,0.089430
85.2871,0.089308
85.2971,0.089162
85.3071,0.106213
85.3171,0.094488
85.3271,0.076492
85.3371,0.097688
85.3471,0.086404
85.3571,0.101676
85.3671,0.096012
85.3771,0.102823
85.3871,0.100601
85.3971,0.099381
85.4071,0.101147
85.4171,0.097748
85.4271,0.082455
85.4371,0.077753
85.4471,0.080683
85.4571,0.096089
85.4671,0.066344
85.4771,0.088222
85.4871,0.085514
85.4971,0.100209
85.5071,0.086597
85.5171,0.083882
85.5271,0.100526
85.5371,0.086246
85.5471,0.084430
85.5571,0.081872
85.5671,0.089420
85.5771,0.083049
85.5871,0.082886
85.5971,0.100468
85.6071,0.086255
85.6171,0.081086
85.6271,0.075418
85.6371,0.087157
85.6471,0.079376
85.6571,0.081093
85.6671,0.076064
85.6771,0.086352
85.6871,0.071153
85.6971,0.088105
85.7071,0.078329
85.7171,0.090765
85.7271,0.088256
85.7371,0.084248
85.7471,0.091475
85.7571,0.098388
85.7671,0.095310
85.7771,0.069322
85.7871,0.076183
85.7971,0.077214
85.8072,0.088237
85.8172,0.076436
85.8272,0.075851
85.8372,0.073932
85.8472,0.084071
85.8572,0.087237
85.8672,0.068583
85.8772,0.075365
85.8872,0.061367
85.8972,0.056210
85.9072,0.084783
85.9172,0.082901
85.9272,0.081281
85.9372,0.095237
85.9472,0.062421
85.9572,0.058189
85.9672,0.067568
85.9772,0.057417
85.9872,0.072292
85.9972,0.084066
86.0072,0.081016
86.0172,0.088138
86.0272,0.081384
86.0372,0.073449
86.0472,0.072044
86.0572,0.081492
86.0672,0.061630
86.0772,0.044969
86.0872,0.080463
86.0972,0.078719
86.1072,0.091884
86.1172,0.082971
86.1272,0.078914
86.1372,0.072517
86.1472,0.067344
86.1572,0.072469
86.1672,0.084640
86.1772,0.079542
86.1872,0.084066
86.1972,0.075608
86.2072,0.065364
86.2172,0.085783
86.2272,0.084697
86.2372,0.075670
86.2472,0.079193
86.2572,0.078462
86.2672,0.068588
86.2772,0.070491
86.2872,0.063815
86.2972,0.070094
86.3072,0.082862
86.3172,0.080785
86.3272,0.077780
86.3372,0.081608
86.3472,0.068185
86.3572,0.059927
86.3672,0.069913
86.3772,0.070527
86.3872,0.077884
86.3972,0.076064
86.4072,0.080879
86.4172,0.050447
86.4272,0.062440
86.4372,0.069330
86.4472,0.074861
86.4572,0.090836
86.4672,0.059944
86.4772,0.062443
86.4872,0.065134
86.4972,0.061737
86.5072,0.060136
86.5172,0.069303
86.5272,0.078506
86.5372,0.069690
86.5472,0.059726
86.5572,0.066187
86.5672,0.057591
86.5772,0.077634
86.5872,0.082343
86.5972,0.051508
86.6072,0.069578
86.6172,0.059334
86.6272,0.067573
86.6372,0.065917
86.6472,0.053191
86.6572,0.078519
86.6672,0.064744
86.6772,0.061390
86.6872,0.067084
86.6972,0.057045
86.7072,0.063744
86.7172,0.047039
86.7272,0.041671
86.7372,0.055373
86.7472,0.059581
86.7572,0.047167
86.7672,0.059594
86.7772,0.059063
86.7872,0.063617
86.7972,0.070207
86.8072,0.081019
86.8172,0.068014
86.8272,0.053723
86.8372,0.070063
86.8472,0.077238
86.8572,0.051863
86.8672,0.052253
86.8772,0.048523
86.8872,0.056924
86.8972,0.066136
86.9072,0.077071
86.9172,0.070991
86.9272,0.065765
86.9372,0.062203
86.9472,0.065496
86.9572,0.065922
86.9672,0.074286
86.9772,0.060881
86.9872,0.063545
86.9972,0.056679
87.0073,0.061735
87.0173,0.057876
87.0273,0.048381
87.0373,0.068847
87.0473,0.074835
87.0573,0.059417
87.0673,0.062950
87.0773,0.068085
87.0873,0.057874
87.0973,0.061043
87.1073,0.056817
87.1173,0.053331
87.1273,0.063882
87.1373,0.063631
87.1473,0.067572
87.1573,0.058153
87.1673,0.046030
87.1773,0.068946
87.1873,0.050365
87.1973,0.050033
87.2073,0.052074
87.2173,0.039799
87.2273,0.054901
87.2373,0.063113
87.2473,0.052425
87.2573,0.069986
87.2673,0.069209
87.2773,0.065183
87.2873,0.036784
87.2973,0.070314
87.3073,0.053449
87.3173,0.072449
87.3273,0.049469
87.3373,0.053956
87.3473,0.056094
87.3573,0.045719
87.3673,0.038683
87.3773,0.030757
87.3873,0.084107
87.3973,0.037738
87.4073,0.037722
87.4173,0.059836
87.4273,0.039724
87.4373,0.037713
87.4473,0.024911
87.4573,0.056429
87.4673,0.042648
87.4773,0.059630
87.4873,0.052286
87.4973,0.053746
87.5073,0.048205
87.5173,0.049829
87.5273,0.043487
87.5373,0.044283
87.5473,0.041182
87.5573,0.067121
87.5673,0.047869
87.5773,0.029031
87.5873,0.054117
87.5973,0.043341
87.6073,0.050784
87.6173,0.048383
87.6273,0.065830
87.6373,0.046943
87.6473,0.058790
87.6573,0.057585
87.6673,0.036666
87.6773,0.052060
87.6873,0.042451
87.6973,0.037799
87.7073,0.037690
87.7173,0.057802
87.7273,0.075872
87.7373,0.041241
87.7473,0.051304
87.7573,0.052103
87.7673,0.043552
87.7773,0.062781
87.7873,0.070528
87.7973,0.042435
87.8073,0.065609
87.8173,0.042652
87.8273,0.038271
87.8373,0.046434
87.8473,0.056372
87.8573,0.046494
87.8673,0.054769
87.8773,0.049512
87.8873,0.060630
87.8973,0.052263
87.9073,0.062118
87.9173,0.038092
87.9273,0.044489
87.9373,0.046365
87.9473,0.037697
87.9573,0.036022
87.9673,0.049770
87.9773,0.052459
87.9873,0.046789
87.9973,0.056110
88.0073,0.034344
88.0173,0.041325
88.0273,0.033294
88.0373,0.046345
88.0473,0.049688
88.0573,0.058086
88.0673,0.032753
88.0773,0.048108
88.0873,0.058604
88.0973,0.034085
88.1073,0.031599
88.1173,0.029076
88.1273,0.049925
88.1373,0.036285
88.1473,0.048180
88.1573,0.041098
88.1673,0.061129
88.1773,0.050859
88.1873,0.034803
88.1973,0.039681
88.2074,0.050441
88.2174,0.031737
88.2274,0.054107
88.2374,0.039644
88.2474,0.050097
88.2574,0.039909
88.2674,0.036493
88.2774,0.034719
88.2874,0.058780
88.2974,0.038367
88.3074,0.071987
88.3174,0.042562
88.3274,0.032399
88.3374,0.024918
88.3474,0.052962
88.3574,0.038560
88.3674,0.048588
88.3774,0.063447
88.3874,0.046777
88.3974,0.043326
88.4074,0.052080
88.4174,0.047723
88.4274,0.026919
88.4374,0.052738
88.4474,0.038817
88.4574,0.054555
88.4674,0.044077
88.4774,0.050788
88.4874,0.036492
88.4974,0.023431
88.5074,0.044107
88.5174,0.048105
88.5274,0.032633
88.5374,0.036036
88.5474,0.015792
88.5574,0.036250
88.5674,0.025165
88.5774,0.042709
88.5874,0.040753
88.5974,0.037424
88.6074,0.050366
88.6174,0.039417
88.6274,0.038810
88.6374,0.039960
88.6474,0.030783
88.6574,0.046394
88.6674,0.027185
88.6774,0.040445
88.6874,0.048273
88.6974,0.025691
88.7074,0.022401
88.7174,0.025253
88.7274,0.053734
88.7374,0.029340
88.7474,0.023299
88.7574,0.038837
88.7674,0.007806
88.7774,0.025368
88.7874,0.048925
88.7974,0.025102
88.8074,0.031918
88.8174,0.037338
88.8274,0.037215
88.8374,0.028814
88.8474,0.039475
88.8574,0.048345
88.8674,0.023138
88.8774,0.028782
88.8874,0.032447
88.8974,0.040369
88.9074,0.033574
88.9174,0.031844
88.9274,0.017495
88.9374,0.021531
88.9474,0.034661
88.9574,0.027469
88.9674,0.029060
88.9774,0.031735
88.9874,0.055645
88.9974,0.027127
89.0074,0.045845
89.0174,0.044988
89.0274,0.039761
89.0374,0.023124
89.0474,0.032844
89.0574,0.027442
89.0674,0.051366
89.0774,0.035204
89.0874,0.028840
89.0974,0.048697
89.1074,0.027198
89.1174,0.036115
89.1274,0.037498
89.1374,0.033824
89.1474,0.029162
89.1574,0.038477
89.1674,0.023679
89.1774,0.040992
89.1874,0.026917
89.1974,0.042986
89.2074,0.039948
89.2174,0.034855
89.2274,0.028337
89.2374,0.040143
89.2474,0.034705
89.2574,0.000000
89.2674,0.020572
89.2774,0.030315
89.2874,0.031303
89.2974,0.035455
89.3074,0.043750
89.3174,0.034007
89.3274,0.007175
89.3374,0.029874
89.3474,0.039935
89.3574,0.028771
89.3674,0.029569
89.3774,0.022471
89.3874,0.036786
89.3974,0.023641
89.4075,0.032981
89.4175,0.031218
89.4275,0.027355
89.4375,0.031534
89.4475,0.028590
89.4575,0.039227
89.4675,0.033101
89.4775,0.036612
89.4875,0.018456
89.4975,0.017710
89.5075,0.026485
89.5175,0.033234
89.5275,0.030935
89.5375,0.017989
89.5475,0.033189
89.5575,0.018987
89.5675,0.031886
89.5775,0.027895
89.5875,0.022660
89.5975,0.019434
89.6075,0.026008
89.6175,0.025390
89.6275,0.013976
89.6375,0.030346
89.6475,0.035775
89.6575,0.032697
89.6675,0.027125
89.6775,0.019358
89.6875,0.025031
89.6975,0.022310
89.7075,0.024752
89.7175,0.032757
89.7275,0.022197
89.7375,0.004788
89.7475,0.031041
89.7575,0.026902
89.7675,0.024314
89.7775,0.010956
89.7875,0.014261
89.7975,0.015315
89.8075,0.016517
89.8175,0.017339
89.8275,0.010308
89.8375,0.043527
89.8475,0.036917
89.8575,0.024554
89.8675,0.021332
89.8775,0.039820
89.8875,0.037678
89.8975,0.013928
89.9075,0.023690
89.9175,0.019276
89.9275,0.018293
89.9375,0.019219
89.9475,0.019904
89.9575,0.022755
89.9675,0.022699
89.9775,0.034804
89.9875,0.012241
89.9975,0.029866
90.0075,0.009368
90.0175,0.022439
90.0275,0.030476
90.0375,0.025716
90.0475,0.016852
90.0575,0.022857
90.0675,0.036528
90.0775,0.014086
90.0875,0.025668
90.0975,0.029652
90.1075,0.016120
90.1175,0.037354
90.1275,0.040733
90.1375,0.030940
90.1475,0.030962
90.1575,0.002713
90.1675,0.006791
90.1775,0.019156
90.1875,0.013422
90.1975,0.026259
90.2075,0.000000
90.2175,0.026194
90.2275,0.018243
90.2375,0.014582
90.2475,0.039066
90.2575,0.016919
90.2675,0.003832
90.2775,0.024570
90.2875,0.023822
90.2975,0.018261
90.3075,0.043513
90.3175,0.022101
90.3275,0.030148
90.3375,0.023231
90.3475,0.032706
90.3575,0.016691
90.3675,0.009366
90.3775,0.027657
90.3875,0.022993
90.3975,0.027952
90.4075,0.013833
90.4175,0.024802
90.4275,0.004057
90.4375,0.015202
90.4475,0.012953
90.4575,0.024960
90.4675,0.015158
90.4775,0.006272
90.4875,0.014318
90.4975,0.025985
90.5075,0.021311
90.5175,0.012549
90.5275,0.028392
90.5375,0.035654
90.5475,0.029088
90.5575,0.000000
90.5675,0.022372
90.5775,0.018582
90.5875,0.000000
90.5975,0.007096
90.6076,0.027991
90.6176,0.021857
90.6276,0.020806
90.6376,0.013499
90.6476,0.030823
90.6576,0.007702
90.6676,0.011121
90.6776,0.016822
90.6876,0.004743
90.6976,0.011183
90.7076,0.030616
90.7176,0.011557
90.7276,0.027809
90.7376,0.026350
90.7476,0.018316
90.7576,0.005811
90.7676,0.020634
90.7776,0.000000
90.7876,0.014711
90.7976,0.022433
90.8076,0.028695
90.8176,0.018483
90.8276,0.013920
90.8376,0.013120
90.8476,0.015317
90.8576,0.026241
90.8676,0.023501
90.8776,0.019780
90.8876,0.026300
90.8976,0.020005
90.9076,0.006652
90.9176,0.008897
90.9276,0.026017
90.9376,0.006260
90.9476,0.016190
90.9576,0.018858
90.9676,0.009666
90.9776,0.003323
90.9876,0.008252
90.9976,0.001903
91.0076,0.026116
91.0176,0.023975
91.0276,0.012404
91.0376,0.006326
91.0476,0.031663
91.0576,0.024403
91.0676,0.013790
91.0776,0.031871
91.0876,0.021376
91.0976,0.023180
91.1076,0.009580
91.1176,0.004838
91.1276,0.004299
91.1376,0.040830
91.1476,0.011724
91.1576,0.020652
91.1676,0.024596
91.1776,0.019792
91.1876,0.018457
91.1976,0.018235
91.2076,0.024799
91.2176,0.009602
91.2276,0.015595
91.2376,0.000000
91.2476,0.001370
91.2576,0.007020
91.2676,0.028537
91.2776,0.017273
91.2876,0.026974
91.2976,0.023849
91.3076,0.022601
91.3176,0.010559
91.3276,0.020749
91.3376,0.022545
91.3476,0.042007
91.3576,0.016540
91.3676,0.027322
91.3776,0.018761
91.3876,0.012977
91.3976,0.028695
91.4076,0.038916
91.4176,0.022620
91.4276,0.013170
91.4376,0.024675
91.4476,0.022794
91.4576,0.042165
91.4676,0.027422
91.4776,0.010664
91.4876,0.032747
91.4976,0.027754
91.5076,0.029354
91.5176,0.024449
91.5276,0.030083
91.5376,0.024406
91.5476,0.017456
91.5576,0.021342
91.5676,0.018840
91.5776,0.023414
91.5876,0.020794
91.5976,0.016854
91.6076,0.018184
91.6176,0.019964
91.6276,0.002189
91.6376,0.030244
91.6476,0.023479
91.6576,0.013885
91.6676,0.025912
91.6776,0.014919
91.6876,0.014919
91.6976,0.023746
91.7076,0.034306
91.7176,0.022799
91.7276,0.012241
91.7376,0.016482
91.7476,0.028490
91.7576,0.024043
91.7676,0.029595
91.7776,0.023935
91.7876,0.027708
91.7976,0.040130
91.8077,0.006477
91.8177,0.044071
91.8277,0.029365
91.8377,0.046250
91.8477,0.010167
91.8577,0.023825
91.8677,0.021594
91.8777,0.028835
91.8877,0.024698
91.8977,0.023577
91.9077,0.027789
91.9177,0.018932
91.9277,0.014842
91.9377,0.024532
91.9477,0.014822
91.9577,0.018745
91.9677,0.005589
91.9777,0.020559
91.9877,0.010714
91.9977,0.019670
92.0077,0.009140
92.0177,0.019807
92.0277,0.028997
92.0377,0.014042
92.0477,0.010667
92.0577,0.027816
92.0677,0.029133
92.0777,0.024239
92.0877,0.015345
92.0977,0.013703
92.1077,0.016685
92.1177,0.019408
92.1277,0.002746
92.1377,0.010169
92.1477,0.032509
92.1577,0.022074
92.1677,0.032270
92.1777,0.030157
92.1877,0.016875
92.1977,0.017026
92.2077,0.029666
92.2177,0.027586
92.2277,0.029874
92.2377,0.019865
92.2477,0.021426
92.2577,0.017444
92.2677,0.019465
92.2777,0.013144
92.2877,0.019252
92.2977,0.018400
92.3077,0.015413
92.3177,0.027911
92.3277,0.005898
92.3377,0.023374
92.3477,0.010783
92.3577,0.011521
92.3677,0.012379
92.3777,0.024708
92.3877,0.000000
92.3977,0.021687
92.4077,0.020455
92.4177,0.010298
92.4277,0.021822
92.4377,0.007867
92.4477,0.019562
92.4577,0.007490
92.4677,0.040503
92.4777,0.028614
92.4877,0.022465
92.4977,0.010448
92.5077,0.017245
92.5177,0.017658
92.5277,0.022419
92.5377,0.023986
92.5477,0.022249
92.5577,0.023423
92.5677,0.018301
92.5777,0.023425
92.5877,0.013621
92.5977,0.009365
92.6077,0.038479
92.6177,0.024160
92.6277,0.038061
92.6377,0.017253
92.6477,0.044107
92.6577,0.020796
92.6677,0.031460
92.6777,0.020329
92.6877,0.021649
92.6977,0.018848
92.7077,0.015072
92.7177,0.029802
92.7277,0.019911
92.7377,0.028304
92.7477,0.029038
92.7577,0.034143
92.7677,0.024212
92.7777,0.004890
92.7877,0.016798
92.7977,0.019748
92.8077,0.020124
92.8177,0.033184
92.8277,0.031362
92.8377,0.018551
92.8477,0.044301
92.8577,0.016512
92.8677,0.017323
92.8777,0.009076
92.8877,0.004408
92.8977,0.008199
92.9077,0.030135
92.9177,0.027415
92.9277,0.011164
92.9377,0.020999
92.9477,0.028065
92.9577,0.000000
92.9677,0.037722
92.9777,0.030525
92.9877,0.028105
92.9977,0.032021
93.0078,0.000000
93.0178,0.017814
93.0278,0.032584
93.0378,0.019930
93.0478,0.027427
93.0578,0.034482
93.0678,0.027036
93.0778,0.017423
93.0878,0.025757
93.0978,0.003290
93.1078,0.024904
93.1178,0.027496
93.1278,0.021509
93.1378,0.031615
93.1478,0.022786
93.1578,0.021470
93.1678,0.038323
93.1778,0.010422
93.1878,0.033921
93.1978,0.033130
93.2078,0.028453
93.2178,0.015955
93.2278,0.023427
93.2378,0.011957
93.2478,0.014379
93.2578,0.021314
93.2678,0.011164
93.2778,0.017667
93.2878,0.008980
93.2978,0.026529
93.3078,0.036349
93.3178,0.041969
93.3278,0.009665
93.3378,0.011422
93.3478,0.019500
93.3578,0.028223
93.3678,0.019080
93.3778,0.030775
93.3878,0.026461
93.3978,0.003462
93.4078,0.021694
93.4178,0.008749
93.4278,0.015486
93.4378,0.017017
93.4478,0.028547
93.4578,0.020839
93.4678,0.016471
93.4778,0.042090
93.4878,0.012192
93.4978,0.024004
93.5078,0.027796
93.5178,0.022799
93.5278,0.012133
93.5378,0.011623
93.5478,0.027319
93.5578,0.031564
93.5678,0.020587
93.5778,0.007935
93.5878,0.021212
93.5978,0.036257
93.6078,0.011048
93.6178,0.017932
93.6278,0.021688
93.6378,0.031990
93.6478,0.015812
93.6578,0.025949
93.6678,0.035018
93.6778,0.006290
93.6878,0.007996
93.6978,0.020169
93.7078,0.030910
93.7178,0.024435
93.7278,0.031804
93.7378,0.004084
93.7478,0.024564
93.7578,0.000000
93.7678,0.034375
93.7778,0.032995
93.7878,0.017821
93.7978,0.000000
93.8078,0.019016
93.8178,0.032270
93.8278,0.025243
93.8378,0.039594
93.8478,0.018140
93.8578,0.041405
93.8678,0.000878
93.8778,0.013506
93.8878,0.008143
93.8978,0.028458
93.9078,0.008980
93.9178,0.031162
93.9278,0.027956
93.9378,0.022896
93.9478,0.019956
93.9578,0.010553
93.9678,0.027090
93.9778,0.015976
93.9878,0.028705
93.9978,0.036002
94.0078,0.017931
94.0178,0.034225
94.0278,0.022919
94.0378,0.026987
94.0478,0.007798
94.0578,0.014151
94.0678,0.014042
94.0778,0.034478
94.0878,0.017508
94.0978,0.027301
94.1078,0.020257
94.1178,0.017448
94.1278,0.006296
94.1378,0.001925
94.1478,0.017629
94.1578,0.018211
94.1678,0.012229
94.1778,0.022468
94.1878,0.040653
94.1978,0.035946
94.2079,0.020848
94.2179,0.021196
94.2279,0.027018
94.2379,0.023074
94.2479,0.027035
94.2579,0.023357
94.2679,0.021540
94.2779,0.014079
94.2879,0.024094
94.2979,0.000000
94.3079,0.023119
94.3179,0.000000
94.3279,0.023127
94.3379,0.010684
94.3479,0.033250
94.3579,0.021364
94.3679,0.020489
94.3779,0.024530
94.3879,0.011832
94.3979,0.031692
94.4079,0.027408
94.4179,0.014966
94.4279,0.009888
94.4379,0.016265
94.4479,0.018923
94.4579,0.009153
94.4679,0.015431
94.4779,0.014084
94.4879,0.017978
94.4979,0.018057
94.5079,0.024881
94.5179,0.020312
94.5279,0.024021
94.5379,0.022488
94.5479,0.018051
94.5579,0.026837
94.5679,0.000000
94.5779,0.016412
94.5879,0.014293
94.5979,0.021194
94.6079,0.013657
94.6179,0.025489
94.6279,0.027253
94.6379,0.006160
94.6479,0.022235
94.6579,0.007191
94.6679,0.024797
94.6779,0.015335
94.6879,0.011958
94.6979,0.002896
94.7079,0.019078
94.7179,0.008420
94.7279,0.005165
94.7379,0.021860
94.7479,0.029692
94.7579,0.023945
94.7679,0.005690
94.7779,0.018632
94.7879,0.026806
94.7979,0.018636
94.8079,0.023255
94.8179,0.015627
94.8279,0.016153
94.8379,0.013404
94.8479,0.026120
94.8579,0.026751
94.8679,0.014448
94.8779,0.027549
94.8879,0.005730
94.8979,0.018289
94.9079,0.006463
94.9179,0.008681
94.9279,0.006343
94.9379,0.013443
94.9479,0.026198
94.9579,0.019216
94.9679,0.014161
94.9779,0.018265
94.9879,0.000000
94.9979,0.025718
95.0079,0.000000
95.0179,0.012928
95.0279,0.019211
95.0379,0.024455
95.0479,0.022390
95.0579,0.019505
95.0679,0.034575
95.0779,0.040149
95.0879,0.020071
95.0979,0.018999
95.1079,0.018403
95.1179,0.013891
95.1279,0.023759
95.1379,0.032715
95.1479,0.000000
95.1579,0.018303
95.1679,0.034886
95.1779,0.023932
95.1879,0.024138
95.1979,0.003991
95.2079,0.027021
95.2179,0.030091
95.2279,0.021999
95.2379,0.013444
95.2479,0.024428
95.2579,0.009621
95.2679,0.008298
95.2779,0.028021
95.2879,0.030958
95.2979,0.012574
95.3079,0.008347
95.3179,0.011222
95.3279,0.021976
95.3379,0.008358
95.3479,0.032838
95.3579,0.015351
95.3679,0.023663
95.3779,0.012568
95.3879,0.025840
95.3979,0.026659
95.4080,0.003222
95.4180,0.013203
95.4280,0.018434
95.4380,0.014748
95.4480,0.028716
95.4580,0.014028
95.4680,0.027149
95.4780,0.024847
95.4880,0.018921
95.4980,0.027563
95.5080,0.004621
95.5180,0.019383
95.5280,0.012258
95.5380,0.018931
95.5480,0.015306
95.5580,0.020600
95.5680,0.020095
95.5780,0.021388
95.5880,0.021784
95.5980,0.025734
95.6080,0.007413
95.6180,0.025094
95.6280,0.004874
95.6380,0.000000
95.6480,0.039725
95.6580,0.010612
95.6680,0.015520
95.6780,0.001363
95.6880,0.015455
95.6980,0.022068
95.7080,0.022428
95.7180,0.007932
95.7280,0.015563
95.7380,0.023688
95.7480,0.022385
95.7580,0.021283
95.7680,0.027604
95.7780,0.018910
95.7880,0.033922
95.7980,0.017069
95.8080,0.026945
95.8180,0.027301
95.8280,0.003608
95.8380,0.024409
95.8480,0.013599
95.8580,0.009911
95.8680,0.015756
95.8780,0.021617
95.8880,0.004351
95.8980,0.020269
95.9080,0.017824
95.9180,0.030382
95.9280,0.013665
95.9380,0.031898
95.9480,0.023868
95.9580,0.019665
95.9680,0.032737
95.9780,0.039225
95.9880,0.017895
95.9980,0.012599
96.0080,0.024290
96.0180,0.005770
96.0280,0.006990
96.0380,0.033069
96.0480,0.025719
96.0580,0.011418
96.0680,0.051350
96.0780,0.006179
96.0880,0.026197
96.0980,0.012035
96.1080,0.037811
96.1180,0.014691
96.1280,0.017154
96.1380,0.001912
96.1480,0.040826
96.1580,0.013820
96.1680,0.024802
96.1780,0.020047
96.1880,0.014485
96.1980,0.000000
96.2080,0.017717
96.2180,0.017283
96.2280,0.023188
96.2380,0.041455
96.2480,0.026445
96.2580,0.028599
96.2680,0.016948
96.2780,0.006867
96.2880,0.017207
96.2980,0.012655
96.3080,0.019499
96.3180,0.015058
96.3280,0.003223
96.3380,0.032670
96.3480,0.018592
96.3580,0.016700
96.3680,0.008952
96.3780,0.015246
96.3880,0.011367
96.3980,0.008060
96.4080,0.021627
96.4180,0.015312
96.4280,0.027486
96.4380,0.016396
96.4480,0.021148
96.4580,0.020863
96.4680,0.023848
96.4780,0.011588
96.4880,0.028991
96.4980,0.008200
96.5080,0.020424
96.5180,0.007951
96.5280,0.018793
96.5380,0.028908
96.5480,0.025555
96.5580,0.030586
96.5680,0.016968
96.5780,0.029089
96.5880,0.013078
96.5980,0.015416
96.6081,0.021300
96.6181,0.028500
96.6281,0.014527
96.6381,0.026951
96.6481,0.022312
96.6581,0.023369
96.6681,0.011454
96.6781,0.016153
96.6881,0.019064
96.6981,0.023375
96.7081,0.011926
96.7181,0.007080
96.7281,0.000000
96.7381,0.027458
96.7481,0.029441
96.7581,0.000000
96.7681,0.020757
96.7781,0.016229
96.7881,0.032170
96.7981,0.017897
96.8081,0.025455
96.8181,0.015748
96.8281,0.013129
96.8381,0.027672
96.8481,0.030784
96.8581,0.007311
96.8681,0.031424
96.8781,0.010252
96.8881,0.000000
96.8981,0.020108
96.9081,0.025072
96.9181,0.004843
96.9281,0.000172
96.9381,0.015052
96.9481,0.013714
96.9581,0.033696
96.9681,0.020121
96.9781,0.027345
96.9881,0.022097
96.9981,0.035687
97.0081,0.011083
97.0181,0.019120
97.0281,0.004309
97.0381,0.028114
97.0481,0.031140
97.0581,0.028728
97.0681,0.018753
97.0781,0.005106
97.0881,0.019136
97.0981,0.013223
97.1081,0.029227
97.1181,0.015733
97.1281,0.015519
97.1381,0.041740
97.1481,0.027993
97.1581,0.030759
97.1681,0.014879
97.1781,0.008996
97.1881,0.030668
97.1981,0.034921
97.2081,0.007135
97.2181,0.014825
97.2281,0.010857
97.2381,0.024814
97.2481,0.030863
97.2581,0.016317
97.2681,0.016288
97.2781,0.000433
97.2881,0.010458
97.2981,0.035073
97.3081,0.024927
97.3181,0.029263
97.3281,0.016348
97.3381,0.017269
97.3481,0.020186
97.3581,0.023242
97.3681,0.033760
97.3781,0.013272
97.3881,0.018619
97.3981,0.012067
97.4081,0.000318
97.4181,0.029201
97.4281,0.037475
97.4381,0.027655
97.4481,0.022303
97.4581,0.038534
97.4681,0.024589
97.4781,0.028027
97.4881,0.021410
97.4981,0.022937
97.5081,0.018670
97.5181,0.028326
97.5281,0.009087
97.5381,0.024193
97.5481,0.011470
97.5581,0.025099
97.5681,0.043941
97.5781,0.026999
97.5881,0.031739
97.5981,0.029025
97.6081,0.000000
97.6181,0.018683
97.6281,0.024479
97.6381,0.000000
97.6481,0.017161
97.6581,0.019208
97.6681,0.007684
97.6781,0.010303
97.6881,0.033374
97.6981,0.000000
97.7081,0.022715
97.7181,0.031636
97.7281,0.019729
97.7381,0.034086
97.7481,0.015726
97.7581,0.010949
97.7681,0.019906
97.7781,0.016184
97.7881,0.014282
97.7981,0.018195
97.8082,0.012080
97.8182,0.011621
97.8282,0.008780
97.8382,0.024165
97.8482,0.010010
97.8582,0.007580
97.8682,0.009263
97.8782,0.022056
97.8882,0.026694
97.8982,0.027510
97.9082,0.022143
97.9182,0.025355
97.9282,0.019452
97.9382,0.024556
97.9482,0.024402
97.9582,0.012704
97.9682,0.009244
97.9782,0.033522
97.9882,0.021254
97.9982,0.030518
98.0082,0.009000
98.0182,0.015944
98.0282,0.006234
98.0382,0.026463
98.0482,0.013855
98.0582,0.014457
98.0682,0.039558
98.0782,0.026663
98.0882,0.026541
98.0982,0.007979
98.1082,0.001425
98.1182,0.029706
98.1282,0.000000
98.1382,0.014984
98.1482,0.011884
98.1582,0.010749
98.1682,0.015591
98.1782,0.009443
98.1882,0.007840
98.1982,0.022551
98.2082,0.030663
98.2182,0.002637
98.2282,0.021956
98.2382,0.025414
98.2482,0.024465
98.2582,0.017788
98.2682,0.014029
98.2782,0.027586
98.2882,0.023353
98.2982,0.001057
98.3082,0.017789
98.3182,0.020555
98.3282,0.009063
98.3382,0.017566
98.3482,0.024915
98.3582,0.011727
98.3682,0.022330
98.3782,0.010105
98.3882,0.007633
98.3982,0.026156
98.4082,0.031740
98.4182,0.008163
98.4282,0.029530
98.4382,0.019870
98.4482,0.000000
98.4582,0.005651
98.4682,0.026083
98.4782,0.003761
98.4882,0.013814
98.4982,0.019186
98.5082,0.024480
98.5182,0.021847
98.5282,0.035686
98.5382,0.011842
98.5482,0.020986
98.5582,0.024526
98.5682,0.027124
98.5782,0.030513
98.5882,0.015659
98.5982,0.026515
98.6082,0.010741
98.6182,0.019223
98.6282,0.025012
98.6382,0.029754
98.6482,0.025702
98.6582,0.020905
98.6682,0.019205
98.6782,0.025488
98.6882,0.041892
98.6982,0.028546
98.7082,0.023815
98.7182,0.006310
98.7282,0.011555
98.7382,0.016759
98.7482,0.029100
98.7582,0.010632
98.7682,0.026425
98.7782,0.021197
98.7882,0.023549
98.7982,0.017840
98.8082,0.014034
98.8182,0.010262
98.8282,0.026116
98.8382,0.019233
98.8482,0.009228
98.8582,0.022233
98.8682,0.054233
98.8782,0.017985
98.8882,0.036541
98.8982,0.000000
98.9082,0.017295
98.9182,0.029548
98.9282,0.020156
98.9382,0.013574
98.9482,0.019736
98.9582,0.029851
98.9682,0.041434
98.9782,0.030655
98.9882,0.014953
98.9982,0.017671
99.0083,0.017746
99.0183,0.011328
99.0283,0.018449
99.0383,0.017262
99.0483,0.007994
99.0583,0.028381
99.0683,0.024209
99.0783,0.013591
99.0883,0.021478
99.0983,0.010354
99.1083,0.014477
99.1183,0.026877
99.1283,0.024710
99.1383,0.014868
99.1483,0.023115
99.1583,0.019256
99.1683,0.010027
99.1783,0.018328
99.1883,0.024320
99.1983,0.023062
99.2083,0.003074
99.2183,0.021661
99.2283,0.020254
99.2383,0.001017
99.2483,0.011920
99.2583,0.024916
99.2683,0.033848
99.2783,0.003595
99.2883,0.029793
99.2983,0.001196
99.3083,0.033975
99.3183,0.017613
99.3283,0.012853
99.3383,0.023545
99.3483,0.010375
99.3583,0.025159
99.3683,0.018760
99.3783,0.000000
99.3883,0.011893
99.3983,0.021911
99.4083,0.030665
99.4183,0.023315
99.4283,0.030505
99.4383,0.011060
99.4483,0.027276
99.4583,0.027444
99.4683,0.003690
99.4783,0.030995
99.4883,0.023274
99.4983,0.017185
99.5083,0.017013
99.5183,0.009620
99.5283,0.026308
99.5383,0.023020
99.5483,0.025829
99.5583,0.020790
99.5683,0.022058
99.5783,0.017041
99.5883,0.030768
99.5983,0.026064
99.6083,0.021728
99.6183,0.018654
99.6283,0.002320
99.6383,0.000154
99.6483,0.016317
99.6583,0.032687
99.6683,0.012951
99.6783,0.013345
99.6883,0.010277
99.6983,0.007096
99.7083,0.010860
99.7183,0.022786
99.7283,0.015082
99.7383,0.014628
99.7483,0.013737
99.7583,0.022370
99.7683,0.023903
99.7783,0.001310
99.7883,0.012397
99.7983,0.019106
99.8083,0.024389
99.8183,0.021277
99.8283,0.028229
99.8383,0.005882
99.8483,0.024152
99.8583,0.040513
99.8683,0.020477
99.8783,0.020885
99.8883,0.025193
99.8983,0.014547
99.9083,0.010531
99.9183,0.020580
99.9283,0.003460
99.9383,0.023960
99.9483,0.025645
99.9583,0.003962
99.9683,0.021630
99.9783,0.017835
99.9883,0.034779
99.9983,0.033098
100.0083,0.028416
100.0183,0.032107
100.0283,0.016348
100.0383,0.022599
100.0483,0.017475
100.0583,0.010028
100.0683,0.020827
100.0783,0.019168
100.0883,0.017977
100.0983,0.019408
100.1083,0.020608
100.1183,0.028879
100.1283,0.014155
100.1383,0.007204
100.1483,0.026780
100.1583,0.028566
100.1683,0.023580
100.1783,0.008612
100.1883,0.018685
100.1983,0.022850
100.2084,0.009317
100.2184,0.012355
100.2284,0.018534
100.2384,0.031829
100.2484,0.022252
100.2584,0.014275
100.2684,0.017983
100.2784,0.013337
100.2884,0.015880
100.2984,0.027223
100.3084,0.000800
100.3184,0.033149
100.3284,0.041892
100.3384,0.021626
100.3484,0.011689
100.3584,0.031632
100.3684,0.022779
100.3784,0.014740
100.3884,0.010281
100.3984,0.015942
100.4084,0.021926
100.4184,0.028955
100.4284,0.022842
100.4384,0.024541
100.4484,0.016663
100.4584,0.028549
100.4684,0.017933
100.4784,0.038380
100.4884,0.013472
100.4984,0.023950
100.5084,0.041894
100.5184,0.030420
100.5284,0.027454
100.5384,0.022968
100.5484,0.020528
100.5584,0.018261
100.5684,0.014382
100.5784,0.004643
100.5884,0.026406
100.5984,0.004620
100.6084,0.026514
100.6184,0.016908
100.6284,0.010445
100.6384,0.034057
100.6484,0.005509
100.6584,0.013339
100.6684,0.014273
100.6784,0.021496
100.6884,0.013873
100.6984,0.034617
100.7084,0.006287
100.7184,0.060854
100.7284,0.009412
100.7384,0.049559
100.7484,0.030930
100.7584,0.018897
100.7684,0.022266
100.7784,0.016212
100.7884,0.023471
100.7984,0.012630
100.8084,0.027090
100.8184,0.021820
100.8284,0.010105
100.8384,0.024271
100.8484,0.023654
100.8584,0.012829
100.8684,0.015723
100.8784,0.025125
100.8884,0.030907
100.8984,0.018577
100.9084,0.029307
100.9184,0.031671
100.9284,0.033033
100.9384,0.024170
100.9484,0.010983
100.9584,0.028913
100.9684,0.018086
100.9784,0.025065
100.9884,0.013710
100.9984,0.013998
101.0084,0.012986
101.0184,0.006750
101.0284,0.014133
101.0384,0.009670
101.0484,0.025663
101.0584,0.009351
101.0684,0.013306
101.0784,0.020032
101.0884,0.038124
101.0984,0.013079
101.1084,0.006178
101.1184,0.006881
101.1284,0.011394
101.1384,0.013432
101.1484,0.043046
101.1584,0.029667
101.1684,0.016850
101.1784,0.038529
101.1884,0.013874
101.1984,0.015887
101.2084,0.015288
101.2184,0.030268
101.2284,0.019300
101.2384,0.035073
101.2484,0.024340
101.2584,0.029090
101.2684,0.001839
101.2784,0.003009
101.2884,0.003338
101.2984,0.015719
101.3084,0.004612
101.3184,0.032403
101.3284,0.018008
101.3384,0.026153
101.3484,0.015077
101.3584,0.028248
101.3684,0.000349
101.3784,0.019511
101.3884,0.025007
101.3984,0.025850
101.4085,0.016823
101.4185,0.002890
101.4285,0.030113
101.4385,0.016077
101.4485,0.016946
101.4585,0.042192
101.4685,0.020966
101.4785,0.014811
101.4885,0.014212
101.4985,0.026452
101.5085,0.011791
101.5185,0.025117
101.5285,0.031013
101.5385,0.019117
101.5485,0.029878
101.5585,0.019312
101.5685,0.013125
101.5785,0.003354
101.5885,0.022751
101.5985,0.022961
101.6085,0.029813
101.6185,0.028850
101.6285,0.040674
101.6385,0.014190
101.6485,0.023559
101.6585,0.013124
101.6685,0.029301
101.6785,0.010731
101.6885,0.029137
101.6985,0.012635
101.7085,0.027665
101.7185,0.032065
101.7285,0.004459
101.7385,0.006528
101.7485,0.022349
101.7585,0.021285
101.7685,0.017078
101.7785,0.015237
101.7885,0.011448
101.7985,0.023311
101.8085,0.010356
101.8185,0.023661
101.8285,0.014256
101.8385,0.015773
101.8485,0.032158
101.8585,0.029545
101.8685,0.010031
101.8785,0.011271
101.8885,0.027778
101.8985,0.005661
101.9085,0.034540
101.9185,0.021352
101.9285,0.014218
101.9385,0.020105
101.9485,0.033611
101.9585,0.000000
101.9685,0.030263
101.9785,0.031945
101.9885,0.016791
101.9985,0.019284
102.0085,0.021364
102.0185,0.027335
102.0285,0.012703
102.0385,0.019855
102.0485,0.019001
102.0585,0.026788
102.0685,0.046754
102.0785,0.012661
102.0885,0.020788
102.0985,0.012392
102.1085,0.015112
102.1185,0.009240
102.1285,0.004695
102.1385,0.031829
102.1485,0.023561
102.1585,0.020929
102.1685,0.011260
102.1785,0.019250
102.1885,0.008436
102.1985,0.019727
102.2085,0.023337
102.2185,0.014575
102.2285,0.012432
102.2385,0.015077
102.2485,0.028148
102.2585,0.022016
102.2685,0.003931
102.2785,0.027235
102.2885,0.025433
102.2985,0.021871
102.3085,0.036456
102.3185,0.020238
102.3285,0.024307
102.3385,0.024694
102.3485,0.028774
102.3585,0.017771
102.3685,0.013552
102.3785,0.029731
102.3885,0.029213
102.3985,0.032748
102.4085,0.024156
102.4185,0.003512
102.4285,0.021641
102.4385,0.020337
102.4485,0.032295
102.4585,0.030584
102.4685,0.026128
102.4785,0.000000
102.4885,0.011752
102.4985,0.016357
102.5085,0.016586
102.5185,0.021669
102.5285,0.034802
102.5385,0.027793
102.5485,0.010810
102.5585,0.011713
102.5685,0.010810
102.5785,0.018832
102.5885,0.028055
102.5985,0.029640
102.6086,0.016238
102.6186,0.019699
102.6286,0.036742
102.6386,0.005151
102.6486,0.026380
102.6586,0.025300
102.6686,0.017034
102.6786,0.019816
102.6886,0.024202
102.6986,0.017054
102.7086,0.013624
102.7186,0.012871
102.7286,0.038622
102.7386,0.015597
102.7486,0.022014
102.7586,0.027853
102.7686,0.017885
102.7786,0.020358
102.7886,0.025027
102.7986,0.011521
102.8086,0.004635
102.8186,0.012694
102.8286,0.037285
102.8386,0.014248
102.8486,0.021306
102.8586,0.006742
102.8686,0.033421
102.8786,0.016989
102.8886,0.015451
102.8986,0.018666
102.9086,0.045130
102.9186,0.024415
102.9286,0.018432
102.9386,0.000000
102.9486,0.033530
102.9586,0.013051
102.9686,0.011473
102.9786,0.012368
102.9886,0.034650
102.9986,0.019578
103.0086,0.004779
103.0186,0.017959
103.0286,0.011685
103.0386,0.023595
103.0486,0.016136
103.0586,0.004307
103.0686,0.019175
103.0786,0.019432
103.0886,0.007465
103.0986,0.000399
103.1086,0.022826
103.1186,0.017194
103.1286,0.017848
103.1386,0.027458
103.1486,0.000613
103.1586,0.020603
103.1686,0.026626
103.1786,0.018174
103.1886,0.005838
103.1986,0.013392
103.2086,0.015485
103.2186,0.004210
103.2286,0.023714
103.2386,0.020032
103.2486,0.013571
103.2586,0.029855
103.2686,0.014780
103.2786,0.034799
103.2886,0.017311
103.2986,0.010455
103.3086,0.010756
103.3186,0.020911
103.3286,0.009295
103.3386,0.021444
103.3486,0.015995
103.3586,0.015765
103.3686,0.019584
103.3786,0.030047
103.3886,0.014570
103.3986,0.021841
103.4086,0.024443
103.4186,0.007902
103.4286,0.025228
103.4386,0.028154
103.4486,0.029661
103.4586,0.008912
103.4686,0.009611
103.4786,0.019457
103.4886,0.018888
103.4986,0.020193
103.5086,0.016434
103.5186,0.021858
103.5286,0.000000
103.5386,0.026581
103.5486,0.034719
103.5586,0.014469
103.5686,0.022024
103.5786,0.036807
103.5886,0.020335
103.5986,0.023054
103.6086,0.038417
103.6186,0.040364
103.6286,0.009392
103.6386,0.015885
103.6486,0.028936
103.6586,0.024971
103.6686,0.027060
103.6786,0.000000
103.6886,0.000461
103.6986,0.037842
103.7086,0.027739
103.7186,0.023536
103.7286,0.007577
103.7386,0.015850
103.7486,0.025697
103.7586,0.006169
103.7686,0.012947
103.7786,0.023754
103.7886,0.025897
103.7986,0.014770
103.8087,0.029823
103.8187,0.029498
103.8287,0.002072
103.8387,0.036380
103.8487,0.031664
103.8587,0.022066
103.8687,0.018627
103.8787,0.027893
103.8887,0.025337
103.8987,0.017284
103.9087,0.036063
103.9187,0.000000
103.9287,0.013351
103.9387,0.024478
103.9487,0.019479
103.9587,0.026996
103.9687,0.006054
103.9787,0.017456
103.9887,0.031504
103.9987,0.005063
104.0087,0.017595
104.0187,0.014692
104.0287,0.023634
104.0387,0.023931
104.0487,0.020971
104.0587,0.017101
104.0687,0.020633
104.0787,0.018353
104.0887,0.019675
104.0987,0.034570
104.1087,0.007977
104.1187,0.023417
104.1287,0.010579
104.1387,0.039550
104.1487,0.020891
104.1587,0.007321
104.1687,0.017681
104.1787,0.005411
104.1887,0.013668
104.1987,0.026158
104.2087,0.033612
104.2187,0.030807
104.2287,0.018951
104.2387,0.025701
104.2487,0.028085
104.2587,0.042497
104.2687,0.013960
104.2787,0.035094
104.2887,0.009080
104.2987,0.031799
104.3087,0.013793
104.3187,0.013163
104.3287,0.017154
104.3387,0.012240
104.3487,0.024261
104.3587,0.032265
104.3687,0.000000
104.3787,0.018254
104.3887,0.009134
104.3987,0.029051
104.4087,0.034204
104.4187,0.018254
104.4287,0.012967
104.4387,0.003848
104.4487,0.039488
104.4587,0.033189
104.4687,0.000215
104.4787,0.026555
104.4887,0.008879
104.4987,0.014915
104.5087,0.007515
104.5187,0.000000
104.5287,0.019544
104.5387,0.038954
104.5487,0.010740
104.5587,0.028913
104.5687,0.030483
104.5787,0.027217
104.5887,0.039965
104.5987,0.029552
104.6087,0.038047
104.6187,0.008529
104.6287,0.027454
104.6387,0.035109
104.6487,0.012280
104.6587,0.000000
104.6687,0.007327
104.6787,0.012752
104.6887,0.025612
104.6987,0.014336
104.7087,0.020031
104.7187,0.013957
104.7287,0.018715
104.7387,0.019338
104.7487,0.013676
104.7587,0.028213
104.7687,0.033803
104.7787,0.008511
104.7887,0.022173
104.7987,0.005705
104.8087,0.002473
104.8187,0.030365
104.8287,0.040074
104.8387,0.016716
104.8487,0.038333
104.8587,0.013518
104.8687,0.017655
104.8787,0.036677
104.8887,0.010873
104.8987,0.029167
104.9087,0.016517
104.9187,0.012793
104.9287,0.014912
104.9387,0.000000
104.9487,0.032611
104.9587,0.022263
104.9687,0.018520
104.9787,0.013071
104.9887,0.023118
104.9987,0.028835
105.0088,0.017255
105.0188,0.029636
105.0288,0.022751
105.0388,0.019066
105.0488,0.029124
105.0588,0.014921
105.0688,0.007485
105.0788,0.019469
105.0888,0.020353
105.0988,0.017777
105.1088,0.031899
105.1188,0.025005
105.1288,0.018849
105.1388,0.019945
105.1488,0.020806
105.1588,0.025261
105.1688,0.020525
105.1788,0.018455
105.1888,0.006658
105.1988,0.012902
105.2088,0.022770
105.2188,0.021880
105.2288,0.005147
105.2388,0.014381
105.2488,0.010702
105.2588,0.033646
105.2688,0.022511
105.2788,0.024303
105.2888,0.019333
105.2988,0.013737
105.3088,0.015546
105.3188,0.024927
105.3288,0.017399
105.3388,0.025031
105.3488,0.021430
105.3588,0.022955
105.3688,0.023466
105.3788,0.014738
105.3888,0.016891
105.3988,0.029088
105.4088,0.038264
105.4188,0.029180
105.4288,0.000000
105.4388,0.012420
105.4488,0.021147
105.4588,0.009018
105.4688,0.008549
105.4788,0.015813
105.4888,0.023453
105.4988,0.026175
105.5088,0.016327
105.5188,0.015559
105.5288,0.011563
105.5388,0.025071
105.5488,0.024399
105.5588,0.029070
105.5688,0.021298
105.5788,0.006888
105.5888,0.016511
105.5988,0.028569
105.6088,0.002645
105.6188,0.019152
105.6288,0.022852
105.6388,0.040037
105.6488,0.013989
105.6588,0.018783
105.6688,0.036876
105.6788,0.014117
105.6888,0.030747
105.6988,0.023927
105.7088,0.017790
105.7188,0.024516
105.7288,0.018525
105.7388,0.042578
105.7488,0.000000
105.7588,0.017175
105.7688,0.017468
105.7788,0.018660
105.7888,0.030804
105.7988,0.015530
105.8088,0.024920
105.8188,0.022315
105.8288,0.028385
105.8388,0.018628
105.8488,0.023222
105.8588,0.018766
105.8688,0.010139
105.8788,0.035990
105.8888,0.012378
105.8988,0.015215
105.9088,0.011432
105.9188,0.024020
105.9288,0.015218
105.9388,0.035152
105.9488,0.025340
105.9588,0.017232
105.9688,0.010902
105.9788,0.018893
105.9888,0.025200
105.9988,0.019541
106.0088,0.018596
106.0188,0.009795
106.0288,0.042431
106.0388,0.017989
106.0488,0.006255
106.0588,0.009250
106.0688,0.016559
106.0788,0.039448
106.0888,0.018296
106.0988,0.016252
106.1088,0.028447
106.1188,0.029177
106.1288,0.026591
106.1388,0.021999
106.1488,0.008957
106.1588,0.012490
106.1688,0.004091
106.1788,0.017760
106.1888,0.015753
106.1988,0.014716
106.2089,0.022793
106.2189,0.013428
106.2289,0.016595
106.2389,0.015137
106.2489,0.019682
106.2589,0.023646
106.2689,0.006555
106.2789,0.024532
106.2889,0.022643
106.2989,0.024186
106.3089,0.021332
106.3189,0.023616
106.3289,0.015843
106.3389,0.024434
106.3489,0.031446
106.3589,0.015046
106.3689,0.015409
106.3789,0.026305
106.3889,0.014460
106.3989,0.012808
106.4089,0.024222
106.4189,0.015695
106.4289,0.032217
106.4389,0.015338
106.4489,0.011809
106.4589,0.019952
106.4689,0.024354
106.4789,0.023203
106.4889,0.025389
106.4989,0.014468
106.5089,0.031355
106.5189,0.003447
106.5289,0.012191
106.5389,0.020384
106.5489,0.013029
106.5589,0.016903
106.5689,0.010183
106.5789,0.017918
106.5889,0.024631
106.5989,0.014644
106.6089,0.011210
106.6189,0.015391
106.6289,0.031039
106.6389,0.030956
106.6489,0.015219
106.6589,0.025083
106.6689,0.019817
106.6789,0.032840
106.6889,0.021916
106.6989,0.017984
106.7089,0.035999
106.7189,0.010762
106.7289,0.023192
106.7389,0.033661
106.7489,0.026662
106.7589,0.012372
106.7689,0.011833
106.7789,0.005915
106.7889,0.034829
106.7989,0.008671
106.8089,0.027134
106.8189,0.005735
106.8289,0.045571
106.8389,0.006471
106.8489,0.020425
106.8589,0.032121
106.8689,0.012969
106.8789,0.025638
106.8889,0.017182
106.8989,0.023882
106.9089,0.030808
106.9189,0.015716
106.9289,0.034969
106.9389,0.023524
106.9489,0.039485
106.9589,0.011681
106.9689,0.013579
106.9789,0.017677
106.9889,0.007873
106.9989,0.029259
107.0089,0.019242
107.0189,0.008539
107.0289,0.011772
107.0389,0.011300
107.0489,0.029237
107.0589,0.024572
107.0689,0.018674
107.0789,0.016347
107.0889,0.017613
107.0989,0.037811
107.1089,0.017661
107.1189,0.028575
107.1289,0.016707
107.1389,0.036825
107.1489,0.007808
107.1589,0.028070
107.1689,0.012406
107.1789,0.042133
107.1889,0.026973
107.1989,0.002962
107.2089,0.010685
107.2189,0.026852
107.2289,0.026578
107.2389,0.025831
107.2489,0.021566
107.2589,0.016811
107.2689,0.030867
107.2789,0.011358
107.2889,0.020534
107.2989,0.013799
107.3089,0.013001
107.3189,0.015410
107.3289,0.012647
107.3389,0.025497
107.3489,0.005239
107.3589,0.024310
107.3689,0.013657
107.3789,0.020304
107.3889,0.018332
107.3989,0.015008
107.4090,0.032131
107.4190,0.016291
107.4290,0.027035
107.4390,0.027164
107.4490,0.017274
107.4590,0.007421
107.4690,0.011179
107.4790,0.032788
107.4890,0.024926
107.4990,0.021389
107.5090,0.014330
107.5190,0.037318
107.5290,0.011319
107.5390,0.021397
107.5490,0.025018
107.5590,0.006943
107.5690,0.012415
107.5790,0.015425
107.5890,0.028619
107.5990,0.015622
107.6090,0.005638
107.6190,0.004677
107.6290,0.012330
107.6390,0.005099
107.6490,0.027686
107.6590,0.028078
107.6690,0.020071
107.6790,0.017369
107.6890,0.027416
107.6990,0.027002
107.7090,0.010133
107.7190,0.011515
107.7290,0.027065
107.7390,0.022706
107.7490,0.026082
107.7590,0.011061
107.7690,0.012483
107.7790,0.024639
107.7890,0.013180
107.7990,0.004801
107.8090,0.013332
107.8190,0.017949
107.8290,0.037013
107.8390,0.011616
107.8490,0.019383
107.8590,0.040429
107.8690,0.009066
107.8790,0.026605
107.8890,0.012890
107.8990,0.024017
107.9090,0.043346
107.9190,0.027916
107.9290,0.021519
107.9390,0.010489
107.9490,0.018246
107.9590,0.014346
107.9690,0.005494
107.9790,0.000000
107.9890,0.011695
107.9990,0.019685
108.0090,0.031233
108.0190,0.012727
108.0290,0.022111
108.0390,0.003278
108.0490,0.012389
108.0590,0.000000
108.0690,0.042948
108.0790,0.022697
108.0890,0.022492
108.0990,0.026291
108.1090,0.046374
108.1190,0.016810
108.1290,0.011467
108.1390,0.041389
108.1490,0.009191
108.1590,0.034594
108.1690,0.020987
108.1790,0.026172
108.1890,0.007584
108.1990,0.048000
108.2090,0.018356
108.2190,0.015278
108.2290,0.027889
108.2390,0.016069
108.2490,0.026877
108.2590,0.010137
108.2690,0.024317
108.2790,0.016943
108.2890,0.015256
108.2990,0.013791
108.3090,0.032177
108.3190,0.019929
108.3290,0.021710
108.3390,0.027934
108.3490,0.035180
108.3590,0.014661
108.3690,0.026216
108.3790,0.015028
108.3890,0.022155
108.3990,0.035007
108.4090,0.001012
108.4190,0.015360
108.4290,0.022391
108.4390,0.028627
108.4490,0.037135
108.4590,0.008081
108.4690,0.039326
108.4790,0.030496
108.4890,0.022998
108.4990,0.010832
108.5090,0.019915
108.5190,0.036009
108.5290,0.026138
108.5390,0.024184
108.5490,0.016395
108.5590,0.033574
108.5690,0.024849
108.5790,0.024098
108.5890,0.025630
108.5990,0.020248
108.6091,0.018666
108.6191,0.011743
108.6291,0.020862
108.6391,0.009174
108.6491,0.032152
108.6591,0.020738
108.6691,0.023611
108.6791,0.027282
108.6891,0.019751
108.6991,0.016143
108.7091,0.030231
108.7191,0.047023
108.7291,0.037355
108.7391,0.041173
108.7491,0.015510
108.7591,0.026700
108.7691,0.026756
108.7791,0.043141
108.7891,0.038146
108.7991,0.027458
108.8091,0.006337
108.8191,0.017754
108.8291,0.035793
108.8391,0.026378
108.8491,0.028605
108.8591,0.035966
108.8691,0.041270
108.8791,0.022286
108.8891,0.036113
108.8991,0.046434
108.9091,0.044722
108.9191,0.025257
108.9291,0.033637
108.9391,0.038319
108.9491,0.031136
108.9591,0.028566
108.9691,0.013877
108.9791,0.022655
108.9891,0.024476
108.9991,0.018940
109.0091,0.032773
109.0191,0.040468
109.0291,0.027735
109.0391,0.010014
109.0491,0.030993
109.0591,0.035041
109.0691,0.034490
109.0791,0.025340
109.0891,0.020627
109.0991,0.041667
109.1091,0.036446
109.1191,0.026242
109.1291,0.018168
109.1391,0.035532
109.1491,0.024457
109.1591,0.037386
109.1691,0.035264
109.1791,0.054581
109.1891,0.033160
109.1991,0.054074
109.2091,0.035012
109.2191,0.027651
109.2291,0.023893
109.2391,0.025806
109.2491,0.038994
109.2591,0.036123
109.2691,0.016573
109.2791,0.045290
109.2891,0.049985
109.2991,0.016857
109.3091,0.045594
109.3191,0.052433
109.3291,0.017771
109.3391,0.031188
109.3491,0.027494
109.3591,0.045858
109.3691,0.032102
109.3791,0.031833
109.3891,0.040721
109.3991,0.052235
109.4091,0.036153
109.4191,0.032192
109.4291,0.034186
109.4391,0.043742
109.4491,0.023978
109.4591,0.037258
109.4691,0.028176
109.4791,0.025655
109.4891,0.018370
109.4991,0.032798
109.5091,0.048867
109.5191,0.018378
109.5291,0.043771
109.5391,0.031988
109.5491,0.027975
109.5591,0.042180
109.5691,0.051980
109.5791,0.053987
109.5891,0.041977
109.5991,0.038571
109.6091,0.043323
109.6191,0.064310
109.6291,0.036748
109.6391,0.051158
109.6491,0.034019
109.6591,0.031770
109.6691,0.057900
109.6791,0.040372
109.6891,0.042726
109.6991,0.046085
109.7091,0.031824
109.7191,0.036503
109.7291,0.034600
109.7391,0.044478
109.7491,0.044958
109.7591,0.035423
109.7691,0.061842
109.7791,0.041426
109.7891,0.042864
109.7991,0.055408
109.8092,0.033360
109.8192,0.037038
109.8292,0.045239
109.8392,0.027764
109.8492,0.040284
109.8592,0.063305
109.8692,0.061223
109.8792,0.052044
109.8892,0.055037
109.8992,0.048281
109.9092,0.039171
109.9192,0.060060
109.9292,0.034275
109.9392,0.053587
109.9492,0.038949
109.9592,0.039691
109.9692,0.049707
109.9792,0.064799
109.9892,0.058886
109.9992,0.048127
110.0092,0.045508
110.0192,0.052834
110.0292,0.058812
110.0392,0.027695
110.0492,0.044171
110.0592,0.035058
110.0692,0.043537
110.0792,0.033286
110.0892,0.027946
110.0992,0.032956
110.1092,0.040755
110.1192,0.052298
110.1292,0.038435
110.1392,0.038060
110.1492,0.050817
110.1592,0.049870
110.1692,0.064167
110.1792,0.056635
110.1892,0.037173
110.1992,0.040869
110.2092,0.055183
110.2192,0.038997
110.2292,0.044763
110.2392,0.031046
110.2492,0.035229
110.2592,0.061033
110.2692,0.050256
110.2792,0.042439
110.2892,0.043989
110.2992,0.066173
110.3092,0.042597
110.3192,0.054044
110.3292,0.058171
110.3392,0.064052
110.3492,0.041238
110.3592,0.035901
110.3692,0.039005
110.3792,0.057499
110.3892,0.070255
110.3992,0.058141
110.4092,0.044035
110.4192,0.062656
110.4292,0.046234
110.4392,0.042756
110.4492,0.047907
110.4592,0.045558
110.4692,0.044499
110.4792,0.063884
110.4892,0.046658
110.4992,0.036092
110.5092,0.057972
110.5192,0.042717
110.5292,0.043189
110.5392,0.059575
110.5492,0.045458
110.5592,0.048334
110.5692,0.053435
110.5792,0.050300
110.5892,0.049022
110.5992,0.030036
110.6092,0.051888
110.6192,0.069902
110.6292,0.060216
110.6392,0.050316
110.6492,0.058925
110.6592,0.060649
110.6692,0.046107
110.6792,0.067252
110.6892,0.056463
110.6992,0.051862
110.7092,0.071043
110.7192,0.034608
110.7292,0.043687
110.7392,0.062015
110.7492,0.062494
110.7592,0.072375
110.7692,0.033501
110.7792,0.064803
110.7892,0.043917
110.7992,0.060714
110.8092,0.056030
110.8192,0.065335
110.8292,0.054638
110.8392,0.067257
110.8492,0.049022
110.8592,0.056645
110.8692,0.059543
110.8792,0.074539
110.8892,0.066258
110.8992,0.060129
110.9092,0.064641
110.9192,0.069262
110.9292,0.062303
110.9392,0.048463
110.9492,0.065157
110.9592,0.058748
110.9692,0.055660
110.9792,0.051496
110.9892,0.065301
110.9992,0.064786
111.0093,0.050270
111.0193,0.048924
111.0293,0.079061
111.0393,0.068911
111.0493,0.061332
111.0593,0.066687
111.0693,0.056108
111.0793,0.059222
111.0893,0.061322
111.0993,0.070911
111.1093,0.047296
111.1193,0.051388
111.1293,0.049505
111.1393,0.070446
111.1493,0.061068
111.1593,0.053075
111.1693,0.060187
111.1793,0.056247
111.1893,0.048382
111.1993,0.075495
111.2093,0.061561
111.2193,0.076053
111.2293,0.048894
111.2393,0.068589
111.2493,0.049286
111.2593,0.088329
111.2693,0.046746
111.2793,0.082165
111.2893,0.064172
111.2993,0.062709
111.3093,0.070595
111.3193,0.055487
111.3293,0.072885
111.3393,0.073784
111.3493,0.065486
111.3593,0.068034
111.3693,0.084997
111.3793,0.072380
111.3893,0.058213
111.3993,0.073709
111.4093,0.060992
111.4193,0.059224
111.4293,0.071834
111.4393,0.056783
111.4493,0.067509
111.4593,0.073952
111.4693,0.086481
111.4793,0.073937
111.4893,0.053023
111.4993,0.054755
111.5093,0.085327
111.5193,0.061891
111.5293,0.053240
111.5393,0.058528
111.5493,0.076688
111.5593,0.070047
111.5693,0.075563
111.5793,0.068932
111.5893,0.058405
111.5993,0.051734
111.6093,0.061433
111.6193,0.071169
111.6293,0.058289
111.6393,0.080127
111.6493,0.060471
111.6593,0.054126
111.6693,0.070826
111.6793,0.078601
111.6893,0.086094
111.6993,0.055225
111.7093,0.085755
111.7193,0.073547
111.7293,0.065659
111.7393,0.078853
111.7493,0.085774
111.7593,0.055606
111.7693,0.068264
111.7793,0.067303
111.7893,0.079187
111.7993,0.087704
111.8093,0.074015
111.8193,0.070537
111.8293,0.078091
111.8393,0.071470
111.8493,0.052298
111.8593,0.079343
111.8693,0.084208
111.8793,0.085267
111.8893,0.063150
111.8993,0.080961
111.9093,0.090397
111.9193,0.100556
111.9293,0.080219
111.9393,0.085449
111.9493,0.065865
111.9593,0.064739
111.9693,0.086028
111.9793,0.055977
111.9893,0.078071
111.9993,0.091006
112.0093,0.084008
112.0193,0.084126
112.0293,0.076754
112.0393,0.073333
112.0493,0.099163
112.0593,0.090135
112.0693,0.086445
112.0793,0.078446
112.0893,0.072510
112.0993,0.089333
112.1093,0.075653
112.1193,0.079694
112.1293,0.085249
112.1393,0.081373
112.1493,0.094964
112.1593,0.066451
112.1693,0.080511
112.1793,0.101405
112.1893,0.089182
112.1993,0.078429
112.2094,0.088575
112.2194,0.080297
112.2294,0.095627
112.2394,0.089364
112.2494,0.072675
112.2594,0.083913
112.2694,0.085905
112.2794,0.086590
112.2894,0.085286
112.2994,0.087936
112.3094,0.086669
112.3194,0.075458
112.3294,0.078296
112.3394,0.080510
112.3494,0.084199
112.3594,0.080926
112.3694,0.094656
112.3794,0.074218
112.3894,0.066666
112.3994,0.103874
112.4094,0.076223
112.4194,0.095596
112.4294,0.090872
112.4394,0.077157
112.4494,0.083844
112.4594,0.082549
112.4694,0.089127
112.4794,0.078084
112.4894,0.084189
112.4994,0.085777
112.5094,0.097364
112.5194,0.082431
112.5294,0.076982
112.5394,0.081489
112.5494,0.090803
112.5594,0.069615
112.5694,0.099501
112.5794,0.087923
112.5894,0.092257
112.5994,0.090315
112.6094,0.081648
112.6194,0.077699
112.6294,0.081716
112.6394,0.073860
112.6494,0.092603
112.6594,0.087694
112.6694,0.074179
112.6794,0.083558
112.6894,0.096445
112.6994,0.103056
112.7094,0.077489
112.7194,0.112144
112.7294,0.081138
112.7394,0.073887
112.7494,0.108713
112.7594,0.080933
112.7694,0.106783
112.7794,0.085100
112.7894,0.089022
112.7994,0.079107
112.8094,0.105137
112.8194,0.103969
112.8294,0.086169
112.8394,0.092230
112.8494,0.099806
112.8594,0.088678
112.8694,0.107241
112.8794,0.092747
112.8894,0.088818
112.8994,0.078392
112.9094,0.081492
112.9194,0.100522
112.9294,0.097200
112.9394,0.103212
112.9494,0.089635
112.9594,0.079060
112.9694,0.090720
112.9794,0.116273
112.9894,0.086456
112.9994,0.095950
113.0094,0.072390
113.0194,0.091539
113.0294,0.092810
113.0394,0.100480
113.0494,0.094194
113.0594,0.082400
113.0694,0.091160
113.0794,0.095973
113.0894,0.088265
113.0994,0.089932
113.1094,0.108707
113.1194,0.092621
113.1294,0.103484
113.1394,0.097530
113.1494,0.087216
113.1594,0.096402
113.1694,0.102858
113.1794,0.117532
113.1894,0.092659
113.1994,0.099746
113.2094,0.109907
113.2194,0.113640
113.2294,0.094764
113.2394,0.099914
113.2494,0.112818
113.2594,0.107024
113.2694,0.112464
113.2794,0.114064
113.2894,0.108107
113.2994,0.104226
113.3094,0.096302
113.3194,0.100791
113.3294,0.101676
113.3394,0.115667
113.3494,0.105663
113.3594,0.105980
113.3694,0.094405
113.3794,0.116614
113.3894,0.097119
113.3994,0.102169
113.4095,0.118335
113.4195,0.114332
113.4295,0.097193
113.4395,0.095129
113.4495,0.104105
113.4595,0.100605
113.4695,0.091921
113.4795,0.099290
113.4895,0.079569
113.4995,0.116317
113.5095,0.115916
113.5195,0.121831
113.5295,0.111495
113.5395,0.103709
113.5495,0.118655
113.5595,0.101636
113.5695,0.095616
113.5795,0.107640
113.5895,0.113453
113.5995,0.101454
113.6095,0.099331
113.6195,0.105869
113.6295,0.114389
113.6395,0.109049
113.6495,0.137101
113.6595,0.109609
113.6695,0.118710
113.6795,0.096950
113.6895,0.117541
113.6995,0.107284
113.7095,0.112050
113.7195,0.129246
113.7295,0.108892
113.7395,0.099771
113.7495,0.101567
113.7595,0.115054
113.7695,0.114749
113.7795,0.114571
113.7895,0.101184
113.7995,0.134541
113.8095,0.129162
113.8195,0.116060
113.8295,0.099785
113.8395,0.131081
113.8495,0.126845
113.8595,0.116746
113.8695,0.127947
113.8795,0.111258
113.8895,0.106841
113.8995,0.118260
113.9095,0.101402
113.9195,0.106072
113.9295,0.122855
113.9395,0.120061
113.9495,0.104089
113.9595,0.114061
113.9695,0.105015
113.9795,0.113756
113.9895,0.112909
113.9995,0.129057
114.0095,0.117814
114.0195,0.117196
114.0295,0.115952
114.0395,0.102919
114.0495,0.119387
114.0595,0.125451
114.0695,0.123188
114.0795,0.128048
114.0895,0.128785
114.0995,0.143604
114.1095,0.110586
114.1195,0.124473
114.1295,0.125845
114.1395,0.119432
114.1495,0.116557
114.1595,0.128123
114.1695,0.127417
114.1795,0.113112
114.1895,0.105921
114.1995,0.119236
114.2095,0.117673
114.2195,0.130690
114.2295,0.115679
114.2395,0.123400
114.2495,0.108364
114.2595,0.110175
114.2695,0.118253
114.2795,0.123701
114.2895,0.118267
114.2995,0.128151
114.3095,0.109971
114.3195,0.125093
114.3295,0.125469
114.3395,0.113286
114.3495,0.130310
114.3595,0.106597
114.3695,0.121697
114.3795,0.136687
114.3895,0.106825
114.3995,0.136049
114.4095,0.117943
114.4195,0.123962
114.4295,0.144197
114.4395,0.124128
114.4495,0.146800
114.4595,0.127876
114.4695,0.130349
114.4795,0.139885
114.4895,0.137170
114.4995,0.133539
114.5095,0.127633
114.5195,0.117026
114.5295,0.117782
114.5395,0.146206
114.5495,0.150339
114.5595,0.134911
114.5695,0.116149
114.5795,0.126435
114.5895,0.126211
114.5995,0.129144
114.6096,0.126128
114.6196,0.140455
114.6296,0.137997
114.6396,0.151598
114.6496,0.132180
114.6596,0.138349
114.6696,0.144034
114.6796,0.147116
114.6896,0.124827
114.6996,0.141502
114.7096,0.139198
114.7196,0.141037
114.7296,0.138884
114.7396,0.155696
114.7496,0.129938
114.7596,0.129627
114.7696,0.131198
114.7796,0.136787
114.7896,0.142903
114.7996,0.135691
114.8096,0.150598
114.8196,0.140783
114.8296,0.140138
114.8396,0.128083
114.8496,0.159881
114.8596,0.141480
114.8696,0.158611
114.8796,0.136304
114.8896,0.151119
114.8996,0.137474
114.9096,0.161578
114.9196,0.154883
114.9296,0.152459
114.9396,0.137006
114.9496,0.163609
114.9596,0.165212
114.9696,0.141327
114.9796,0.147031
114.9896,0.154974
114.9996,0.126276
115.0096,0.157749
115.0196,0.156821
115.0296,0.141246
115.0396,0.125248
115.0496,0.150798
115.0596,0.136425
115.0696,0.132175
115.0796,0.152061
115.0896,0.161830
115.0996,0.146758
115.1096,0.161097
115.1196,0.156185
115.1296,0.136111
115.1396,0.144601
115.1496,0.161235
115.1596,0.145120
115.1696,0.159235
115.1796,0.147244
115.1896,0.158860
115.1996,0.156241
115.2096,0.149770
115.2196,0.159488
115.2296,0.131263
115.2396,0.142310
115.2496,0.148835
115.2596,0.165505
115.2696,0.139622
115.2796,0.154044
115.2896,0.157873
115.2996,0.157482
115.3096,0.154330
115.3196,0.149419
115.3296,0.153468
115.3396,0.165993
115.3496,0.149673
115.3596,0.135274
115.3696,0.161842
115.3796,0.172451
115.3896,0.147294
115.3996,0.171727
115.4096,0.163641
115.4196,0.147185
115.4296,0.152027
115.4396,0.151905
115.4496,0.161388
115.4596,0.158202
115.4696,0.171388
115.4796,0.169145
115.4896,0.145517
115.4996,0.147100
115.5096,0.167752
115.5196,0.156776
115.5296,0.160503
115.5396,0.168039
115.5496,0.171481
115.5596,0.150886
115.5696,0.141327
115.5796,0.162736
115.5896,0.155644
115.5996,0.165181
115.6096,0.163958
115.6196,0.155417
115.6296,0.186367
115.6396,0.165997
115.6496,0.160418
115.6596,0.167499
115.6696,0.172113
115.6796,0.160819
115.6896,0.190678
115.6996,0.152581
115.7096,0.153609
115.7196,0.152479
115.7296,0.168845
115.7396,0.173870
115.7496,0.166170
115.7596,0.174510
115.7696,0.174712
115.7796,0.166876
115.7896,0.175095
115.7996,0.169194
115.8097,0.167407
115.8197,0.166851
115.8297,0.174507
115.8397,0.184695
115.8497,0.160808
115.8597,0.168397
115.8697,0.175169
115.8797,0.191454
115.8897,0.178546
115.8997,0.166447
115.9097,0.165680
115.9197,0.185115
115.9297,0.172475
115.9397,0.163649
115.9497,0.186444
115.9597,0.179736
115.9697,0.165062
115.9797,0.163950
115.9897,0.156027
115.9997,0.171830
116.0097,0.181452
116.0197,0.188364
116.0297,0.183361
116.0397,0.166417
116.0497,0.176983
116.0597,0.194469
116.0697,0.175410
116.0797,0.188576
116.0897,0.187698
116.0997,0.189201
116.1097,0.186273
116.1197,0.189888
116.1297,0.167865
116.1397,0.198194
116.1497,0.165337
116.1597,0.186883
116.1697,0.183643
116.1797,0.178234
116.1897,0.175103
116.1997,0.190717
116.2097,0.193599
116.2197,0.184921
116.2297,0.183427
116.2397,0.199501
116.2497,0.182838
116.2597,0.187003
116.2697,0.185758
116.2797,0.212873
116.2897,0.180137
116.2997,0.197223
116.3097,0.172288
116.3197,0.180076
116.3297,0.186938
116.3397,0.189095
116.3497,0.188036
116.3597,0.190163
116.3697,0.184644
116.3797,0.204788
116.3897,0.182287
116.3997,0.200116
116.4097,0.199828
116.4197,0.183954
116.4297,0.190145
116.4397,0.194172
116.4497,0.211335
116.4597,0.191273
116.4697,0.231586
116.4797,0.203414
116.4897,0.199557
116.4997,0.205351
116.5097,0.179711
116.5197,0.209005
116.5297,0.184447
116.5397,0.206763
116.5497,0.192532
116.5597,0.190856
116.5697,0.216967
116.5797,0.198639
116.5897,0.184719
116.5997,0.210173
116.6097,0.188614
116.6197,0.214825
116.6297,0.201453
116.6397,0.189275
116.6497,0.210626
116.6597,0.208025
116.6697,0.181980
116.6797,0.202981
116.6897,0.207006
116.6997,0.206826
116.7097,0.202978
116.7197,0.212680
116.7297,0.211325
116.7397,0.206354
116.7497,0.204086
116.7597,0.208339
116.7697,0.201230
116.7797,0.197452
116.7897,0.196850
116.7997,0.207499
116.8097,0.200334
116.8197,0.207737
116.8297,0.223040
116.8397,0.208084
116.8497,0.211952
116.8597,0.208700
116.8697,0.224470
116.8797,0.228401
116.8897,0.207547
116.8997,0.219941
116.9097,0.233995
116.9197,0.201899
116.9297,0.223732
116.9397,0.196945
116.9497,0.215073
116.9597,0.213802
116.9697,0.198559
116.9797,0.226949
116.9897,0.217961
116.9997,0.207641
117.0098,0.220630
117.0198,0.226813
117.0298,0.200519
117.0398,0.187156
117.0498,0.218653
117.0598,0.211825
117.0698,0.233328
117.0798,0.216675
117.0898,0.223911
117.0998,0.219385
117.1098,0.206235
117.1198,0.222440
117.1298,0.209314
117.1398,0.209266
117.1498,0.212485
117.1598,0.212051
117.1698,0.222245
117.1798,0.220875
117.1898,0.228083
117.1998,0.209948
117.2098,0.223621
117.2198,0.221774
117.2298,0.229052
117.2398,0.229984
117.2498,0.229505
117.2598,0.218493
117.2698,0.229097
117.2798,0.224174
117.2898,0.242904
117.2998,0.231323
117.3098,0.231472
117.3198,0.218329
117.3298,0.225694
117.3398,0.234648
117.3498,0.231735
117.3598,0.232090
117.3698,0.215913
117.3798,0.225775
117.3898,0.231633
117.3998,0.246866
117.4098,0.216407
117.4198,0.225346
117.4298,0.217276
117.4398,0.239984
117.4498,0.249064
117.4598,0.241281
117.4698,0.243923
117.4798,0.228306
117.4898,0.242797
117.4998,0.231856
117.5098,0.240657
117.5198,0.245564
117.5298,0.238101
117.5398,0.249704
117.5498,0.240350
117.5598,0.245206
117.5698,0.261865
117.5798,0.248417
117.5898,0.236435
117.5998,0.239613
117.6098,0.253638
117.6198,0.255825
117.6298,0.245525
117.6398,0.231112
117.6498,0.237374
117.6598,0.249179
117.6698,0.253672
117.6798,0.258413
117.6898,0.228542
117.6998,0.258078
117.7098,0.264134
117.7198,0.226431
117.7298,0.250816
117.7398,0.258951
117.7498,0.237764
117.7598,0.247391
117.7698,0.258494
117.7798,0.248174
117.7898,0.250275
117.7998,0.256630
117.8098,0.243236
117.8198,0.244778
117.8298,0.260646
117.8398,0.265967
117.8498,0.260979
117.8598,0.271125
117.8698,0.262228
117.8798,0.277022
117.8898,0.259731
117.8998,0.262123
117.9098,0.264152
117.9198,0.254365
117.9298,0.253411
117.9398,0.252698
117.9498,0.256671
117.9598,0.283465
117.9698,0.281504
117.9798,0.260542
117.9898,0.260150
117.9998,0.243422
118.0098,0.255440
118.0198,0.257742
118.0298,0.261854
118.0398,0.260937
118.0498,0.269133
118.0598,0.275059
118.0698,0.260329
118.0798,0.282251
118.0898,0.271590
118.0998,0.277248
118.1098,0.264184
118.1198,0.274240
118.1298,0.273492
118.1398,0.283799
118.1498,0.275804
118.1598,0.277955
118.1698,0.264258
118.1798,0.281627
118.1898,0.257016
118.1998,0.264149
118.2099,0.272786
118.2199,0.258532
118.2299,0.260906
118.2399,0.260984
118.2499,0.274065
118.2599,0.268751
118.2699,0.280035
118.2799,0.289256
118.2899,0.273203
118.2999,0.265428
118.3099,0.274267
118.3199,0.261665
118.3299,0.270020
118.3399,0.295312
118.3499,0.268688
118.3599,0.273772
118.3699,0.269156
118.3799,0.266698
118.3899,0.275624
118.3999,0.258126
118.4099,0.269191
118.4199,0.257295
118.4299,0.286330
118.4399,0.280771
118.4499,0.263231
118.4599,0.252366
118.4699,0.275839
118.4799,0.270508
118.4899,0.293393
118.4999,0.284981
118.5099,0.277323
118.5199,0.265696
118.5299,0.268370
118.5399,0.274013
118.5499,0.274548
118.5599,0.263926
118.5699,0.257367
118.5799,0.290295
118.5899,0.271355
118.5999,0.275262
118.6099,0.262449
118.6199,0.284689
118.6299,0.281431
118.6399,0.271637
118.6499,0.273136
118.6599,0.273887
118.6699,0.272022
118.6799,0.276621
118.6899,0.274809
118.6999,0.269286
118.7099,0.259361
118.7199,0.270795
118.7299,0.278552
118.7399,0.277772
118.7499,0.284176
118.7599,0.285235
118.7699,0.278070
118.7799,0.272929
118.7899,0.274490
118.7999,0.265312
118.8099,0.279050
118.8199,0.284294
118.8299,0.281474
118.8399,0.276622
118.8499,0.268653
118.8599,0.267500
118.8699,0.269462
118.8799,0.263759
118.8899,0.273807
118.8999,0.243096
118.9099,0.265673
118.9199,0.271743
118.9299,0.296078
118.9399,0.271106
118.9499,0.271475
118.9599,0.262727
118.9699,0.288258
118.9799,0.262929
118.9899,0.291391
118.9999,0.263664
119.0099,0.280480
119.0199,0.270496
119.0299,0.265440
119.0399,0.281160
119.0499,0.284349
119.0599,0.269209
119.0699,0.270822
119.0799,0.266938
119.0899,0.273305
119.0999,0.260117
119.1099,0.244130
119.1199,0.252362
119.1299,0.268854
119.1399,0.260365
119.1499,0.269888
119.1599,0.265940
119.1699,0.264001
119.1799,0.264576
119.1899,0.280737
119.1999,0.273417
119.2099,0.286714
119.2199,0.272097
119.2299,0.251965
119.2399,0.260627
119.2499,0.272216
119.2599,0.273484
119.2699,0.265205
119.2799,0.263107
119.2899,0.264985
119.2999,0.269620
119.3099,0.270575
119.3199,0.260086
119.3299,0.273527
119.3399,0.273435
119.3499,0.269965
119.3599,0.264155
119.3699,0.277780
119.3799,0.284301
119.3899,0.266582
119.3999,0.264780
119.4100,0.275724
119.4200,0.259359
119.4300,0.258299
119.4400,0.264576
119.4500,0.274160
119.4600,0.262260
119.4700,0.270877
119.4800,0.250971
119.4900,0.277233
119.5000,0.285469
119.5100,0.261966
119.5200,0.275506
119.5300,0.268984
119.5400,0.272127
119.5500,0.268606
119.5600,0.268030
119.5700,0.262733
119.5800,0.260136
119.5900,0.282059
119.6000,0.254274
119.6100,0.270878
119.6200,0.270424
119.6300,0.270596
119.6400,0.277714
119.6500,0.267357
119.6600,0.277595
119.6700,0.290924
119.6800,0.269543
119.6900,0.250745
119.7000,0.269639
119.7100,0.268657
119.7200,0.275085
119.7300,0.251124
119.7400,0.274310
119.7500,0.266851
119.7600,0.279092
119.7700,0.265880
119.7800,0.279745
119.7900,0.255958
119.8000,0.271243
119.8100,0.261347
119.8200,0.266184
119.8300,0.298266
119.8400,0.261569
119.8500,0.267339
119.8600,0.259627
119.8700,0.267995
119.8800,0.269565
119.8900,0.263719
119.9000,0.286829
119.9100,0.282617
119.9200,0.261597
119.9300,0.279232
119.9400,0.266264
119.9500,0.258772
119.9600,0.263886
119.9700,0.258505
119.9800,0.280477
119.9900,0.262301
120.0000,0.283946
