time_s,dF_F
0.0000,0.000000
0.0100,0.005531
0.0200,0.000000
0.0300,0.013177
0.0400,0.000000
0.0500,0.000000
0.0600,0.000000
0.0700,0.018338
0.0800,0.000000
0.0900,0.000000
0.1000,0.000000
0.1100,0.007985
0.1200,0.005482
0.1300,0.006191
0.1400,0.006462
0.1500,0.032125
0.1600,0.000000
0.1700,0.000000
0.1800,0.000000
0.1900,0.009240
0.2000,0.016935
0.2100,0.000000
0.2200,0.000000
0.2300,0.000000
0.2400,0.009759
0.2500,0.011149
0.2600,0.008147
0.2700,0.000000
0.2800,0.003482
0.2900,0.001750
0.3000,0.003280
0.3100,0.013071
0.3200,0.003354
0.3300,0.010184
0.3400,0.001014
0.3500,0.004337
0.3600,0.009469
0.3700,0.000000
0.3800,0.000000
0.3900,0.000000
0.4000,0.000000
0.4100,0.000000
0.4200,0.022424
0.4300,0.000000
0.4400,0.014524
0.4500,0.000000
0.4600,0.000000
0.4700,0.002441
0.4800,0.008793
0.4900,0.010668
0.5000,0.011900
0.5100,0.000000
0.5200,0.000000
0.5300,0.012870
0.5400,0.000000
0.5500,0.000000
0.5600,0.000000
0.5700,0.000000
0.5800,0.007457
0.5900,0.002136
0.6001,0.010357
0.6101,0.000000
0.6201,0.002378
0.6301,0.009384
0.6401,0.000000
0.6501,0.006852
0.6601,0.000000
0.6701,0.000000
0.6801,0.000000
0.6901,0.000000
0.7001,0.007305
0.7101,0.000000
0.7201,0.000187
0.7301,0.007211
0.7401,0.006698
0.7501,0.009981
0.7601,0.000000
0.7701,0.000000
0.7801,0.000000
0.7901,0.000000
0.8001,0.000000
0.8101,0.000000
0.8201,0.000000
0.8301,0.005997
0.8401,0.000000
0.8501,0.000000
0.8601,0.019488
0.8701,0.000000
0.8801,0.011063
0.8901,0.000000
0.9001,0.000000
0.9101,0.000000
0.9201,0.000000
0.9301,0.012605
0.9401,0.000000
0.9501,0.006516
0.9601,0.003566
0.9701,0.000000
0.9801,0.000000
0.9901,0.001082
1.0001,0.000000
1.0101,0.003490
1.0201,0.000328
1.0301,0.024027
1.0401,0.000000
1.0501,0.000000
1.0601,0.002689
1.0701,0.003300
1.0801,0.020388
1.0901,0.012527
1.1001,0.005353
1.1101,0.021950
1.1201,0.000000
1.1301,0.000000
1.1401,0.000000
1.1501,0.000000
1.1601,0.000000
1.1701,0.009527
1.1801,0.000000
1.1901,0.000000
1.2001,0.000000
1.2101,0.004703
1.2201,0.012572
1.2301,0.029951
1.2401,0.043708
1.2501,0.006216
1.2601,0.000000
1.2701,0.000000
1.2801,0.004016
1.2901,0.000000
1.3001,0.000000
1.3101,0.000000
1.3201,0.000000
1.3301,0.015990
1.3401,0.002356
1.3501,0.000000
1.3601,0.000000
1.3701,0.000000
1.3801,0.000000
1.3901,0.000000
1.4001,0.026519
1.4101,0.001954
1.4201,0.014741
1.4301,0.000000
1.4401,0.000000
1.4501,0.000000
1.4601,0.000000
1.4701,0.031927
1.4801,0.000000
1.4901,0.012577
1.5001,0.000000
1.5101,0.013974
1.5201,0.005774
1.5301,0.000000
1.5401,0.000000
1.5501,0.000000
1.5601,0.006691
1.5701,0.000000
1.5801,0.000000
1.5901,0.000000
1.6001,0.002589
1.6101,0.023686
1.6201,0.002400
1.6301,0.000000
1.6401,0.004287
1.6501,0.019590
1.6601,0.003291
1.6701,0.000000
1.6801,0.016594
1.6901,0.006431
1.7001,0.023036
1.7101,0.002749
1.7201,0.000000
1.7301,0.000000
1.7401,0.024764
1.7501,0.025855
1.7601,0.000000
1.7701,0.000000
1.7801,0.021922
1.7901,0.000000
1.8002,0.000000
1.8102,0.009650
1.8202,0.000000
1.8302,0.000000
1.8402,0.000000
1.8502,0.005064
1.8602,0.021112
1.8702,0.001359
1.8802,0.009659
1.8902,0.000000
1.9002,0.000000
1.9102,0.000000
1.9202,0.000000
1.9302,0.000000
1.9402,0.000000
1.9502,0.013739
1.9602,0.000000
1.9702,0.000459
1.9802,0.000000
1.9902,0.000000
2.0002,0.015041
2.0102,0.008072
2.0202,0.020061
2.0302,0.000000
2.0402,0.000000
2.0502,0.000000
2.0602,0.003637
2.0702,0.002649
2.0802,0.000000
2.0902,0.001357
2.1002,0.003423
2.1102,0.037762
2.1202,0.028153
2.1302,0.000000
2.1402,0.000000
2.1502,0.000000
2.1602,0.000000
2.1702,0.004734
2.1802,0.018088
2.1902,0.000000
2.2002,0.000000
2.2102,0.000000
2.2202,0.000000
2.2302,0.000000
2.2402,0.000000
2.2502,0.000000
2.2602,0.000000
2.2702,0.000000
2.2802,0.000000
2.2902,0.031939
2.3002,0.000000
2.3102,0.000000
2.3202,0.027554
2.3302,0.043576
2.3402,0.000000
2.3502,0.000000
2.3602,0.005123
2.3702,0.025930
2.3802,0.000000
2.3902,0.000000
2.4002,0.011660
2.4102,0.006521
2.4202,0.000000
2.4302,0.000000
2.4402,0.000000
2.4502,0.000000
2.4602,0.000000
2.4702,0.003483
2.4802,0.000000
2.4902,0.007073
2.5002,0.015191
2.5102,0.002331
2.5202,0.005276
2.5302,0.000797
2.5402,0.000001
2.5502,0.000000
2.5602,0.004747
2.5702,0.000000
2.5802,0.031398
2.5902,0.023600
2.6002,0.005788
2.6102,0.000000
2.6202,0.000000
2.6302,0.017867
2.6402,0.003941
2.6502,0.007202
2.6602,0.000000
2.6702,0.013912
2.6802,0.006816
2.6902,0.000000
2.7002,0.000000
2.7102,0.003956
2.7202,0.000787
2.7302,0.000000
2.7402,0.000000
2.7502,0.000000
2.7602,0.002288
2.7702,0.022072
2.7802,0.000000
2.7902,0.000000
2.8002,0.002648
2.8102,0.004440
2.8202,0.000000
2.8302,0.000000
2.8402,0.004920
2.8502,0.025910
2.8602,0.000000
2.8702,0.012957
2.8802,0.000000
2.8902,0.000000
2.9002,0.000000
2.9102,0.000000
2.9202,0.019501
2.9302,0.008740
2.9402,0.025985
2.9502,0.017661
2.9602,0.006586
2.9702,0.026159
2.9802,0.006585
2.9902,0.012420
3.0003,0.000000
3.0103,0.000998
3.0203,0.000000
3.0303,0.014844
3.0403,0.000000
3.0503,0.011735
3.0603,0.000000
3.0703,0.017569
3.0803,0.011263
3.0903,0.027310
3.1003,0.010962
3.1103,0.000000
3.1203,0.000000
3.1303,0.000000
3.1403,0.000000
3.1503,0.022668
3.1603,0.009563
3.1703,0.000000
3.1803,0.000000
3.1903,0.000492
3.2003,0.000000
3.2103,0.000000
3.2203,0.004680
3.2303,0.017330
3.2403,0.009131
3.2503,0.000000
3.2603,0.004566
3.2703,0.001081
3.2803,0.006208
3.2903,0.024243
3.3003,0.000000
3.3103,0.000000
3.3203,0.008864
3.3303,0.000000
3.3403,0.022139
3.3503,0.005525
3.3603,0.012699
3.3703,0.000000
3.3803,0.012206
3.3903,0.016027
3.4003,0.003493
3.4103,0.003516
3.4203,0.004055
3.4303,0.000000
3.4403,0.000000
3.4503,0.000000
3.4603,0.005751
3.4703,0.014997
3.4803,0.000000
3.4903,0.000000
3.5003,0.022222
3.5103,0.000000
3.5203,0.000000
3.5303,0.003035
3.5403,0.012666
3.5503,0.000171
3.5603,0.019934
3.5703,0.012852
3.5803,0.012627
3.5903,0.008312
3.6003,0.034915
3.6103,0.000000
3.6203,0.000000
3.6303,0.024064
3.6403,0.000000
3.6503,0.001618
3.6603,0.019643
3.6703,0.000000
3.6803,0.000000
3.6903,0.000000
3.7003,0.000000
3.7103,0.006595
3.7203,0.007863
3.7303,0.004144
3.7403,0.000000
3.7503,0.000000
3.7603,0.000815
3.7703,0.000000
3.7803,0.006891
3.7903,0.010529
3.8003,0.002074
3.8103,0.011402
3.8203,0.003438
3.8303,0.007951
3.8403,0.000000
3.8503,0.000000
3.8603,0.002952
3.8703,0.012308
3.8803,0.000000
3.8903,0.007818
3.9003,0.000000
3.9103,0.000000
3.9203,0.012443
3.9303,0.000000
3.9403,0.000000
3.9503,0.000000
3.9603,0.000000
3.9703,0.000000
3.9803,0.011242
3.9903,0.000000
4.0003,0.002967
4.0103,0.016338
4.0203,0.019915
4.0303,0.000000
4.0403,0.020304
4.0503,0.001382
4.0603,0.000000
4.0703,0.000000
4.0803,0.000000
4.0903,0.000000
4.1003,0.000000
4.1103,0.012054
4.1203,0.025812
4.1303,0.000000
4.1403,0.005892
4.1503,0.000000
4.1603,0.007120
4.1703,0.000000
4.1803,0.000000
4.1903,0.013924
4.2004,0.000000
4.2104,0.000000
4.2204,0.000000
4.2304,0.000000
4.2404,0.006418
4.2504,0.000000
4.2604,0.004930
4.2704,0.005429
4.2804,0.019810
4.2904,0.000000
4.3004,0.000000
4.3104,0.016008
4.3204,0.000000
4.3304,0.016719
4.3404,0.005751
4.3504,0.000000
4.3604,0.005232
4.3704,0.029265
4.3804,0.031155
4.3904,0.001041
4.4004,0.002403
4.4104,0.016144
4.4204,0.000000
4.4304,0.004996
4.4404,0.000000
4.4504,0.004709
4.4604,0.000000
4.4704,0.000000
4.4804,0.000000
4.4904,0.000000
4.5004,0.000000
4.5104,0.000000
4.5204,0.029058
4.5304,0.016590
4.5404,0.000000
4.5504,0.005216
4.5604,0.000000
4.5704,0.000000
4.5804,0.002780
4.5904,0.009288
4.6004,0.000000
4.6104,0.015958
4.6204,0.000000
4.6304,0.000095
4.6404,0.038965
4.6504,0.003346
4.6604,0.021498
4.6704,0.001373
4.6804,0.008712
4.6904,0.000000
4.7004,0.000000
4.7104,0.000000
4.7204,0.006455
4.7304,0.000000
4.7404,0.009984
4.7504,0.016279
4.7604,0.005498
4.7704,0.000000
4.7804,0.006809
4.7904,0.000000
4.8004,0.014033
4.8104,0.000000
4.8204,0.000000
4.8304,0.000000
4.8404,0.000000
4.8504,0.020458
4.8604,0.013428
4.8704,0.000000
4.8804,0.000000
4.8904,0.000000
4.9004,0.000000
4.9104,0.036306
4.9204,0.006523
4.9304,0.000000
4.9404,0.006976
4.9504,0.000000
4.9604,0.000000
4.9704,0.001492
4.9804,0.000000
4.9904,0.011862
5.0004,0.005170
5.0104,0.010025
5.0204,0.000000
5.0304,0.013467
5.0404,0.024434
5.0504,0.000000
5.0604,0.000000
5.0704,0.020037
5.0804,0.000000
5.0904,0.021057
5.1004,0.000000
5.1104,0.021826
5.1204,0.001972
5.1304,0.003873
5.1404,0.023471
5.1504,0.000000
5.1604,0.000000
5.1704,0.000000
5.1804,0.006785
5.1904,0.000000
5.2004,0.009562
5.2104,0.000000
5.2204,0.017217
5.2304,0.000000
5.2404,0.000000
5.2504,0.000000
5.2604,0.000000
5.2704,0.003715
5.2804,0.000000
5.2904,0.000000
5.3004,0.000000
5.3104,0.003051
5.3204,0.000000
5.3304,0.010603
5.3404,0.009940
5.3504,0.005776
5.3604,0.008348
5.3704,0.004446
5.3804,0.030526
5.3904,0.000000
5.4005,0.000000
5.4105,0.000000
5.4205,0.000000
5.4305,0.000000
5.4405,0.000000
5.4505,0.000000
5.4605,0.005014
5.4705,0.000767
5.4805,0.000000
5.4905,0.013503
5.5005,0.011091
5.5105,0.000000
5.5205,0.000000
5.5305,0.008226
5.5405,0.002820
5.5505,0.000000
5.5605,0.000000
5.5705,0.003931
5.5805,0.000000
5.5905,0.002848
5.6005,0.000000
5.6105,0.020043
5.6205,0.018719
5.6305,0.000000
5.6405,0.005452
5.6505,0.000000
5.6605,0.000000
5.6705,0.000000
5.6805,0.000000
5.6905,0.010716
5.7005,0.029959
5.7105,0.000000
5.7205,0.000000
5.7305,0.003532
5.7405,0.024167
5.7505,0.000000
5.7605,0.003736
5.7705,0.027319
5.7805,0.000000
5.7905,0.000000
5.8005,0.000000
5.8105,0.000000
5.8205,0.012189
5.8305,0.003625
5.8405,0.000000
5.8505,0.007731
5.8605,0.000000
5.8705,0.019117
5.8805,0.000000
5.8905,0.000000
5.9005,0.008117
5.9105,0.011444
5.9205,0.006721
5.9305,0.000000
5.9405,0.008071
5.9505,0.000000
5.9605,0.003529
5.9705,0.000000
5.9805,0.006695
5.9905,0.000000
6.0005,0.000000
6.0105,0.010707
6.0205,0.003625
6.0305,0.000000
6.0405,0.021768
6.0505,0.000000
6.0605,0.000482
6.0705,0.004034
6.0805,0.000000
6.0905,0.007067
6.1005,0.000000
6.1105,0.000000
6.1205,0.020440
6.1305,0.000000
6.1405,0.000000
6.1505,0.024164
6.1605,0.038240
6.1705,0.000000
6.1805,0.000000
6.1905,0.000000
6.2005,0.000000
6.2105,0.000000
6.2205,0.000000
6.2305,0.008693
6.2405,0.007868
6.2505,0.000000
6.2605,0.010488
6.2705,0.030790
6.2805,0.002579
6.2905,0.000000
6.3005,0.000000
6.3105,0.009229
6.3205,0.000000
6.3305,0.002466
6.3405,0.000000
6.3505,0.027717
6.3605,0.000000
6.3705,0.025018
6.3805,0.000000
6.3905,0.008809
6.4005,0.004791
6.4105,0.000000
6.4205,0.002661
6.4305,0.018188
6.4405,0.000000
6.4505,0.000000
6.4605,0.000000
6.4705,0.000000
6.4805,0.000000
6.4905,0.000000
6.5005,0.000000
6.5105,0.000000
6.5205,0.007231
6.5305,0.000000
6.5405,0.000000
6.5505,0.011773
6.5605,0.004086
6.5705,0.000000
6.5805,0.000000
6.5905,0.012537
6.6006,0.005240
6.6106,0.035739
6.6206,0.006303
6.6306,0.005816
6.6406,0.000000
6.6506,0.012252
6.6606,0.009376
6.6706,0.018776
6.6806,0.000000
6.6906,0.000000
6.7006,0.000000
6.7106,0.011862
6.7206,0.022476
6.7306,0.000000
6.7406,0.000000
6.7506,0.004711
6.7606,0.000000
6.7706,0.014281
6.7806,0.000000
6.7906,0.000000
6.8006,0.000000
6.8106,0.000000
6.8206,0.000000
6.8306,0.000000
6.8406,0.000000
6.8506,0.016694
6.8606,0.000000
6.8706,0.000000
6.8806,0.000000
6.8906,0.015738
6.9006,0.000000
6.9106,0.000000
6.9206,0.008378
6.9306,0.000000
6.9406,0.009712
6.9506,0.000000
6.9606,0.010525
6.9706,0.000000
6.9806,0.000000
6.9906,0.000000
7.0006,0.000000
7.0106,0.000000
7.0206,0.010286
7.0306,0.000000
7.0406,0.000000
7.0506,0.000000
7.0606,0.016920
7.0706,0.000000
7.0806,0.000000
7.0906,0.000000
7.1006,0.021918
7.1106,0.004239
7.1206,0.011510
7.1306,0.000000
7.1406,0.000000
7.1506,0.006717
7.1606,0.000874
7.1706,0.008231
7.1806,0.000000
7.1906,0.004172
7.2006,0.002372
7.2106,0.011667
7.2206,0.012105
7.2306,0.000000
7.2406,0.000000
7.2506,0.015026
7.2606,0.017816
7.2706,0.000000
7.2806,0.000000
7.2906,0.001486
7.3006,0.013963
7.3106,0.026964
7.3206,0.007744
7.3306,0.000000
7.3406,0.000000
7.3506,0.000172
7.3606,0.000000
7.3706,0.000000
7.3806,0.030731
7.3906,0.026778
7.4006,0.017041
7.4106,0.000000
7.4206,0.012825
7.4306,0.009594
7.4406,0.006638
7.4506,0.018745
7.4606,0.009531
7.4706,0.011100
7.4806,0.009554
7.4906,0.005112
7.5006,0.000000
7.5106,0.001254
7.5206,0.000000
7.5306,0.000000
7.5406,0.025227
7.5506,0.025935
7.5606,0.020388
7.5706,0.003828
7.5806,0.020259
7.5906,0.000181
7.6006,0.003042
7.6106,0.000000
7.6206,0.005955
7.6306,0.000906
7.6406,0.000000
7.6506,0.000000
7.6606,0.000000
7.6706,0.026963
7.6806,0.013413
7.6906,0.000172
7.7006,0.003732
7.7106,0.000663
7.7206,0.000000
7.7306,0.000000
7.7406,0.000000
7.7506,0.000000
7.7606,0.000000
7.7706,0.007668
7.7806,0.005869
7.7906,0.000000
7.8007,0.000000
7.8107,0.014936
7.8207,0.015888
7.8307,0.015388
7.8407,0.000584
7.8507,0.000000
7.8607,0.000000
7.8707,0.005169
7.8807,0.005689
7.8907,0.019310
7.9007,0.016500
7.9107,0.000000
7.9207,0.000000
7.9307,0.000000
7.9407,0.003258
7.9507,0.000000
7.9607,0.000000
7.9707,0.003793
7.9807,0.000000
7.9907,0.000000
8.0007,0.004672
8.0107,0.000000
8.0207,0.003662
8.0307,0.004098
8.0407,0.000000
8.0507,0.000000
8.0607,0.021567
8.0707,0.000000
8.0807,0.000000
8.0907,0.000000
8.1007,0.000437
8.1107,0.000464
8.1207,0.000000
8.1307,0.018213
8.1407,0.000000
8.1507,0.005939
8.1607,0.023422
8.1707,0.000000
8.1807,0.000000
8.1907,0.000000
8.2007,0.000000
8.2107,0.000000
8.2207,0.021412
8.2307,0.027561
8.2407,0.000000
8.2507,0.028576
8.2607,0.000534
8.2707,0.026305
8.2807,0.000000
8.2907,0.001966
8.3007,0.005482
8.3107,0.047683
8.3207,0.012769
8.3307,0.000000
8.3407,0.014535
8.3507,0.000000
8.3607,0.000000
8.3707,0.013629
8.3807,0.000466
8.3907,0.004179
8.4007,0.000210
8.4107,0.005049
8.4207,0.006374
8.4307,0.000000
8.4407,0.009999
8.4507,0.000000
8.4607,0.000000
8.4707,0.000000
8.4807,0.001260
8.4907,0.000000
8.5007,0.012465
8.5107,0.000000
8.5207,0.000000
8.5307,0.000000
8.5407,0.000000
8.5507,0.004183
8.5607,0.000000
8.5707,0.010864
8.5807,0.000945
8.5907,0.000000
8.6007,0.000000
8.6107,0.000000
8.6207,0.000000
8.6307,0.000000
8.6407,0.000000
8.6507,0.003383
8.6607,0.014215
8.6707,0.000000
8.6807,0.000000
8.6907,0.000000
8.7007,0.004334
8.7107,0.018674
8.7207,0.000000
8.7307,0.000000
8.7407,0.000000
8.7507,0.000000
8.7607,0.000000
8.7707,0.000000
8.7807,0.000579
8.7907,0.000000
8.8007,0.015740
8.8107,0.000000
8.8207,0.000000
8.8307,0.007183
8.8407,0.000000
8.8507,0.005845
8.8607,0.001538
8.8707,0.000000
8.8807,0.023824
8.8907,0.000000
8.9007,0.030904
8.9107,0.000000
8.9207,0.000000
8.9307,0.001049
8.9407,0.000000
8.9507,0.000000
8.9607,0.005955
8.9707,0.008334
8.9807,0.000000
8.9907,0.014811
9.0008,0.017363
9.0108,0.021545
9.0208,0.007941
9.0308,0.020451
9.0408,0.000000
9.0508,0.000000
9.0608,0.000000
9.0708,0.001788
9.0808,0.000000
9.0908,0.000000
9.1008,0.028233
9.1108,0.000000
9.1208,0.006207
9.1308,0.000000
9.1408,0.001136
9.1508,0.000090
9.1608,0.006725
9.1708,0.017480
9.1808,0.024711
9.1908,0.004644
9.2008,0.008843
9.2108,0.000000
9.2208,0.000000
9.2308,0.014104
9.2408,0.012990
9.2508,0.003174
9.2608,0.013296
9.2708,0.007362
9.2808,0.018005
9.2908,0.004340
9.3008,0.000000
9.3108,0.005038
9.3208,0.000000
9.3308,0.005743
9.3408,0.000000
9.3508,0.000000
9.3608,0.006777
9.3708,0.007163
9.3808,0.000000
9.3908,0.000000
9.4008,0.020558
9.4108,0.000000
9.4208,0.033644
9.4308,0.000000
9.4408,0.006121
9.4508,0.024253
9.4608,0.001965
9.4708,0.000000
9.4808,0.000000
9.4908,0.000000
9.5008,0.000000
9.5108,0.000000
9.5208,0.000000
9.5308,0.013865
9.5408,0.000519
9.5508,0.000000
9.5608,0.000000
9.5708,0.003347
9.5808,0.009252
9.5908,0.000000
9.6008,0.000000
9.6108,0.016570
9.6208,0.000000
9.6308,0.000000
9.6408,0.006657
9.6508,0.006951
9.6608,0.000000
9.6708,0.003442
9.6808,0.011034
9.6908,0.005616
9.7008,0.009480
9.7108,0.000000
9.7208,0.004966
9.7308,0.000000
9.7408,0.000000
9.7508,0.013058
9.7608,0.022189
9.7708,0.026916
9.7808,0.019722
9.7908,0.000000
9.8008,0.005291
9.8108,0.011502
9.8208,0.001818
9.8308,0.001961
9.8408,0.012356
9.8508,0.000000
9.8608,0.000000
9.8708,0.000000
9.8808,0.009509
9.8908,0.000045
9.9008,0.005103
9.9108,0.010051
9.9208,0.000000
9.9308,0.011344
9.9408,0.005683
9.9508,0.000000
9.9608,0.021635
9.9708,0.000000
9.9808,0.000000
9.9908,0.000000
10.0008,0.000000
10.0108,0.000783
10.0208,0.000000
10.0308,0.000000
10.0408,0.009296
10.0508,0.005098
10.0608,0.004741
10.0708,0.006147
10.0808,0.009242
10.0908,0.000000
10.1008,0.000000
10.1108,0.000000
10.1208,0.000541
10.1308,0.000000
10.1408,0.015683
10.1508,0.017815
10.1608,0.003042
10.1708,0.000000
10.1808,0.007277
10.1908,0.000000
10.2009,0.000000
10.2109,0.014792
10.2209,0.000000
10.2309,0.012085
10.2409,0.010161
10.2509,0.000000
10.2609,0.014608
10.2709,0.010478
10.2809,0.001529
10.2909,0.000000
10.3009,0.000000
10.3109,0.000000
10.3209,0.008139
10.3309,0.000000
10.3409,0.006563
10.3509,0.000000
10.3609,0.000000
10.3709,0.001645
10.3809,0.036677
10.3909,0.000000
10.4009,0.022080
10.4109,0.002248
10.4209,0.006168
10.4309,0.001775
10.4409,0.006671
10.4509,0.000000
10.4609,0.021811
10.4709,0.000000
10.4809,0.016984
10.4909,0.000000
10.5009,0.000000
10.5109,0.000000
10.5209,0.006825
10.5309,0.021677
10.5409,0.000000
10.5509,0.000000
10.5609,0.000000
10.5709,0.000000
10.5809,0.000000
10.5909,0.000000
10.6009,0.003402
10.6109,0.019785
10.6209,0.042138
10.6309,0.000000
10.6409,0.021530
10.6509,0.003656
10.6609,0.000000
10.6709,0.006489
10.6809,0.000929
10.6909,0.001656
10.7009,0.000000
10.7109,0.000000
10.7209,0.000000
10.7309,0.009799
10.7409,0.000000
10.7509,0.000000
10.7609,0.000128
10.7709,0.011924
10.7809,0.002705
10.7909,0.000000
10.8009,0.018394
10.8109,0.023688
10.8209,0.007418
10.8309,0.014605
10.8409,0.018629
10.8509,0.016951
10.8609,0.009211
10.8709,0.008975
10.8809,0.007795
10.8909,0.000000
10.9009,0.010511
10.9109,0.000000
10.9209,0.000000
10.9309,0.019553
10.9409,0.012603
10.9509,0.022311
10.9609,0.000000
10.9709,0.000000
10.9809,0.000000
10.9909,0.001530
11.0009,0.001185
11.0109,0.017005
11.0209,0.000000
11.0309,0.005281
11.0409,0.000000
11.0509,0.006755
11.0609,0.000047
11.0709,0.000000
11.0809,0.000000
11.0909,0.000000
11.1009,0.000000
11.1109,0.026570
11.1209,0.000000
11.1309,0.000000
11.1409,0.000000
11.1509,0.000000
11.1609,0.000000
11.1709,0.000000
11.1809,0.020726
11.1909,0.000000
11.2009,0.019327
11.2109,0.000926
11.2209,0.000558
11.2309,0.000000
11.2409,0.000057
11.2509,0.025782
11.2609,0.000000
11.2709,0.000000
11.2809,0.000000
11.2909,0.000218
11.3009,0.010352
11.3109,0.007096
11.3209,0.000000
11.3309,0.015286
11.3409,0.015453
11.3509,0.002761
11.3609,0.014440
11.3709,0.004090
11.3809,0.000000
11.3909,0.010467
11.4010,0.001659
11.4110,0.000020
11.4210,0.022094
11.4310,0.000000
11.4410,0.000000
11.4510,0.000000
11.4610,0.000000
11.4710,0.000000
11.4810,0.000000
11.4910,0.000000
11.5010,0.000000
11.5110,0.036861
11.5210,0.027026
11.5310,0.000000
11.5410,0.000000
11.5510,0.000000
11.5610,0.000000
11.5710,0.000000
11.5810,0.000000
11.5910,0.000000
11.6010,0.000000
11.6110,0.000000
11.6210,0.002229
11.6310,0.005493
11.6410,0.006262
11.6510,0.000000
11.6610,0.012820
11.6710,0.000000
11.6810,0.009493
11.6910,0.000000
11.7010,0.000000
11.7110,0.000000
11.7210,0.005480
11.7310,0.009194
11.7410,0.000000
11.7510,0.022977
11.7610,0.015113
11.7710,0.000000
11.7810,0.011252
11.7910,0.029007
11.8010,0.029407
11.8110,0.000000
11.8210,0.000000
11.8310,0.022274
11.8410,0.000000
11.8510,0.000000
11.8610,0.000000
11.8710,0.006303
11.8810,0.000000
11.8910,0.000000
11.9010,0.000000
11.9110,0.000000
11.9210,0.000000
11.9310,0.034224
11.9410,0.004463
11.9510,0.013301
11.9610,0.000000
11.9710,0.000000
11.9810,0.000000
11.9910,0.000000
12.0010,0.000000
12.0110,0.000000
12.0210,0.000000
12.0310,0.000000
12.0410,0.019874
12.0510,0.000000
12.0610,0.019358
12.0710,0.006165
12.0810,0.011738
12.0910,0.000000
12.1010,0.007859
12.1110,0.010931
12.1210,0.000000
12.1310,0.008393
12.1410,0.008493
12.1510,0.000000
12.1610,0.000000
12.1710,0.000000
12.1810,0.001298
12.1910,0.004905
12.2010,0.000000
12.2110,0.000399
12.2210,0.008558
12.2310,0.009273
12.2410,0.023278
12.2510,0.019155
12.2610,0.000000
12.2710,0.025254
12.2810,0.000000
12.2910,0.015673
12.3010,0.001020
12.3110,0.000000
12.3210,0.000000
12.3310,0.000000
12.3410,0.000000
12.3510,0.014509
12.3610,0.022752
12.3710,0.000000
12.3810,0.004530
12.3910,0.000000
12.4010,0.000000
12.4110,0.011617
12.4210,0.000000
12.4310,0.026095
12.4410,0.000000
12.4510,0.014990
12.4610,0.001461
12.4710,0.011937
12.4810,0.000000
12.4910,0.000000
12.5010,0.000000
12.5110,0.000000
12.5210,0.009931
12.5310,0.009754
12.5410,0.008903
12.5510,0.023054
12.5610,0.021740
12.5710,0.000000
12.5810,0.005596
12.5910,0.000000
12.6011,0.000350
12.6111,0.000000
12.6211,0.024301
12.6311,0.005455
12.6411,0.000000
12.6511,0.017904
12.6611,0.000000
12.6711,0.000000
12.6811,0.011938
12.6911,0.000907
12.7011,0.003757
12.7111,0.000000
12.7211,0.000000
12.7311,0.030053
12.7411,0.012363
12.7511,0.002546
12.7611,0.000000
12.7711,0.000000
12.7811,0.000000
12.7911,0.003865
12.8011,0.012682
12.8111,0.000000
12.8211,0.000000
12.8311,0.000000
12.8411,0.000000
12.8511,0.000802
12.8611,0.000000
12.8711,0.009214
12.8811,0.011308
12.8911,0.000000
12.9011,0.000000
12.9111,0.000000
12.9211,0.018494
12.9311,0.000000
12.9411,0.000000
12.9511,0.000000
12.9611,0.012069
12.9711,0.000000
12.9811,0.006059
12.9911,0.008482
13.0011,0.027543
13.0111,0.000000
13.0211,0.005641
13.0311,0.000000
13.0411,0.017856
13.0511,0.000000
13.0611,0.000000
13.0711,0.000000
13.0811,0.000000
13.0911,0.003432
13.1011,0.014512
13.1111,0.004394
13.1211,0.000000
13.1311,0.000000
13.1411,0.011130
13.1511,0.000000
13.1611,0.000000
13.1711,0.013148
13.1811,0.004051
13.1911,0.006180
13.2011,0.027892
13.2111,0.007028
13.2211,0.009868
13.2311,0.040661
13.2411,0.000000
13.2511,0.000000
13.2611,0.006417
13.2711,0.006585
13.2811,0.000000
13.2911,0.000000
13.3011,0.034648
13.3111,0.004903
13.3211,0.000000
13.3311,0.013739
13.3411,0.000000
13.3511,0.000000
13.3611,0.008434
13.3711,0.000000
13.3811,0.005289
13.3911,0.028694
13.4011,0.006993
13.4111,0.000000
13.4211,0.000000
13.4311,0.000000
13.4411,0.000000
13.4511,0.000000
13.4611,0.013745
13.4711,0.000000
13.4811,0.012930
13.4911,0.000000
13.5011,0.005654
13.5111,0.000000
13.5211,0.019929
13.5311,0.018685
13.5411,0.014394
13.5511,0.000000
13.5611,0.012437
13.5711,0.006073
13.5811,0.000000
13.5911,0.000000
13.6011,0.005468
13.6111,0.008341
13.6211,0.002659
13.6311,0.004368
13.6411,0.022104
13.6511,0.018391
13.6611,0.000000
13.6711,0.000000
13.6811,0.000000
13.6911,0.000000
13.7011,0.001413
13.7111,0.018731
13.7211,0.000000
13.7311,0.005046
13.7411,0.000000
13.7511,0.000000
13.7611,0.022161
13.7711,0.000000
13.7811,0.006933
13.7911,0.000000
13.8012,0.027935
13.8112,0.009040
13.8212,0.000000
13.8312,0.008633
13.8412,0.000000
13.8512,0.017738
13.8612,0.000000
13.8712,0.000000
13.8812,0.000000
13.8912,0.000000
13.9012,0.010420
13.9112,0.003839
13.9212,0.009776
13.9312,0.000000
13.9412,0.007698
13.9512,0.000000
13.9612,0.033446
13.9712,0.000000
13.9812,0.018914
13.9912,0.020519
14.0012,0.000000
14.0112,0.033439
14.0212,0.014932
14.0312,0.014567
14.0412,0.000420
14.0512,0.000000
14.0612,0.000000
14.0712,0.005858
14.0812,0.021018
14.0912,0.002720
14.1012,0.000000
14.1112,0.012366
14.1212,0.013817
14.1312,0.009820
14.1412,0.011182
14.1512,0.000000
14.1612,0.000000
14.1712,0.000000
14.1812,0.000000
14.1912,0.003554
14.2012,0.000000
14.2112,0.000000
14.2212,0.000000
14.2312,0.000000
14.2412,0.016813
14.2512,0.000000
14.2612,0.005409
14.2712,0.000000
14.2812,0.021581
14.2912,0.000000
14.3012,0.004351
14.3112,0.034887
14.3212,0.022747
14.3312,0.000000
14.3412,0.000000
14.3512,0.000000
14.3612,0.007648
14.3712,0.000000
14.3812,0.000000
14.3912,0.022008
14.4012,0.000000
14.4112,0.034494
14.4212,0.001361
14.4312,0.026780
14.4412,0.005360
14.4512,0.014444
14.4612,0.000000
14.4712,0.000000
14.4812,0.006896
14.4912,0.014828
14.5012,0.000604
14.5112,0.000000
14.5212,0.000000
14.5312,0.000000
14.5412,0.000000
14.5512,0.001642
14.5612,0.016876
14.5712,0.000000
14.5812,0.000000
14.5912,0.000000
14.6012,0.000000
14.6112,0.031440
14.6212,0.000000
14.6312,0.000000
14.6412,0.025588
14.6512,0.006750
14.6612,0.008450
14.6712,0.001719
14.6812,0.004949
14.6912,0.011664
14.7012,0.000000
14.7112,0.013171
14.7212,0.000000
14.7312,0.004926
14.7412,0.002681
14.7512,0.000000
14.7612,0.000000
14.7712,0.000000
14.7812,0.000000
14.7912,0.000000
14.8012,0.000000
14.8112,0.004842
14.8212,0.000000
14.8312,0.010680
14.8412,0.000000
14.8512,0.000000
14.8612,0.000000
14.8712,0.019877
14.8812,0.004954
14.8912,0.000000
14.9012,0.007481
14.9112,0.000000
14.9212,0.000000
14.9312,0.029963
14.9412,0.001985
14.9512,0.001019
14.9612,0.008222
14.9712,0.013434
14.9812,0.000000
14.9912,0.000000
15.0013,0.003154
15.0113,0.000000
15.0213,0.019680
15.0313,0.000000
15.0413,0.000000
15.0513,0.000000
15.0613,0.000000
15.0713,0.000000
15.0813,0.000000
15.0913,0.000000
15.1013,0.016183
15.1113,0.017978
15.1213,0.000000
15.1313,0.000000
15.1413,0.009259
15.1513,0.008330
15.1613,0.004641
15.1713,0.014722
15.1813,0.000000
15.1913,0.030131
15.2013,0.000000
15.2113,0.011238
15.2213,0.000000
15.2313,0.000000
15.2413,0.022746
15.2513,0.000000
15.2613,0.012599
15.2713,0.003554
15.2813,0.000000
15.2913,0.020458
15.3013,0.000000
15.3113,0.000000
15.3213,0.000000
15.3313,0.008268
15.3413,0.005933
15.3513,0.000000
15.3613,0.000000
15.3713,0.000000
15.3813,0.000000
15.3913,0.000000
15.4013,0.000000
15.4113,0.000000
15.4213,0.011573
15.4313,0.012137
15.4413,0.000000
15.4513,0.000000
15.4613,0.002099
15.4713,0.000000
15.4813,0.000000
15.4913,0.000000
15.5013,0.000000
15.5113,0.000000
15.5213,0.002431
15.5313,0.010946
15.5413,0.000000
15.5513,0.000377
15.5613,0.000000
15.5713,0.005123
15.5813,0.000000
15.5913,0.000000
15.6013,0.000000
15.6113,0.000441
15.6213,0.015432
15.6313,0.000000
15.6413,0.005186
15.6513,0.017844
15.6613,0.000000
15.6713,0.008253
15.6813,0.000000
15.6913,0.000000
15.7013,0.000000
15.7113,0.000000
15.7213,0.014141
15.7313,0.000000
15.7413,0.000000
15.7513,0.000000
15.7613,0.000000
15.7713,0.000000
15.7813,0.000000
15.7913,0.005670
15.8013,0.006788
15.8113,0.004813
15.8213,0.003579
15.8313,0.023667
15.8413,0.000000
15.8513,0.000000
15.8613,0.016990
15.8713,0.018968
15.8813,0.000000
15.8913,0.000000
15.9013,0.020372
15.9113,0.007621
15.9213,0.002929
15.9313,0.000000
15.9413,0.000000
15.9513,0.004323
15.9613,0.000000
15.9713,0.000000
15.9813,0.001179
15.9913,0.000000
16.0013,0.007982
16.0113,0.043714
16.0213,0.000000
16.0313,0.004860
16.0413,0.000000
16.0513,0.008661
16.0613,0.000698
16.0713,0.011428
16.0813,0.017633
16.0913,0.002886
16.1013,0.016981
16.1113,0.000000
16.1213,0.023857
16.1313,0.005626
16.1413,0.016168
16.1513,0.000000
16.1613,0.000000
16.1713,0.002189
16.1813,0.000000
16.1913,0.004246
16.2014,0.016268
16.2114,0.000000
16.2214,0.014607
16.2314,0.000124
16.2414,0.000000
16.2514,0.000000
16.2614,0.007546
16.2714,0.000000
16.2814,0.009726
16.2914,0.000000
16.3014,0.000802
16.3114,0.000000
16.3214,0.017543
16.3314,0.000000
16.3414,0.000000
16.3514,0.000000
16.3614,0.019093
16.3714,0.008044
16.3814,0.000000
16.3914,0.000000
16.4014,0.000000
16.4114,0.005827
16.4214,0.000000
16.4314,0.011277
16.4414,0.001929
16.4514,0.035804
16.4614,0.000000
16.4714,0.000000
16.4814,0.026974
16.4914,0.017871
16.5014,0.000000
16.5114,0.003360
16.5214,0.000030
16.5314,0.004229
16.5414,0.000000
16.5514,0.000000
16.5614,0.000000
16.5714,0.002027
16.5814,0.006750
16.5914,0.000000
16.6014,0.000000
16.6114,0.014828
16.6214,0.005468
16.6314,0.000000
16.6414,0.000000
16.6514,0.000000
16.6614,0.000000
16.6714,0.000000
16.6814,0.018426
16.6914,0.000000
16.7014,0.009603
16.7114,0.000000
16.7214,0.003719
16.7314,0.000000
16.7414,0.013096
16.7514,0.000000
16.7614,0.000000
16.7714,0.000000
16.7814,0.000000
16.7914,0.000000
16.8014,0.006153
16.8114,0.000000
16.8214,0.035619
16.8314,0.000000
16.8414,0.003054
16.8514,0.000000
16.8614,0.000000
16.8714,0.002121
16.8814,0.000000
16.8914,0.003552
16.9014,0.028544
16.9114,0.000000
16.9214,0.003897
16.9314,0.015374
16.9414,0.000000
16.9514,0.000000
16.9614,0.000000
16.9714,0.009615
16.9814,0.000000
16.9914,0.000000
17.0014,0.001899
17.0114,0.000000
17.0214,0.000000
17.0314,0.009094
17.0414,0.000000
17.0514,0.015710
17.0614,0.000000
17.0714,0.000000
17.0814,0.028844
17.0914,0.016910
17.1014,0.001464
17.1114,0.000000
17.1214,0.000000
17.1314,0.001099
17.1414,0.000563
17.1514,0.000000
17.1614,0.000000
17.1714,0.000000
17.1814,0.000000
17.1914,0.000000
17.2014,0.013719
17.2114,0.000000
17.2214,0.000000
17.2314,0.000000
17.2414,0.001670
17.2514,0.000000
17.2614,0.022161
17.2714,0.007599
17.2814,0.000000
17.2914,0.010068
17.3014,0.000000
17.3114,0.000000
17.3214,0.004707
17.3314,0.000000
17.3414,0.013393
17.3514,0.000000
17.3614,0.000000
17.3714,0.000000
17.3814,0.000000
17.3914,0.016488
17.4015,0.009432
17.4115,0.025649
17.4215,0.034015
17.4315,0.000000
17.4415,0.001056
17.4515,0.000000
17.4615,0.000000
17.4715,0.000000
17.4815,0.000000
17.4915,0.000000
17.5015,0.000000
17.5115,0.000000
17.5215,0.012632
17.5315,0.000000
17.5415,0.042144
17.5515,0.000000
17.5615,0.001080
17.5715,0.000000
17.5815,0.025591
17.5915,0.016793
17.6015,0.004454
17.6115,0.000000
17.6215,0.003160
17.6315,0.000000
17.6415,0.021935
17.6515,0.012138
17.6615,0.001432
17.6715,0.000000
17.6815,0.000000
17.6915,0.010316
17.7015,0.018193
17.7115,0.016638
17.7215,0.000000
17.7315,0.004523
17.7415,0.015233
17.7515,0.000000
17.7615,0.000000
17.7715,0.004108
17.7815,0.000000
17.7915,0.000000
17.8015,0.000000
17.8115,0.000000
17.8215,0.000000
17.8315,0.000000
17.8415,0.000000
17.8515,0.000000
17.8615,0.006637
17.8715,0.000000
17.8815,0.000000
17.8915,0.001385
17.9015,0.000000
17.9115,0.007156
17.9215,0.000000
17.9315,0.000595
17.9415,0.014411
17.9515,0.000000
17.9615,0.000000
17.9715,0.004107
17.9815,0.000000
17.9915,0.002553
18.0015,0.000000
18.0115,0.009965
18.0215,0.013990
18.0315,0.007260
18.0415,0.000000
18.0515,0.000000
18.0615,0.011539
18.0715,0.018326
18.0815,0.009668
18.0915,0.000000
18.1015,0.010107
18.1115,0.012908
18.1215,0.023382
18.1315,0.000000
18.1415,0.000000
18.1515,0.011209
18.1615,0.000861
18.1715,0.000000
18.1815,0.006219
18.1915,0.008680
18.2015,0.001319
18.2115,0.003294
18.2215,0.000000
18.2315,0.022174
18.2415,0.000000
18.2515,0.000000
18.2615,0.000165
18.2715,0.013184
18.2815,0.000000
18.2915,0.000000
18.3015,0.000000
18.3115,0.000490
18.3215,0.000000
18.3315,0.000000
18.3415,0.009921
18.3515,0.000000
18.3615,0.003469
18.3715,0.000000
18.3815,0.010082
18.3915,0.007127
18.4015,0.000000
18.4115,0.000000
18.4215,0.015656
18.4315,0.005901
18.4415,0.000000
18.4515,0.009834
18.4615,0.000000
18.4715,0.021188
18.4815,0.015361
18.4915,0.004348
18.5015,0.002358
18.5115,0.000000
18.5215,0.010178
18.5315,0.000000
18.5415,0.003534
18.5515,0.013079
18.5615,0.000000
18.5715,0.000000
18.5815,0.000000
18.5915,0.000000
18.6016,0.000000
18.6116,0.010947
18.6216,0.027134
18.6316,0.021380
18.6416,0.000000
18.6516,0.010873
18.6616,0.021332
18.6716,0.000000
18.6816,0.001522
18.6916,0.000000
18.7016,0.004001
18.7116,0.000000
18.7216,0.002995
18.7316,0.000000
18.7416,0.008143
18.7516,0.015368
18.7616,0.000000
18.7716,0.000000
18.7816,0.000000
18.7916,0.000000
18.8016,0.000000
18.8116,0.000000
18.8216,0.006795
18.8316,0.000000
18.8416,0.000000
18.8516,0.000000
18.8616,0.016070
18.8716,0.009044
18.8816,0.000000
18.8916,0.009287
18.9016,0.000000
18.9116,0.000486
18.9216,0.002210
18.9316,0.000000
18.9416,0.006532
18.9516,0.000000
18.9616,0.007647
18.9716,0.008278
18.9816,0.000000
18.9916,0.017855
19.0016,0.000000
19.0116,0.000000
19.0216,0.015380
19.0316,0.000000
19.0416,0.000000
19.0516,0.000000
19.0616,0.015404
19.0716,0.000000
19.0816,0.016935
19.0916,0.000000
19.1016,0.000000
19.1116,0.000000
19.1216,0.000000
19.1316,0.012993
19.1416,0.010986
19.1516,0.000000
19.1616,0.000000
19.1716,0.000000
19.1816,0.019403
19.1916,0.000000
19.2016,0.024063
19.2116,0.000000
19.2216,0.000000
19.2316,0.000000
19.2416,0.000000
19.2516,0.000000
19.2616,0.001422
19.2716,0.000000
19.2816,0.000000
19.2916,0.000000
19.3016,0.000000
19.3116,0.000000
19.3216,0.000000
19.3316,0.000000
19.3416,0.030014
19.3516,0.000846
19.3616,0.003681
19.3716,0.000000
19.3816,0.000000
19.3916,0.003230
19.4016,0.000000
19.4116,0.013621
19.4216,0.000000
19.4316,0.000000
19.4416,0.000000
19.4516,0.002465
19.4616,0.000000
19.4716,0.000000
19.4816,0.000000
19.4916,0.000000
19.5016,0.007276
19.5116,0.003576
19.5216,0.000000
19.5316,0.000000
19.5416,0.011948
19.5516,0.000000
19.5616,0.000000
19.5716,0.001570
19.5816,0.025449
19.5916,0.000000
19.6016,0.011548
19.6116,0.000000
19.6216,0.003259
19.6316,0.023626
19.6416,0.007330
19.6516,0.002559
19.6616,0.000000
19.6716,0.000466
19.6816,0.000000
19.6916,0.000000
19.7016,0.000000
19.7116,0.002976
19.7216,0.000000
19.7316,0.000000
19.7416,0.000000
19.7516,0.005861
19.7616,0.008180
19.7716,0.003475
19.7816,0.014478
19.7916,0.001318
19.8017,0.005880
19.8117,0.004558
19.8217,0.000000
19.8317,0.000000
19.8417,0.033212
19.8517,0.000000
19.8617,0.000000
19.8717,0.006510
19.8817,0.003778
19.8917,0.000000
19.9017,0.016840
19.9117,0.000000
19.9217,0.000000
19.9317,0.017832
19.9417,0.009385
19.9517,0.000000
19.9617,0.026658
19.9717,0.009882
19.9817,0.000000
19.9917,0.023853
20.0017,0.002389
20.0117,0.000000
20.0217,0.000000
20.0317,0.008728
20.0417,0.007149
20.0517,0.000220
20.0617,0.000000
20.0717,0.001949
20.0817,0.000000
20.0917,0.000000
20.1017,0.000000
20.1117,0.008477
20.1217,0.000000
20.1317,0.003081
20.1417,0.000000
20.1517,0.019624
20.1617,0.000000
20.1717,0.009892
20.1817,0.000000
20.1917,0.001706
20.2017,0.011053
20.2117,0.000000
20.2217,0.014948
20.2317,0.000000
20.2417,0.004419
20.2517,0.013840
20.2617,0.009901
20.2717,0.028747
20.2817,0.000000
20.2917,0.000000
20.3017,0.000000
20.3117,0.009907
20.3217,0.007469
20.3317,0.001534
20.3417,0.000000
20.3517,0.011503
20.3617,0.000000
20.3717,0.017384
20.3817,0.042862
20.3917,0.005497
20.4017,0.008747
20.4117,0.000000
20.4217,0.000000
20.4317,0.000000
20.4417,0.000000
20.4517,0.000000
20.4617,0.025835
20.4717,0.004093
20.4817,0.005695
20.4917,0.000000
20.5017,0.000000
20.5117,0.014468
20.5217,0.000000
20.5317,0.007960
20.5417,0.000000
20.5517,0.000000
20.5617,0.000000
20.5717,0.000000
20.5817,0.000000
20.5917,0.000847
20.6017,0.000000
20.6117,0.000000
20.6217,0.000806
20.6317,0.000000
20.6417,0.000000
20.6517,0.006109
20.6617,0.005806
20.6717,0.000000
20.6817,0.002377
20.6917,0.015336
20.7017,0.011656
20.7117,0.000000
20.7217,0.000000
20.7317,0.000000
20.7417,0.007017
20.7517,0.002927
20.7617,0.009441
20.7717,0.001978
20.7817,0.012281
20.7917,0.001419
20.8017,0.011770
20.8117,0.013062
20.8217,0.000000
20.8317,0.000000
20.8417,0.023152
20.8517,0.003850
20.8617,0.000000
20.8717,0.000000
20.8817,0.011578
20.8917,0.000000
20.9017,0.000000
20.9117,0.021013
20.9217,0.000000
20.9317,0.000000
20.9417,0.003171
20.9517,0.005857
20.9617,0.007445
20.9717,0.013669
20.9817,0.002979
20.9917,0.007341
21.0018,0.000000
21.0118,0.000940
21.0218,0.001613
21.0318,0.003226
21.0418,0.011588
21.0518,0.008327
21.0618,0.000663
21.0718,0.000000
21.0818,0.001015
21.0918,0.000000
21.1018,0.002898
21.1118,0.033098
21.1218,0.000000
21.1318,0.006334
21.1418,0.016027
21.1518,0.001470
21.1618,0.035068
21.1718,0.000000
21.1818,0.004861
21.1918,0.000000
21.2018,0.000000
21.2118,0.003734
21.2218,0.012695
21.2318,0.004786
21.2418,0.018887
21.2518,0.000000
21.2618,0.000000
21.2718,0.040560
21.2818,0.005914
21.2918,0.000000
21.3018,0.000000
21.3118,0.000000
21.3218,0.014049
21.3318,0.000000
21.3418,0.001910
21.3518,0.000000
21.3618,0.010972
21.3718,0.000000
21.3818,0.000000
21.3918,0.003364
21.4018,0.009014
21.4118,0.004988
21.4218,0.000000
21.4318,0.010162
21.4418,0.000000
21.4518,0.000000
21.4618,0.000000
21.4718,0.019517
21.4818,0.009501
21.4918,0.009075
21.5018,0.018708
21.5118,0.042190
21.5218,0.000000
21.5318,0.000000
21.5418,0.000000
21.5518,0.000000
21.5618,0.000000
21.5718,0.000000
21.5818,0.000000
21.5918,0.005026
21.6018,0.000775
21.6118,0.007215
21.6218,0.007616
21.6318,0.009045
21.6418,0.000000
21.6518,0.031817
21.6618,0.003516
21.6718,0.000000
21.6818,0.000000
21.6918,0.000000
21.7018,0.000260
21.7118,0.000000
21.7218,0.000000
21.7318,0.030164
21.7418,0.008235
21.7518,0.010891
21.7618,0.000000
21.7718,0.000000
21.7818,0.000552
21.7918,0.002595
21.8018,0.000000
21.8118,0.000000
21.8218,0.000211
21.8318,0.000000
21.8418,0.000000
21.8518,0.000000
21.8618,0.000000
21.8718,0.001362
21.8818,0.009072
21.8918,0.016213
21.9018,0.000000
21.9118,0.000000
21.9218,0.006565
21.9318,0.009163
21.9418,0.000000
21.9518,0.011856
21.9618,0.014694
21.9718,0.019375
21.9818,0.026675
21.9918,0.000000
22.0018,0.000208
22.0118,0.000169
22.0218,0.000000
22.0318,0.000000
22.0418,0.000000
22.0518,0.001390
22.0618,0.000000
22.0718,0.001290
22.0818,0.000000
22.0918,0.000000
22.1018,0.003514
22.1118,0.002264
22.1218,0.008689
22.1318,0.032788
22.1418,0.004159
22.1518,0.007276
22.1618,0.000000
22.1718,0.000000
22.1818,0.023742
22.1918,0.000000
22.2019,0.000000
22.2119,0.000000
22.2219,0.000000
22.2319,0.000000
22.2419,0.000000
22.2519,0.018441
22.2619,0.000000
22.2719,0.000000
22.2819,0.014139
22.2919,0.007384
22.3019,0.000000
22.3119,0.000000
22.3219,0.000000
22.3319,0.000000
22.3419,0.017485
22.3519,0.000000
22.3619,0.000000
22.3719,0.010127
22.3819,0.000000
22.3919,0.015507
22.4019,0.000000
22.4119,0.004980
22.4219,0.003700
22.4319,0.016269
22.4419,0.008264
22.4519,0.000000
22.4619,0.000000
22.4719,0.002073
22.4819,0.000000
22.4919,0.007164
22.5019,0.011840
22.5119,0.009127
22.5219,0.000000
22.5319,0.000000
22.5419,0.000000
22.5519,0.006246
22.5619,0.000000
22.5719,0.009469
22.5819,0.013626
22.5919,0.001903
22.6019,0.000000
22.6119,0.000000
22.6219,0.028293
22.6319,0.000000
22.6419,0.000000
22.6519,0.018529
22.6619,0.000200
22.6719,0.016574
22.6819,0.004154
22.6919,0.006878
22.7019,0.005445
22.7119,0.010462
22.7219,0.034161
22.7319,0.014565
22.7419,0.000000
22.7519,0.006700
22.7619,0.017122
22.7719,0.018041
22.7819,0.000000
22.7919,0.017474
22.8019,0.013916
22.8119,0.038588
22.8219,0.000000
22.8319,0.000000
22.8419,0.000000
22.8519,0.000000
22.8619,0.000000
22.8719,0.000000
22.8819,0.000000
22.8919,0.005540
22.9019,0.000000
22.9119,0.029031
22.9219,0.000201
22.9319,0.019365
22.9419,0.003921
22.9519,0.012396
22.9619,0.004189
22.9719,0.020532
22.9819,0.000839
22.9919,0.007442
23.0019,0.005495
23.0119,0.000000
23.0219,0.006075
23.0319,0.033516
23.0419,0.000000
23.0519,0.006292
23.0619,0.018867
23.0719,0.017104
23.0819,0.000176
23.0919,0.000000
23.1019,0.007751
23.1119,0.000000
23.1219,0.022049
23.1319,0.002542
23.1419,0.014995
23.1519,0.000000
23.1619,0.000000
23.1719,0.003911
23.1819,0.000000
23.1919,0.000000
23.2019,0.001270
23.2119,0.041512
23.2219,0.012518
23.2319,0.015742
23.2419,0.012659
23.2519,0.022192
23.2619,0.000000
23.2719,0.000000
23.2819,0.000000
23.2919,0.012176
23.3019,0.000000
23.3119,0.000000
23.3219,0.000000
23.3319,0.022530
23.3419,0.011242
23.3519,0.009773
23.3619,0.009324
23.3719,0.000000
23.3819,0.002963
23.3919,0.000000
23.4020,0.000000
23.4120,0.002251
23.4220,0.004860
23.4320,0.018139
23.4420,0.023570
23.4520,0.023550
23.4620,0.000000
23.4720,0.000000
23.4820,0.007205
23.4920,0.037979
23.5020,0.022201
23.5120,0.016791
23.5220,0.000000
23.5320,0.000000
23.5420,0.011834
23.5520,0.000000
23.5620,0.000000
23.5720,0.000000
23.5820,0.023894
23.5920,0.000000
23.6020,0.000000
23.6120,0.007567
23.6220,0.000000
23.6320,0.000639
23.6420,0.000000
23.6520,0.000000
23.6620,0.011855
23.6720,0.000000
23.6820,0.000000
23.6920,0.010261
23.7020,0.000000
23.7120,0.000000
23.7220,0.010028
23.7320,0.016846
23.7420,0.000000
23.7520,0.000000
23.7620,0.010590
23.7720,0.000000
23.7820,0.004632
23.7920,0.000000
23.8020,0.000000
23.8120,0.000000
23.8220,0.000000
23.8320,0.000000
23.8420,0.008831
23.8520,0.000000
23.8620,0.014703
23.8720,0.004218
23.8820,0.000000
23.8920,0.000000
23.9020,0.000000
23.9120,0.004361
23.9220,0.000000
23.9320,0.000000
23.9420,0.000000
23.9520,0.000000
23.9620,0.023635
23.9720,0.000000
23.9820,0.000000
23.9920,0.016650
24.0020,0.020351
24.0120,0.000000
24.0220,0.000000
24.0320,0.009244
24.0420,0.000000
24.0520,0.000882
24.0620,0.067564
24.0720,0.143604
24.0820,0.163117
24.0920,0.218234
24.1020,0.212755
24.1120,0.207607
24.1220,0.148861
24.1320,0.140046
24.1420,0.151696
24.1520,0.086878
24.1620,0.111735
24.1720,0.068893
24.1820,0.074750
24.1920,0.059764
24.2020,0.040309
24.2120,0.032224
24.2220,0.044347
24.2320,0.049225
24.2420,0.027217
24.2520,0.025784
24.2620,0.029492
24.2720,0.003089
24.2820,0.025979
24.2920,0.024810
24.3020,0.049571
24.3120,0.003181
24.3220,0.000523
24.3320,0.017726
24.3420,0.017467
24.3520,0.000000
24.3620,0.000000
24.3720,0.011141
24.3820,0.000000
24.3920,0.000000
24.4020,0.003103
24.4120,0.016406
24.4220,0.000000
24.4320,0.000000
24.4420,0.000000
24.4520,0.000000
24.4620,0.000000
24.4720,0.000000
24.4820,0.000000
24.4920,0.000000
24.5020,0.000000
24.5120,0.000000
24.5220,0.020036
24.5320,0.010095
24.5420,0.000380
24.5520,0.000000
24.5620,0.000000
24.5720,0.004996
24.5820,0.008829
24.5920,0.000000
24.6021,0.000593
24.6121,0.000000
24.6221,0.003208
24.6321,0.011459
24.6421,0.000000
24.6521,0.027266
24.6621,0.000000
24.6721,0.003274
24.6821,0.000000
24.6921,0.000000
24.7021,0.000000
24.7121,0.001613
24.7221,0.012725
24.7321,0.020670
24.7421,0.000000
24.7521,0.012233
24.7621,0.000000
24.7721,0.011491
24.7821,0.000000
24.7921,0.016361
24.8021,0.033161
24.8121,0.000000
24.8221,0.000000
24.8321,0.000000
24.8421,0.018479
24.8521,0.008297
24.8621,0.003734
24.8721,0.015130
24.8821,0.007267
24.8921,0.018266
24.9021,0.013792
24.9121,0.022826
24.9221,0.005382
24.9321,0.013579
24.9421,0.000000
24.9521,0.000000
24.9621,0.025602
24.9721,0.003243
24.9821,0.012073
24.9921,0.001856
25.0021,0.000000
25.0121,0.000165
25.0221,0.021540
25.0321,0.008329
25.0421,0.000000
25.0521,0.000000
25.0621,0.026734
25.0721,0.000000
25.0821,0.000000
25.0921,0.028396
25.1021,0.010236
25.1121,0.000000
25.1221,0.000000
25.1321,0.016235
25.1421,0.000000
25.1521,0.017224
25.1621,0.008133
25.1721,0.003670
25.1821,0.002183
25.1921,0.000000
25.2021,0.015685
25.2121,0.000000
25.2221,0.000000
25.2321,0.009217
25.2421,0.009469
25.2521,0.007204
25.2621,0.006116
25.2721,0.000000
25.2821,0.011812
25.2921,0.000000
25.3021,0.000000
25.3121,0.000000
25.3221,0.030310
25.3321,0.000000
25.3421,0.007497
25.3521,0.000000
25.3621,0.000000
25.3721,0.000000
25.3821,0.000000
25.3921,0.005836
25.4021,0.000000
25.4121,0.000000
25.4221,0.012594
25.4321,0.021525
25.4421,0.022352
25.4521,0.005384
25.4621,0.000691
25.4721,0.019922
25.4821,0.025236
25.4921,0.017004
25.5021,0.000000
25.5121,0.003020
25.5221,0.006593
25.5321,0.000000
25.5421,0.007040
25.5521,0.034095
25.5621,0.009599
25.5721,0.022101
25.5821,0.002744
25.5921,0.000000
25.6021,0.005719
25.6121,0.000000
25.6221,0.000000
25.6321,0.018995
25.6421,0.020585
25.6521,0.000000
25.6621,0.014520
25.6721,0.000000
25.6821,0.005097
25.6921,0.006903
25.7021,0.014915
25.7121,0.001241
25.7221,0.021152
25.7321,0.004641
25.7421,0.009363
25.7521,0.000000
25.7621,0.032380
25.7721,0.007047
25.7821,0.010695
25.7921,0.000000
25.8022,0.000000
25.8122,0.018568
25.8222,0.004303
25.8322,0.000000
25.8422,0.015574
25.8522,0.000000
25.8622,0.021170
25.8722,0.000000
25.8822,0.003071
25.8922,0.017684
25.9022,0.000000
25.9122,0.000000
25.9222,0.000000
25.9322,0.012408
25.9422,0.000000
25.9522,0.000000
25.9622,0.012356
25.9722,0.000000
25.9822,0.000000
25.9922,0.000000
26.0022,0.000000
26.0122,0.000000
26.0222,0.013956
26.0322,0.000000
26.0422,0.024861
26.0522,0.000000
26.0622,0.000000
26.0722,0.023060
26.0822,0.003172
26.0922,0.000000
26.1022,0.000000
26.1122,0.020296
26.1222,0.021993
26.1322,0.000000
26.1422,0.000000
26.1522,0.001352
26.1622,0.000000
26.1722,0.000000
26.1822,0.000080
26.1922,0.017103
26.2022,0.018111
26.2122,0.000000
26.2222,0.000000
26.2322,0.009964
26.2422,0.000000
26.2522,0.008830
26.2622,0.000000
26.2722,0.000000
26.2822,0.000000
26.2922,0.021706
26.3022,0.000000
26.3122,0.024605
26.3222,0.000000
26.3322,0.004368
26.3422,0.035890
26.3522,0.000000
26.3622,0.000000
26.3722,0.019299
26.3822,0.000000
26.3922,0.000000
26.4022,0.000000
26.4122,0.004022
26.4222,0.000000
26.4322,0.000000
26.4422,0.006747
26.4522,0.000000
26.4622,0.000000
26.4722,0.000000
26.4822,0.000000
26.4922,0.000000
26.5022,0.001782
26.5122,0.000000
26.5222,0.000000
26.5322,0.000000
26.5422,0.000000
26.5522,0.010366
26.5622,0.021540
26.5722,0.000000
26.5822,0.007278
26.5922,0.000000
26.6022,0.005482
26.6122,0.023487
26.6222,0.007630
26.6322,0.000000
26.6422,0.006810
26.6522,0.018493
26.6622,0.000000
26.6722,0.014935
26.6822,0.000000
26.6922,0.000000
26.7022,0.002118
26.7122,0.000000
26.7222,0.000000
26.7322,0.019303
26.7422,0.000000
26.7522,0.000000
26.7622,0.000000
26.7722,0.000000
26.7822,0.000000
26.7922,0.020987
26.8022,0.014315
26.8122,0.007429
26.8222,0.002184
26.8322,0.005898
26.8422,0.000000
26.8522,0.012858
26.8622,0.000000
26.8722,0.012531
26.8822,0.017792
26.8922,0.003163
26.9022,0.000000
26.9122,0.006005
26.9222,0.000000
26.9322,0.004534
26.9422,0.000000
26.9522,0.000000
26.9622,0.010598
26.9722,0.000000
26.9822,0.000000
26.9922,0.000000
27.0023,0.001013
27.0123,0.001724
27.0223,0.002429
27.0323,0.015591
27.0423,0.000000
27.0523,0.002636
27.0623,0.019349
27.0723,0.000000
27.0823,0.002695
27.0923,0.000000
27.1023,0.000000
27.1123,0.000000
27.1223,0.000000
27.1323,0.027619
27.1423,0.000000
27.1523,0.000000
27.1623,0.000000
27.1723,0.025911
27.1823,0.000000
27.1923,0.000000
27.2023,0.000000
27.2123,0.000000
27.2223,0.000000
27.2323,0.036874
27.2423,0.020881
27.2523,0.000000
27.2623,0.009714
27.2723,0.000000
27.2823,0.000000
27.2923,0.015293
27.3023,0.017401
27.3123,0.015691
27.3223,0.000000
27.3323,0.000000
27.3423,0.011246
27.3523,0.005872
27.3623,0.000000
27.3723,0.000000
27.3823,0.001708
27.3923,0.016185
27.4023,0.000000
27.4123,0.009581
27.4223,0.004973
27.4323,0.011252
27.4423,0.013080
27.4523,0.000000
27.4623,0.000000
27.4723,0.000000
27.4823,0.013337
27.4923,0.000000
27.5023,0.000000
27.5123,0.000000
27.5223,0.026290
27.5323,0.012386
27.5423,0.011548
27.5523,0.014516
27.5623,0.008651
27.5723,0.000000
27.5823,0.000000
27.5923,0.000000
27.6023,0.039521
27.6123,0.008339
27.6223,0.000000
27.6323,0.006982
27.6423,0.000000
27.6523,0.022568
27.6623,0.000000
27.6723,0.007516
27.6823,0.015990
27.6923,0.005772
27.7023,0.001417
27.7123,0.000162
27.7223,0.000000
27.7323,0.000000
27.7423,0.000000
27.7523,0.022194
27.7623,0.000000
27.7723,0.000000
27.7823,0.000000
27.7923,0.016506
27.8023,0.010134
27.8123,0.008405
27.8223,0.000000
27.8323,0.008600
27.8423,0.000000
27.8523,0.000000
27.8623,0.014547
27.8723,0.013114
27.8823,0.000000
27.8923,0.000000
27.9023,0.001631
27.9123,0.025892
27.9223,0.000000
27.9323,0.004175
27.9423,0.000000
27.9523,0.000000
27.9623,0.000000
27.9723,0.000000
27.9823,0.000000
27.9923,0.000108
28.0023,0.000000
28.0123,0.000000
28.0223,0.011698
28.0323,0.011293
28.0423,0.012648
28.0523,0.000000
28.0623,0.004484
28.0723,0.010140
28.0823,0.000000
28.0923,0.000138
28.1023,0.000000
28.1123,0.027632
28.1223,0.028867
28.1323,0.000000
28.1423,0.037409
28.1523,0.000000
28.1623,0.014710
28.1723,0.014557
28.1823,0.000000
28.1923,0.007399
28.2024,0.000000
28.2124,0.008315
28.2224,0.003460
28.2324,0.017945
28.2424,0.001131
28.2524,0.000000
28.2624,0.016441
28.2724,0.008706
28.2824,0.010977
28.2924,0.000000
28.3024,0.000000
28.3124,0.000000
28.3224,0.000000
28.3324,0.011793
28.3424,0.014640
28.3524,0.000000
28.3624,0.021464
28.3724,0.020527
28.3824,0.003651
28.3924,0.000000
28.4024,0.023631
28.4124,0.000000
28.4224,0.001892
28.4324,0.000000
28.4424,0.000000
28.4524,0.000000
28.4624,0.009493
28.4724,0.000000
28.4824,0.045893
28.4924,0.000000
28.5024,0.000000
28.5124,0.007652
28.5224,0.022940
28.5324,0.000969
28.5424,0.008584
28.5524,0.000000
28.5624,0.000000
28.5724,0.000000
28.5824,0.000000
28.5924,0.001755
28.6024,0.000000
28.6124,0.000000
28.6224,0.000000
28.6324,0.000000
28.6424,0.005946
28.6524,0.004584
28.6624,0.013407
28.6724,0.011286
28.6824,0.017112
28.6924,0.000000
28.7024,0.004552
28.7124,0.007673
28.7224,0.002125
28.7324,0.000000
28.7424,0.000000
28.7524,0.000000
28.7624,0.006324
28.7724,0.000000
28.7824,0.000000
28.7924,0.000000
28.8024,0.000000
28.8124,0.014683
28.8224,0.001179
28.8324,0.000000
28.8424,0.012128
28.8524,0.000000
28.8624,0.000000
28.8724,0.015318
28.8824,0.000000
28.8924,0.000000
28.9024,0.000618
28.9124,0.017139
28.9224,0.000301
28.9324,0.000000
28.9424,0.008158
28.9524,0.000000
28.9624,0.028319
28.9724,0.000000
28.9824,0.000000
28.9924,0.005360
29.0024,0.029169
29.0124,0.023639
29.0224,0.027464
29.0324,0.000000
29.0424,0.013682
29.0524,0.000000
29.0624,0.003364
29.0724,0.000000
29.0824,0.000000
29.0924,0.000000
29.1024,0.013478
29.1124,0.012011
29.1224,0.004152
29.1324,0.000000
29.1424,0.000000
29.1524,0.000000
29.1624,0.013045
29.1724,0.017673
29.1824,0.015846
29.1924,0.000000
29.2024,0.000000
29.2124,0.000000
29.2224,0.021324
29.2324,0.000000
29.2424,0.000000
29.2524,0.024640
29.2624,0.018977
29.2724,0.000367
29.2824,0.000000
29.2924,0.000000
29.3024,0.003407
29.3124,0.024001
29.3224,0.006337
29.3324,0.010890
29.3424,0.017539
29.3524,0.000000
29.3624,0.011323
29.3724,0.000000
29.3824,0.000000
29.3924,0.000000
29.4025,0.000000
29.4125,0.007968
29.4225,0.001707
29.4325,0.002766
29.4425,0.029264
29.4525,0.000000
29.4625,0.000000
29.4725,0.004567
29.4825,0.000000
29.4925,0.000425
29.5025,0.000000
29.5125,0.021149
29.5225,0.000000
29.5325,0.030471
29.5425,0.000000
29.5525,0.015421
29.5625,0.000000
29.5725,0.000000
29.5825,0.000000
29.5925,0.001787
29.6025,0.004770
29.6125,0.000000
29.6225,0.000000
29.6325,0.000000
29.6425,0.034495
29.6525,0.000000
29.6625,0.023178
29.6725,0.000000
29.6825,0.003889
29.6925,0.000000
29.7025,0.000000
29.7125,0.003158
29.7225,0.023790
29.7325,0.003330
29.7425,0.020756
29.7525,0.009611
29.7625,0.024411
29.7725,0.000000
29.7825,0.035853
29.7925,0.000000
29.8025,0.000000
29.8125,0.000000
29.8225,0.034965
29.8325,0.012292
29.8425,0.000000
29.8525,0.018735
29.8625,0.010315
29.8725,0.029492
29.8825,0.000000
29.8925,0.000000
29.9025,0.000000
29.9125,0.000000
29.9225,0.015905
29.9325,0.000000
29.9425,0.011094
29.9525,0.035397
29.9625,0.000000
29.9725,0.000000
29.9825,0.001780
29.9925,0.014809
30.0025,0.000000
30.0125,0.000000
30.0225,0.015858
30.0325,0.005680
30.0425,0.000000
30.0525,0.000000
30.0625,0.022519
30.0725,0.006029
30.0825,0.000000
30.0925,0.000000
30.1025,0.000199
30.1125,0.011036
30.1225,0.000000
30.1325,0.000000
30.1425,0.004094
30.1525,0.000000
30.1625,0.008578
30.1725,0.000000
30.1825,0.005357
30.1925,0.016374
30.2025,0.007302
30.2125,0.002087
30.2225,0.000000
30.2325,0.000000
30.2425,0.000000
30.2525,0.018896
30.2625,0.000000
30.2725,0.000000
30.2825,0.000000
30.2925,0.003013
30.3025,0.000000
30.3125,0.007280
30.3225,0.007843
30.3325,0.013335
30.3425,0.021353
30.3525,0.014938
30.3625,0.000000
30.3725,0.000000
30.3825,0.000000
30.3925,0.000000
30.4025,0.000000
30.4125,0.000000
30.4225,0.000000
30.4325,0.000000
30.4425,0.000000
30.4525,0.017677
30.4625,0.002989
30.4725,0.037077
30.4825,0.002558
30.4925,0.000000
30.5025,0.000062
30.5125,0.003847
30.5225,0.006529
30.5325,0.031151
30.5425,0.000000
30.5525,0.012886
30.5625,0.003116
30.5725,0.000000
30.5825,0.011560
30.5925,0.019014
30.6026,0.000000
30.6126,0.000000
30.6226,0.000000
30.6326,0.000000
30.6426,0.015720
30.6526,0.000000
30.6626,0.000000
30.6726,0.003442
30.6826,0.000000
30.6926,0.000000
30.7026,0.011090
30.7126,0.000000
30.7226,0.000000
30.7326,0.002311
30.7426,0.014541
30.7526,0.018572
30.7626,0.000000
30.7726,0.014061
30.7826,0.000000
30.7926,0.027393
30.8026,0.000000
30.8126,0.019927
30.8226,0.000000
30.8326,0.030199
30.8426,0.008870
30.8526,0.000000
30.8626,0.000000
30.8726,0.011718
30.8826,0.015790
30.8926,0.000000
30.9026,0.000670
30.9126,0.011375
30.9226,0.001977
30.9326,0.000000
30.9426,0.000000
30.9526,0.003527
30.9626,0.018232
30.9726,0.024240
30.9826,0.011693
30.9926,0.004309
31.0026,0.011232
31.0126,0.000000
31.0226,0.000000
31.0326,0.000000
31.0426,0.000000
31.0526,0.005003
31.0626,0.002783
31.0726,0.010315
31.0826,0.008192
31.0926,0.003640
31.1026,0.008349
31.1126,0.000000
31.1226,0.006193
31.1326,0.000000
31.1426,0.005546
31.1526,0.010026
31.1626,0.000000
31.1726,0.000777
31.1826,0.000000
31.1926,0.000000
31.2026,0.000000
31.2126,0.018987
31.2226,0.015985
31.2326,0.008062
31.2426,0.029583
31.2526,0.000000
31.2626,0.045476
31.2726,0.000000
31.2826,0.003828
31.2926,0.000000
31.3026,0.005585
31.3126,0.012534
31.3226,0.000000
31.3326,0.026651
31.3426,0.003587
31.3526,0.004057
31.3626,0.000000
31.3726,0.006277
31.3826,0.000000
31.3926,0.000000
31.4026,0.000000
31.4126,0.040076
31.4226,0.000000
31.4326,0.000000
31.4426,0.000000
31.4526,0.000000
31.4626,0.008200
31.4726,0.008322
31.4826,0.010149
31.4926,0.000000
31.5026,0.005107
31.5126,0.000000
31.5226,0.000000
31.5326,0.000000
31.5426,0.000000
31.5526,0.015963
31.5626,0.010329
31.5726,0.014650
31.5826,0.000590
31.5926,0.011652
31.6026,0.000000
31.6126,0.012946
31.6226,0.002657
31.6326,0.009407
31.6426,0.005700
31.6526,0.000000
31.6626,0.000000
31.6726,0.000000
31.6826,0.008474
31.6926,0.010351
31.7026,0.000000
31.7126,0.000000
31.7226,0.000000
31.7326,0.000000
31.7426,0.000000
31.7526,0.000000
31.7626,0.000000
31.7726,0.001294
31.7826,0.000000
31.7926,0.000000
31.8027,0.015878
31.8127,0.000000
31.8227,0.000000
31.8327,0.015371
31.8427,0.000000
31.8527,0.000000
31.8627,0.017452
31.8727,0.000000
31.8827,0.016567
31.8927,0.006434
31.9027,0.000000
31.9127,0.007195
31.9227,0.004807
31.9327,0.015313
31.9427,0.000000
31.9527,0.000618
31.9627,0.000000
31.9727,0.010562
31.9827,0.000000
31.9927,0.015255
32.0027,0.006995
32.0127,0.000000
32.0227,0.018124
32.0327,0.033511
32.0427,0.015028
32.0527,0.021405
32.0627,0.001281
32.0727,0.000000
32.0827,0.000000
32.0927,0.003826
32.1027,0.000000
32.1127,0.000000
32.1227,0.000000
32.1327,0.009234
32.1427,0.000000
32.1527,0.000000
32.1627,0.022648
32.1727,0.000000
32.1827,0.013046
32.1927,0.000000
32.2027,0.008187
32.2127,0.016460
32.2227,0.011119
32.2327,0.013637
32.2427,0.000000
32.2527,0.016705
32.2627,0.000000
32.2727,0.003893
32.2827,0.003874
32.2927,0.007277
32.3027,0.005054
32.3127,0.000000
32.3227,0.000000
32.3327,0.013085
32.3427,0.002788
32.3527,0.017241
32.3627,0.000000
32.3727,0.000000
32.3827,0.014492
32.3927,0.000000
32.4027,0.005130
32.4127,0.000000
32.4227,0.024665
32.4327,0.000000
32.4427,0.000000
32.4527,0.001612
32.4627,0.000000
32.4727,0.004958
32.4827,0.024179
32.4927,0.000000
32.5027,0.005927
32.5127,0.000000
32.5227,0.000000
32.5327,0.000000
32.5427,0.000000
32.5527,0.016222
32.5627,0.000000
32.5727,0.000000
32.5827,0.000000
32.5927,0.000000
32.6027,0.000000
32.6127,0.014416
32.6227,0.000000
32.6327,0.000000
32.6427,0.000000
32.6527,0.026154
32.6627,0.011529
32.6727,0.000000
32.6827,0.019568
32.6927,0.000000
32.7027,0.015136
32.7127,0.000000
32.7227,0.016099
32.7327,0.000000
32.7427,0.000000
32.7527,0.000000
32.7627,0.004160
32.7727,0.000000
32.7827,0.008309
32.7927,0.000000
32.8027,0.009306
32.8127,0.006633
32.8227,0.000000
32.8327,0.000000
32.8427,0.002273
32.8527,0.008254
32.8627,0.030927
32.8727,0.014091
32.8827,0.014640
32.8927,0.046328
32.9027,0.007739
32.9127,0.007270
32.9227,0.010560
32.9327,0.000000
32.9427,0.000000
32.9527,0.000000
32.9627,0.009714
32.9727,0.000000
32.9827,0.002073
32.9927,0.016312
33.0028,0.012947
33.0128,0.000000
33.0228,0.000000
33.0328,0.017029
33.0428,0.011608
33.0528,0.000000
33.0628,0.000000
33.0728,0.002483
33.0828,0.011682
33.0928,0.013652
33.1028,0.004259
33.1128,0.008779
33.1228,0.000962
33.1328,0.000000
33.1428,0.000000
33.1528,0.000285
33.1628,0.000000
33.1728,0.000000
33.1828,0.000000
33.1928,0.000843
33.2028,0.000000
33.2128,0.000000
33.2228,0.007320
33.2328,0.000000
33.2428,0.000000
33.2528,0.000000
33.2628,0.011462
33.2728,0.025313
33.2828,0.011732
33.2928,0.000000
33.3028,0.000000
33.3128,0.003850
33.3228,0.002664
33.3328,0.008090
33.3428,0.000000
33.3528,0.000974
33.3628,0.006305
33.3728,0.012385
33.3828,0.000000
33.3928,0.000000
33.4028,0.000000
33.4128,0.000000
33.4228,0.000000
33.4328,0.000000
33.4428,0.002484
33.4528,0.000000
33.4628,0.000000
33.4728,0.003233
33.4828,0.000000
33.4928,0.007285
33.5028,0.000000
33.5128,0.000450
33.5228,0.000000
33.5328,0.004547
33.5428,0.001870
33.5528,0.000000
33.5628,0.000000
33.5728,0.000000
33.5828,0.000000
33.5928,0.000000
33.6028,0.000000
33.6128,0.009378
33.6228,0.000000
33.6328,0.000000
33.6428,0.000000
33.6528,0.003388
33.6628,0.004873
33.6728,0.028176
33.6828,0.000000
33.6928,0.000000
33.7028,0.006392
33.7128,0.000000
33.7228,0.000000
33.7328,0.000000
33.7428,0.000000
33.7528,0.000000
33.7628,0.000000
33.7728,0.000000
33.7828,0.000000
33.7928,0.008757
33.8028,0.009016
33.8128,0.000000
33.8228,0.000000
33.8328,0.000000
33.8428,0.000000
33.8528,0.005985
33.8628,0.012374
33.8728,0.000000
33.8828,0.015778
33.8928,0.000000
33.9028,0.000000
33.9128,0.010645
33.9228,0.025067
33.9328,0.007401
33.9428,0.000000
33.9528,0.000000
33.9628,0.000000
33.9728,0.001941
33.9828,0.000000
33.9928,0.000000
34.0028,0.000983
34.0128,0.001727
34.0228,0.014166
34.0328,0.002049
34.0428,0.018426
34.0528,0.000120
34.0628,0.000000
34.0728,0.015965
34.0828,0.000000
34.0928,0.042217
34.1028,0.005629
34.1128,0.005712
34.1228,0.007876
34.1328,0.028157
34.1428,0.011888
34.1528,0.000000
34.1628,0.021052
34.1728,0.000000
34.1828,0.001607
34.1928,0.000000
34.2029,0.007893
34.2129,0.000000
34.2229,0.001503
34.2329,0.000000
34.2429,0.028875
34.2529,0.029734
34.2629,0.000698
34.2729,0.000960
34.2829,0.000000
34.2929,0.016590
34.3029,0.000000
34.3129,0.000000
34.3229,0.014679
34.3329,0.000000
34.3429,0.000000
34.3529,0.000000
34.3629,0.010563
34.3729,0.029113
34.3829,0.010818
34.3929,0.021927
34.4029,0.000000
34.4129,0.003545
34.4229,0.000000
34.4329,0.000000
34.4429,0.011583
34.4529,0.001527
34.4629,0.000000
34.4729,0.000000
34.4829,0.000000
34.4929,0.007372
34.5029,0.030958
34.5129,0.020437
34.5229,0.000000
34.5329,0.021316
34.5429,0.014046
34.5529,0.000000
34.5629,0.000000
34.5729,0.016433
34.5829,0.008257
34.5929,0.000000
34.6029,0.009161
34.6129,0.000000
34.6229,0.000000
34.6329,0.017069
34.6429,0.000276
34.6529,0.000000
34.6629,0.013340
34.6729,0.014621
34.6829,0.019651
34.6929,0.013115
34.7029,0.016221
34.7129,0.010994
34.7229,0.003983
34.7329,0.001343
34.7429,0.000000
34.7529,0.000000
34.7629,0.000000
34.7729,0.000000
34.7829,0.003622
34.7929,0.021612
34.8029,0.000000
34.8129,0.015052
34.8229,0.016190
34.8329,0.000000
34.8429,0.008920
34.8529,0.000000
34.8629,0.019832
34.8729,0.009538
34.8829,0.000000
34.8929,0.002423
34.9029,0.024722
34.9129,0.000000
34.9229,0.006716
34.9329,0.008188
34.9429,0.000000
34.9529,0.007661
34.9629,0.000000
34.9729,0.000000
34.9829,0.016136
34.9929,0.005351
35.0029,0.000000
35.0129,0.006697
35.0229,0.000000
35.0329,0.000189
35.0429,0.009852
35.0529,0.000000
35.0629,0.000605
35.0729,0.000000
35.0829,0.000000
35.0929,0.000000
35.1029,0.023523
35.1129,0.005771
35.1229,0.000000
35.1329,0.000000
35.1429,0.000000
35.1529,0.023418
35.1629,0.000000
35.1729,0.019605
35.1829,0.005279
35.1929,0.007069
35.2029,0.000000
35.2129,0.014063
35.2229,0.000000
35.2329,0.012946
35.2429,0.000000
35.2529,0.002656
35.2629,0.005280
35.2729,0.000000
35.2829,0.006068
35.2929,0.000000
35.3029,0.000000
35.3129,0.024082
35.3229,0.015734
35.3329,0.000000
35.3429,0.008527
35.3529,0.000000
35.3629,0.000000
35.3729,0.015507
35.3829,0.000000
35.3929,0.013903
35.4030,0.000000
35.4130,0.000000
35.4230,0.006146
35.4330,0.008718
35.4430,0.000000
35.4530,0.010766
35.4630,0.001701
35.4730,0.000000
35.4830,0.000000
35.4930,0.020719
35.5030,0.025149
35.5130,0.010760
35.5230,0.000000
35.5330,0.007359
35.5430,0.012763
35.5530,0.010886
35.5630,0.011774
35.5730,0.005449
35.5830,0.000000
35.5930,0.000000
35.6030,0.000000
35.6130,0.005095
35.6230,0.002791
35.6330,0.008364
35.6430,0.000000
35.6530,0.009675
35.6630,0.030818
35.6730,0.001177
35.6830,0.000000
35.6930,0.004635
35.7030,0.030485
35.7130,0.000000
35.7230,0.003048
35.7330,0.000000
35.7430,0.000000
35.7530,0.000000
35.7630,0.020210
35.7730,0.027015
35.7830,0.006722
35.7930,0.000000
35.8030,0.037391
35.8130,0.000000
35.8230,0.000000
35.8330,0.000000
35.8430,0.020941
35.8530,0.014524
35.8630,0.036267
35.8730,0.000000
35.8830,0.021873
35.8930,0.001052
35.9030,0.012092
35.9130,0.000000
35.9230,0.022021
35.9330,0.011798
35.9430,0.000000
35.9530,0.009677
35.9630,0.000000
35.9730,0.000000
35.9830,0.000000
35.9930,0.000000
36.0030,0.012926
36.0130,0.017874
36.0230,0.000000
36.0330,0.005223
36.0430,0.000000
36.0530,0.004924
36.0630,0.000000
36.0730,0.000000
36.0830,0.015781
36.0930,0.000000
36.1030,0.030332
36.1130,0.000695
36.1230,0.000000
36.1330,0.018404
36.1430,0.009462
36.1530,0.010903
36.1630,0.017859
36.1730,0.000000
36.1830,0.000000
36.1930,0.000000
36.2030,0.000000
36.2130,0.000000
36.2230,0.020046
36.2330,0.003560
36.2430,0.000000
36.2530,0.000000
36.2630,0.024972
36.2730,0.000000
36.2830,0.000000
36.2930,0.000000
36.3030,0.000000
36.3130,0.021346
36.3230,0.000000
36.3330,0.020511
36.3430,0.000775
36.3530,0.021443
36.3630,0.003850
36.3730,0.012798
36.3830,0.010786
36.3930,0.009349
36.4030,0.005219
36.4130,0.000000
36.4230,0.028732
36.4330,0.000000
36.4430,0.000065
36.4530,0.000223
36.4630,0.006037
36.4730,0.000000
36.4830,0.004721
36.4930,0.000000
36.5030,0.000000
36.5130,0.000143
36.5230,0.000000
36.5330,0.000000
36.5430,0.002053
36.5530,0.007318
36.5630,0.007900
36.5730,0.008508
36.5830,0.000000
36.5930,0.000000
36.6031,0.029603
36.6131,0.000000
36.6231,0.009163
36.6331,0.000000
36.6431,0.001195
36.6531,0.000000
36.6631,0.008423
36.6731,0.002052
36.6831,0.000000
36.6931,0.000000
36.7031,0.004017
36.7131,0.000000
36.7231,0.006412
36.7331,0.039397
36.7431,0.020253
36.7531,0.010775
36.7631,0.000000
36.7731,0.000000
36.7831,0.000000
36.7931,0.019242
36.8031,0.000000
36.8131,0.000000
36.8231,0.000000
36.8331,0.000000
36.8431,0.000000
36.8531,0.000000
36.8631,0.000000
36.8731,0.000000
36.8831,0.000000
36.8931,0.007835
36.9031,0.000000
36.9131,0.000000
36.9231,0.008954
36.9331,0.000000
36.9431,0.000000
36.9531,0.007057
36.9631,0.010023
36.9731,0.000000
36.9831,0.001209
36.9931,0.000000
37.0031,0.000000
37.0131,0.011537
37.0231,0.006674
37.0331,0.006829
37.0431,0.004213
37.0531,0.000693
37.0631,0.010446
37.0731,0.014027
37.0831,0.013668
37.0931,0.000000
37.1031,0.020805
37.1131,0.003427
37.1231,0.009486
37.1331,0.004231
37.1431,0.003705
37.1531,0.000000
37.1631,0.010520
37.1731,0.042679
37.1831,0.000000
37.1931,0.001065
37.2031,0.000000
37.2131,0.000000
37.2231,0.023167
37.2331,0.000000
37.2431,0.000000
37.2531,0.000000
37.2631,0.000000
37.2731,0.000000
37.2831,0.009477
37.2931,0.041995
37.3031,0.000000
37.3131,0.000000
37.3231,0.013500
37.3331,0.000000
37.3431,0.019490
37.3531,0.000000
37.3631,0.000000
37.3731,0.000000
37.3831,0.011367
37.3931,0.000000
37.4031,0.000000
37.4131,0.000000
37.4231,0.000000
37.4331,0.005955
37.4431,0.000000
37.4531,0.000000
37.4631,0.011391
37.4731,0.004546
37.4831,0.008855
37.4931,0.000000
37.5031,0.017546
37.5131,0.013870
37.5231,0.006692
37.5331,0.013913
37.5431,0.011256
37.5531,0.000000
37.5631,0.000000
37.5731,0.006305
37.5831,0.008191
37.5931,0.016357
37.6031,0.000000
37.6131,0.000000
37.6231,0.006899
37.6331,0.000000
37.6431,0.000000
37.6531,0.005627
37.6631,0.000000
37.6731,0.000000
37.6831,0.020275
37.6931,0.027373
37.7031,0.000000
37.7131,0.000000
37.7231,0.000639
37.7331,0.026718
37.7431,0.000000
37.7531,0.000000
37.7631,0.023231
37.7731,0.000000
37.7831,0.010833
37.7931,0.000000
37.8032,0.000000
37.8132,0.000000
37.8232,0.000000
37.8332,0.012588
37.8432,0.000000
37.8532,0.000000
37.8632,0.000000
37.8732,0.000000
37.8832,0.004517
37.8932,0.014744
37.9032,0.000000
37.9132,0.000000
37.9232,0.002386
37.9332,0.000000
37.9432,0.006051
37.9532,0.004013
37.9632,0.000000
37.9732,0.000000
37.9832,0.000000
37.9932,0.017231
38.0032,0.000000
38.0132,0.000000
38.0232,0.002750
38.0332,0.023405
38.0432,0.000000
38.0532,0.014382
38.0632,0.018480
38.0732,0.000000
38.0832,0.000000
38.0932,0.000000
38.1032,0.000000
38.1132,0.012814
38.1232,0.003465
38.1332,0.003529
38.1432,0.000000
38.1532,0.000000
38.1632,0.032152
38.1732,0.000000
38.1832,0.000000
38.1932,0.021466
38.2032,0.004227
38.2132,0.008672
38.2232,0.000000
38.2332,0.000000
38.2432,0.000000
38.2532,0.000000
38.2632,0.000000
38.2732,0.004440
38.2832,0.027757
38.2932,0.001290
38.3032,0.000000
38.3132,0.000000
38.3232,0.041093
38.3332,0.012995
38.3432,0.000000
38.3532,0.008867
38.3632,0.000000
38.3732,0.000000
38.3832,0.000000
38.3932,0.001373
38.4032,0.000000
38.4132,0.000000
38.4232,0.000155
38.4332,0.000000
38.4432,0.005922
38.4532,0.000000
38.4632,0.010712
38.4732,0.000000
38.4832,0.024641
38.4932,0.000000
38.5032,0.000000
38.5132,0.006261
38.5232,0.024963
38.5332,0.004726
38.5432,0.008443
38.5532,0.000263
38.5632,0.000000
38.5732,0.000000
38.5832,0.000000
38.5932,0.000000
38.6032,0.006026
38.6132,0.000000
38.6232,0.004793
38.6332,0.000000
38.6432,0.004446
38.6532,0.000000
38.6632,0.021099
38.6732,0.004856
38.6832,0.018537
38.6932,0.000000
38.7032,0.000842
38.7132,0.000000
38.7232,0.000000
38.7332,0.000000
38.7432,0.000000
38.7532,0.000000
38.7632,0.000000
38.7732,0.000000
38.7832,0.000000
38.7932,0.009412
38.8032,0.000000
38.8132,0.000000
38.8232,0.026863
38.8332,0.000000
38.8432,0.004816
38.8532,0.009635
38.8632,0.009938
38.8732,0.000000
38.8832,0.000000
38.8932,0.000000
38.9032,0.036695
38.9132,0.000000
38.9232,0.000000
38.9332,0.000000
38.9432,0.000000
38.9532,0.020289
38.9632,0.036337
38.9732,0.000000
38.9832,0.000000
38.9932,0.000000
39.0033,0.000000
39.0133,0.000000
39.0233,0.000000
39.0333,0.003321
39.0433,0.005928
39.0533,0.004846
39.0633,0.000000
39.0733,0.000000
39.0833,0.009987
39.0933,0.000188
39.1033,0.013325
39.1133,0.011851
39.1233,0.000000
39.1333,0.000000
39.1433,0.000000
39.1533,0.000000
39.1633,0.011329
39.1733,0.005270
39.1833,0.016488
39.1933,0.005947
39.2033,0.003130
39.2133,0.017996
39.2233,0.007046
39.2333,0.001022
39.2433,0.022207
39.2533,0.001728
39.2633,0.000000
39.2733,0.000000
39.2833,0.010545
39.2933,0.018556
39.3033,0.000000
39.3133,0.019619
39.3233,0.000000
39.3333,0.000000
39.3433,0.000000
39.3533,0.000000
39.3633,0.035758
39.3733,0.000000
39.3833,0.000000
39.3933,0.000389
39.4033,0.000000
39.4133,0.000000
39.4233,0.014749
39.4333,0.000000
39.4433,0.000000
39.4533,0.019643
39.4633,0.020104
39.4733,0.007755
39.4833,0.000000
39.4933,0.000000
39.5033,0.000000
39.5133,0.000000
39.5233,0.000000
39.5333,0.000000
39.5433,0.000000
39.5533,0.000000
39.5633,0.003291
39.5733,0.003519
39.5833,0.025512
39.5933,0.000000
39.6033,0.004442
39.6133,0.004691
39.6233,0.000000
39.6333,0.011165
39.6433,0.011628
39.6533,0.004911
39.6633,0.000000
39.6733,0.000000
39.6833,0.000000
39.6933,0.000000
39.7033,0.000000
39.7133,0.000000
39.7233,0.006599
39.7333,0.017949
39.7433,0.000000
39.7533,0.004252
39.7633,0.000000
39.7733,0.000000
39.7833,0.000000
39.7933,0.009028
39.8033,0.000000
39.8133,0.015175
39.8233,0.000000
39.8333,0.000000
39.8433,0.000000
39.8533,0.003798
39.8633,0.013428
39.8733,0.004100
39.8833,0.033582
39.8933,0.021447
39.9033,0.000000
39.9133,0.000000
39.9233,0.007045
39.9333,0.000000
39.9433,0.017494
39.9533,0.005424
39.9633,0.003847
39.9733,0.010304
39.9833,0.025842
39.9933,0.002564
40.0033,0.000000
40.0133,0.022631
40.0233,0.014513
40.0333,0.000000
40.0433,0.000078
40.0533,0.002931
40.0633,0.005427
40.0733,0.000000
40.0833,0.000000
40.0933,0.000000
40.1033,0.000000
40.1133,0.000000
40.1233,0.009521
40.1333,0.000000
40.1433,0.002946
40.1533,0.000000
40.1633,0.000000
40.1733,0.008809
40.1833,0.008924
40.1933,0.000000
40.2034,0.002425
40.2134,0.032983
40.2234,0.000000
40.2334,0.000000
40.2434,0.000000
40.2534,0.001383
40.2634,0.000000
40.2734,0.000000
40.2834,0.000000
40.2934,0.000000
40.3034,0.000000
40.3134,0.000000
40.3234,0.000000
40.3334,0.000000
40.3434,0.000915
40.3534,0.013341
40.3634,0.000000
40.3734,0.005987
40.3834,0.000000
40.3934,0.008581
40.4034,0.005636
40.4134,0.012987
40.4234,0.010702
40.4334,0.008831
40.4434,0.000000
40.4534,0.003674
40.4634,0.015953
40.4734,0.000000
40.4834,0.000000
40.4934,0.002721
40.5034,0.006229
40.5134,0.000000
40.5234,0.000000
40.5334,0.000000
40.5434,0.000000
40.5534,0.000000
40.5634,0.000000
40.5734,0.000000
40.5834,0.021239
40.5934,0.000000
40.6034,0.000000
40.6134,0.000000
40.6234,0.000000
40.6334,0.000000
40.6434,0.000000
40.6534,0.016615
40.6634,0.012909
40.6734,0.001168
40.6834,0.000000
40.6934,0.015393
40.7034,0.000000
40.7134,0.000000
40.7234,0.000000
40.7334,0.000000
40.7434,0.011320
40.7534,0.034148
40.7634,0.000924
40.7734,0.000000
40.7834,0.000000
40.7934,0.008279
40.8034,0.000000
40.8134,0.008255
40.8234,0.012266
40.8334,0.006544
40.8434,0.000000
40.8534,0.008474
40.8634,0.002564
40.8734,0.000000
40.8834,0.027756
40.8934,0.000000
40.9034,0.011636
40.9134,0.000000
40.9234,0.019147
40.9334,0.022031
40.9434,0.000448
40.9534,0.008382
40.9634,0.008378
40.9734,0.000000
40.9834,0.008207
40.9934,0.000000
41.0034,0.000000
41.0134,0.016904
41.0234,0.014620
41.0334,0.000000
41.0434,0.000000
41.0534,0.000000
41.0634,0.010990
41.0734,0.000000
41.0834,0.005351
41.0934,0.011203
41.1034,0.000000
41.1134,0.015151
41.1234,0.000000
41.1334,0.000000
41.1434,0.000000
41.1534,0.015258
41.1634,0.000000
41.1734,0.005247
41.1834,0.000000
41.1934,0.000000
41.2034,0.000000
41.2134,0.020743
41.2234,0.003025
41.2334,0.000000
41.2434,0.004580
41.2534,0.000000
41.2634,0.051811
41.2734,0.004277
41.2834,0.000000
41.2934,0.021300
41.3034,0.000000
41.3134,0.001415
41.3234,0.029916
41.3334,0.000000
41.3434,0.000000
41.3534,0.000000
41.3634,0.021818
41.3734,0.005641
41.3834,0.000000
41.3934,0.000000
41.4035,0.000000
41.4135,0.005418
41.4235,0.020073
41.4335,0.015786
41.4435,0.006840
41.4535,0.000000
41.4635,0.000000
41.4735,0.007999
41.4835,0.000000
41.4935,0.000000
41.5035,0.004562
41.5135,0.000000
41.5235,0.000000
41.5335,0.000000
41.5435,0.007555
41.5535,0.015923
41.5635,0.009106
41.5735,0.001105
41.5835,0.000000
41.5935,0.000000
41.6035,0.000000
41.6135,0.006149
41.6235,0.005049
41.6335,0.000000
41.6435,0.000000
41.6535,0.018068
41.6635,0.001188
41.6735,0.000000
41.6835,0.035337
41.6935,0.000000
41.7035,0.005765
41.7135,0.005993
41.7235,0.000000
41.7335,0.000000
41.7435,0.031825
41.7535,0.015048
41.7635,0.012329
41.7735,0.008644
41.7835,0.000000
41.7935,0.019163
41.8035,0.000000
41.8135,0.004249
41.8235,0.000000
41.8335,0.000000
41.8435,0.004774
41.8535,0.000000
41.8635,0.000000
41.8735,0.008109
41.8835,0.031801
41.8935,0.020843
41.9035,0.000000
41.9135,0.000133
41.9235,0.013316
41.9335,0.016832
41.9435,0.000000
41.9535,0.000513
41.9635,0.004509
41.9735,0.008308
41.9835,0.000000
41.9935,0.000000
42.0035,0.020697
42.0135,0.018143
42.0235,0.007161
42.0335,0.025787
42.0435,0.000000
42.0535,0.024345
42.0635,0.008138
42.0735,0.049065
42.0835,0.000000
42.0935,0.000000
42.1035,0.006282
42.1135,0.005959
42.1235,0.029252
42.1335,0.000000
42.1435,0.013574
42.1535,0.017437
42.1635,0.010570
42.1735,0.000000
42.1835,0.021116
42.1935,0.018440
42.2035,0.008994
42.2135,0.003065
42.2235,0.003392
42.2335,0.000000
42.2435,0.009612
42.2535,0.000467
42.2635,0.000000
42.2735,0.000000
42.2835,0.000000
42.2935,0.003332
42.3035,0.000000
42.3135,0.003230
42.3235,0.007512
42.3335,0.000000
42.3435,0.021985
42.3535,0.000000
42.3635,0.000000
42.3735,0.007236
42.3835,0.000000
42.3935,0.000000
42.4035,0.014716
42.4135,0.000000
42.4235,0.016764
42.4335,0.022667
42.4435,0.000000
42.4535,0.004377
42.4635,0.016786
42.4735,0.000000
42.4835,0.013017
42.4935,0.000000
42.5035,0.000000
42.5135,0.000000
42.5235,0.005140
42.5335,0.017370
42.5435,0.000000
42.5535,0.000000
42.5635,0.000000
42.5735,0.005919
42.5835,0.027662
42.5935,0.005906
42.6036,0.000000
42.6136,0.011493
42.6236,0.000000
42.6336,0.000000
42.6436,0.000000
42.6536,0.021127
42.6636,0.000000
42.6736,0.011968
42.6836,0.000000
42.6936,0.000000
42.7036,0.025385
42.7136,0.000000
42.7236,0.000000
42.7336,0.000000
42.7436,0.006208
42.7536,0.000000
42.7636,0.000000
42.7736,0.000000
42.7836,0.019220
42.7936,0.001122
42.8036,0.006766
42.8136,0.000000
42.8236,0.000000
42.8336,0.025164
42.8436,0.000000
42.8536,0.000000
42.8636,0.016442
42.8736,0.000000
42.8836,0.000000
42.8936,0.000154
42.9036,0.000004
42.9136,0.003894
42.9236,0.031375
42.9336,0.005044
42.9436,0.000000
42.9536,0.004894
42.9636,0.000568
42.9736,0.000652
42.9836,0.003689
42.9936,0.000000
43.0036,0.000000
43.0136,0.009196
43.0236,0.000000
43.0336,0.000000
43.0436,0.045357
43.0536,0.000000
43.0636,0.001502
43.0736,0.000000
43.0836,0.001747
43.0936,0.000000
43.1036,0.000000
43.1136,0.015676
43.1236,0.007080
43.1336,0.008526
43.1436,0.000000
43.1536,0.027553
43.1636,0.000000
43.1736,0.022928
43.1836,0.015323
43.1936,0.008660
43.2036,0.000000
43.2136,0.002274
43.2236,0.000000
43.2336,0.000436
43.2436,0.000000
43.2536,0.000000
43.2636,0.016827
43.2736,0.000000
43.2836,0.000000
43.2936,0.000000
43.3036,0.005377
43.3136,0.000000
43.3236,0.000000
43.3336,0.006107
43.3436,0.007787
43.3536,0.000000
43.3636,0.000000
43.3736,0.001334
43.3836,0.000000
43.3936,0.000000
43.4036,0.000000
43.4136,0.012659
43.4236,0.000000
43.4336,0.000000
43.4436,0.029320
43.4536,0.005287
43.4636,0.005085
43.4736,0.000000
43.4836,0.000000
43.4936,0.000000
43.5036,0.014531
43.5136,0.006725
43.5236,0.000000
43.5336,0.000000
43.5436,0.011042
43.5536,0.000000
43.5636,0.000000
43.5736,0.000000
43.5836,0.026573
43.5936,0.013135
43.6036,0.000000
43.6136,0.000000
43.6236,0.000000
43.6336,0.000000
43.6436,0.000000
43.6536,0.029171
43.6636,0.004688
43.6736,0.007122
43.6836,0.000000
43.6936,0.010834
43.7036,0.000000
43.7136,0.000000
43.7236,0.009165
43.7336,0.000000
43.7436,0.023955
43.7536,0.002736
43.7636,0.019214
43.7736,0.000000
43.7836,0.000000
43.7936,0.000000
43.8037,0.003754
43.8137,0.000990
43.8237,0.000000
43.8337,0.000000
43.8437,0.000000
43.8537,0.000000
43.8637,0.000000
43.8737,0.000000
43.8837,0.023206
43.8937,0.000000
43.9037,0.019051
43.9137,0.000000
43.9237,0.003672
43.9337,0.000000
43.9437,0.000000
43.9537,0.021425
43.9637,0.000000
43.9737,0.011196
43.9837,0.000000
43.9937,0.000000
44.0037,0.000000
44.0137,0.018540
44.0237,0.004671
44.0337,0.005506
44.0437,0.020373
44.0537,0.017345
44.0637,0.011480
44.0737,0.000000
44.0837,0.000000
44.0937,0.000000
44.1037,0.010913
44.1137,0.002560
44.1237,0.000000
44.1337,0.000000
44.1437,0.000000
44.1537,0.000000
44.1637,0.000000
44.1737,0.007932
44.1837,0.005669
44.1937,0.028619
44.2037,0.012718
44.2137,0.000000
44.2237,0.012271
44.2337,0.000000
44.2437,0.000000
44.2537,0.004997
44.2637,0.000000
44.2737,0.000000
44.2837,0.000000
44.2937,0.001520
44.3037,0.000000
44.3137,0.006364
44.3237,0.000290
44.3337,0.021005
44.3437,0.000101
44.3537,0.000000
44.3637,0.000000
44.3737,0.000000
44.3837,0.006092
44.3937,0.008848
44.4037,0.037038
44.4137,0.000000
44.4237,0.000000
44.4337,0.000000
44.4437,0.003182
44.4537,0.005725
44.4637,0.000000
44.4737,0.016295
44.4837,0.000000
44.4937,0.014793
44.5037,0.008077
44.5137,0.000000
44.5237,0.000000
44.5337,0.036400
44.5437,0.000000
44.5537,0.004469
44.5637,0.000000
44.5737,0.026784
44.5837,0.013302
44.5937,0.000000
44.6037,0.007689
44.6137,0.003865
44.6237,0.000000
44.6337,0.011372
44.6437,0.005840
44.6537,0.003235
44.6637,0.000000
44.6737,0.006466
44.6837,0.003441
44.6937,0.000886
44.7037,0.000000
44.7137,0.025406
44.7237,0.000000
44.7337,0.006415
44.7437,0.000000
44.7537,0.026393
44.7637,0.000000
44.7737,0.000000
44.7837,0.000000
44.7937,0.004852
44.8037,0.000000
44.8137,0.000000
44.8237,0.000000
44.8337,0.003606
44.8437,0.000000
44.8537,0.000000
44.8637,0.016284
44.8737,0.000000
44.8837,0.011954
44.8937,0.000000
44.9037,0.024024
44.9137,0.011243
44.9237,0.000000
44.9337,0.000000
44.9437,0.009083
44.9537,0.000000
44.9637,0.000000
44.9737,0.019084
44.9837,0.000000
44.9937,0.001369
45.0038,0.014319
45.0138,0.012137
45.0238,0.000000
45.0338,0.000000
45.0438,0.000000
45.0538,0.000000
45.0638,0.004775
45.0738,0.000000
45.0838,0.001124
45.0938,0.015589
45.1038,0.000000
45.1138,0.000000
45.1238,0.002831
45.1338,0.000000
45.1438,0.021472
45.1538,0.013629
45.1638,0.004352
45.1738,0.026913
45.1838,0.000000
45.1938,0.000000
45.2038,0.005495
45.2138,0.000000
45.2238,0.004511
45.2338,0.000000
45.2438,0.010358
45.2538,0.015868
45.2638,0.004085
45.2738,0.000000
45.2838,0.000000
45.2938,0.008471
45.3038,0.000318
45.3138,0.000000
45.3238,0.018642
45.3338,0.002050
45.3438,0.000000
45.3538,0.014924
45.3638,0.000000
45.3738,0.000000
45.3838,0.005375
45.3938,0.026716
45.4038,0.024354
45.4138,0.005396
45.4238,0.006936
45.4338,0.011872
45.4438,0.000000
45.4538,0.009662
45.4638,0.000000
45.4738,0.004777
45.4838,0.000000
45.4938,0.007518
45.5038,0.001772
45.5138,0.000000
45.5238,0.002683
45.5338,0.009632
45.5438,0.006689
45.5538,0.000000
45.5638,0.024632
45.5738,0.004671
45.5838,0.006565
45.5938,0.015667
45.6038,0.005439
45.6138,0.000000
45.6238,0.000000
45.6338,0.000000
45.6438,0.011414
45.6538,0.000000
45.6638,0.012018
45.6738,0.002231
45.6838,0.019321
45.6938,0.000000
45.7038,0.007014
45.7138,0.007588
45.7238,0.022524
45.7338,0.000000
45.7438,0.000000
45.7538,0.012728
45.7638,0.023188
45.7738,0.003601
45.7838,0.000000
45.7938,0.011357
45.8038,0.013031
45.8138,0.000000
45.8238,0.004955
45.8338,0.017708
45.8438,0.028357
45.8538,0.011139
45.8638,0.000662
45.8738,0.000000
45.8838,0.008361
45.8938,0.000000
45.9038,0.002845
45.9138,0.000000
45.9238,0.019456
45.9338,0.000000
45.9438,0.000000
45.9538,0.001464
45.9638,0.029865
45.9738,0.000000
45.9838,0.000000
45.9938,0.000000
46.0038,0.024883
46.0138,0.000000
46.0238,0.000000
46.0338,0.040969
46.0438,0.008863
46.0538,0.000000
46.0638,0.000000
46.0738,0.001012
46.0838,0.012692
46.0938,0.027593
46.1038,0.005828
46.1138,0.000000
46.1238,0.011806
46.1338,0.000000
46.1438,0.000000
46.1538,0.000000
46.1638,0.000000
46.1738,0.000000
46.1838,0.000000
46.1938,0.004699
46.2039,0.000000
46.2139,0.000000
46.2239,0.000000
46.2339,0.000000
46.2439,0.000000
46.2539,0.022793
46.2639,0.000000
46.2739,0.013214
46.2839,0.000000
46.2939,0.000000
46.3039,0.000000
46.3139,0.000000
46.3239,0.000000
46.3339,0.002550
46.3439,0.000000
46.3539,0.000000
46.3639,0.014878
46.3739,0.006403
46.3839,0.000000
46.3939,0.002182
46.4039,0.000000
46.4139,0.000000
46.4239,0.001057
46.4339,0.000000
46.4439,0.000000
46.4539,0.000000
46.4639,0.000000
46.4739,0.008505
46.4839,0.000000
46.4939,0.037811
46.5039,0.013285
46.5139,0.019565
46.5239,0.011929
46.5339,0.027793
46.5439,0.000000
46.5539,0.000000
46.5639,0.000000
46.5739,0.008373
46.5839,0.002273
46.5939,0.004132
46.6039,0.019814
46.6139,0.005731
46.6239,0.011984
46.6339,0.000000
46.6439,0.000000
46.6539,0.024212
46.6639,0.001514
46.6739,0.000000
46.6839,0.000000
46.6939,0.000000
46.7039,0.000000
46.7139,0.000000
46.7239,0.000000
46.7339,0.000000
46.7439,0.000000
46.7539,0.016607
46.7639,0.004396
46.7739,0.003980
46.7839,0.000000
46.7939,0.000000
46.8039,0.005415
46.8139,0.010743
46.8239,0.000000
46.8339,0.016187
46.8439,0.000120
46.8539,0.011893
46.8639,0.000000
46.8739,0.000000
46.8839,0.004025
46.8939,0.010880
46.9039,0.008630
46.9139,0.006333
46.9239,0.000000
46.9339,0.000000
46.9439,0.008276
46.9539,0.006397
46.9639,0.000000
46.9739,0.016641
46.9839,0.000000
46.9939,0.000000
47.0039,0.024546
47.0139,0.013029
47.0239,0.000000
47.0339,0.004311
47.0439,0.002322
47.0539,0.000000
47.0639,0.000000
47.0739,0.000000
47.0839,0.000000
47.0939,0.003707
47.1039,0.016942
47.1139,0.000000
47.1239,0.000000
47.1339,0.004873
47.1439,0.000000
47.1539,0.000000
47.1639,0.000000
47.1739,0.033628
47.1839,0.000000
47.1939,0.000000
47.2039,0.000000
47.2139,0.000000
47.2239,0.013497
47.2339,0.012199
47.2439,0.000000
47.2539,0.000000
47.2639,0.000000
47.2739,0.000000
47.2839,0.000000
47.2939,0.000000
47.3039,0.003787
47.3139,0.011298
47.3239,0.000000
47.3339,0.000000
47.3439,0.000000
47.3539,0.012996
47.3639,0.003755
47.3739,0.007579
47.3839,0.000000
47.3939,0.026774
47.4040,0.000000
47.4140,0.037164
47.4240,0.099094
47.4340,0.130114
47.4440,0.196663
47.4540,0.265277
47.4640,0.282112
47.4740,0.221581
47.4840,0.220168
47.4940,0.194393
47.5040,0.163319
47.5140,0.125725
47.5240,0.140505
47.5340,0.087463
47.5440,0.120538
47.5540,0.087352
47.5640,0.033625
47.5740,0.058443
47.5840,0.064619
47.5940,0.043530
47.6040,0.051027
47.6140,0.021629
47.6240,0.009649
47.6340,0.023726
47.6440,0.021454
47.6540,0.012486
47.6640,0.033333
47.6740,0.000000
47.6840,0.015243
47.6940,0.009867
47.7040,0.000000
47.7140,0.000000
47.7240,0.005374
47.7340,0.034062
47.7440,0.012319
47.7540,0.000000
47.7640,0.000000
47.7740,0.013109
47.7840,0.000320
47.7940,0.018590
47.8040,0.000000
47.8140,0.006277
47.8240,0.013546
47.8340,0.000000
47.8440,0.000000
47.8540,0.000874
47.8640,0.008552
47.8740,0.000129
47.8840,0.014896
47.8940,0.000000
47.9040,0.000000
47.9140,0.029820
47.9240,0.000000
47.9340,0.000000
47.9440,0.000000
47.9540,0.001088
47.9640,0.000000
47.9740,0.000000
47.9840,0.000000
47.9940,0.002661
48.0040,0.000000
48.0140,0.028240
48.0240,0.000000
48.0340,0.008728
48.0440,0.000000
48.0540,0.000000
48.0640,0.000000
48.0740,0.022055
48.0840,0.000000
48.0940,0.011377
48.1040,0.000000
48.1140,0.000000
48.1240,0.000000
48.1340,0.019261
48.1440,0.000000
48.1540,0.000000
48.1640,0.000000
48.1740,0.000000
48.1840,0.000000
48.1940,0.000000
48.2040,0.000000
48.2140,0.000000
48.2240,0.000000
48.2340,0.018007
48.2440,0.006054
48.2540,0.002812
48.2640,0.000000
48.2740,0.000000
48.2840,0.000000
48.2940,0.000000
48.3040,0.013023
48.3140,0.013536
48.3240,0.009459
48.3340,0.000000
48.3440,0.000368
48.3540,0.000000
48.3640,0.000000
48.3740,0.030557
48.3840,0.000000
48.3940,0.000000
48.4040,0.018176
48.4140,0.000000
48.4240,0.000000
48.4340,0.000000
48.4440,0.000000
48.4540,0.000000
48.4640,0.008929
48.4740,0.009994
48.4840,0.007626
48.4940,0.000000
48.5040,0.001298
48.5140,0.000000
48.5240,0.000000
48.5340,0.032302
48.5440,0.001435
48.5540,0.000000
48.5640,0.002705
48.5740,0.000000
48.5840,0.000000
48.5940,0.000000
48.6041,0.000000
48.6141,0.014055
48.6241,0.008676
48.6341,0.007845
48.6441,0.000000
48.6541,0.000000
48.6641,0.004080
48.6741,0.000000
48.6841,0.000000
48.6941,0.006620
48.7041,0.000000
48.7141,0.003391
48.7241,0.023891
48.7341,0.000000
48.7441,0.017690
48.7541,0.008391
48.7641,0.000000
48.7741,0.000000
48.7841,0.000000
48.7941,0.000000
48.8041,0.000000
48.8141,0.009220
48.8241,0.018827
48.8341,0.004623
48.8441,0.000000
48.8541,0.000000
48.8641,0.001059
48.8741,0.000387
48.8841,0.002744
48.8941,0.031594
48.9041,0.018609
48.9141,0.011776
48.9241,0.000000
48.9341,0.000000
48.9441,0.000000
48.9541,0.000000
48.9641,0.007507
48.9741,0.005354
48.9841,0.000000
48.9941,0.017952
49.0041,0.001535
49.0141,0.000000
49.0241,0.000000
49.0341,0.004218
49.0441,0.014592
49.0541,0.000000
49.0641,0.012419
49.0741,0.002807
49.0841,0.000000
49.0941,0.000000
49.1041,0.016838
49.1141,0.017940
49.1241,0.004844
49.1341,0.022436
49.1441,0.015849
49.1541,0.010254
49.1641,0.000000
49.1741,0.025971
49.1841,0.008045
49.1941,0.000000
49.2041,0.000000
49.2141,0.003852
49.2241,0.000000
49.2341,0.010495
49.2441,0.000000
49.2541,0.005559
49.2641,0.000000
49.2741,0.000000
49.2841,0.000000
49.2941,0.000000
49.3041,0.028341
49.3141,0.020776
49.3241,0.005317
49.3341,0.000000
49.3441,0.012663
49.3541,0.016950
49.3641,0.000000
49.3741,0.000000
49.3841,0.000000
49.3941,0.016847
49.4041,0.030975
49.4141,0.001201
49.4241,0.000000
49.4341,0.009133
49.4441,0.000000
49.4541,0.000000
49.4641,0.009399
49.4741,0.003818
49.4841,0.000000
49.4941,0.000000
49.5041,0.001888
49.5141,0.000000
49.5241,0.000000
49.5341,0.000000
49.5441,0.005094
49.5541,0.000000
49.5641,0.000000
49.5741,0.014836
49.5841,0.000000
49.5941,0.000000
49.6041,0.000000
49.6141,0.002223
49.6241,0.008425
49.6341,0.016901
49.6441,0.000000
49.6541,0.008799
49.6641,0.002937
49.6741,0.000000
49.6841,0.028508
49.6941,0.000000
49.7041,0.006292
49.7141,0.005849
49.7241,0.004135
49.7341,0.000000
49.7441,0.012409
49.7541,0.000000
49.7641,0.000000
49.7741,0.000000
49.7841,0.000000
49.7941,0.006431
49.8042,0.016162
49.8142,0.000000
49.8242,0.011710
49.8342,0.000746
49.8442,0.000000
49.8542,0.000000
49.8642,0.000000
49.8742,0.000000
49.8842,0.006427
49.8942,0.003520
49.9042,0.000000
49.9142,0.000000
49.9242,0.006370
49.9342,0.000000
49.9442,0.004531
49.9542,0.011714
49.9642,0.000000
49.9742,0.000000
49.9842,0.025116
49.9942,0.005274
50.0042,0.000000
50.0142,0.000000
50.0242,0.000000
50.0342,0.000000
50.0442,0.013251
50.0542,0.000000
50.0642,0.016403
50.0742,0.000000
50.0842,0.000000
50.0942,0.000000
50.1042,0.000000
50.1142,0.000000
50.1242,0.000000
50.1342,0.012371
50.1442,0.000000
50.1542,0.017428
50.1642,0.012309
50.1742,0.018781
50.1842,0.000000
50.1942,0.015208
50.2042,0.000000
50.2142,0.010696
50.2242,0.000000
50.2342,0.000000
50.2442,0.000000
50.2542,0.000083
50.2642,0.000000
50.2742,0.005641
50.2842,0.000000
50.2942,0.000000
50.3042,0.020586
50.3142,0.013557
50.3242,0.000000
50.3342,0.000000
50.3442,0.015293
50.3542,0.006288
50.3642,0.002223
50.3742,0.016427
50.3842,0.000000
50.3942,0.000468
50.4042,0.000000
50.4142,0.000000
50.4242,0.000000
50.4342,0.001093
50.4442,0.000516
50.4542,0.000000
50.4642,0.012027
50.4742,0.000000
50.4842,0.000000
50.4942,0.000000
50.5042,0.005372
50.5142,0.000000
50.5242,0.013364
50.5342,0.000000
50.5442,0.018299
50.5542,0.000000
50.5642,0.000000
50.5742,0.028707
50.5842,0.000000
50.5942,0.018583
50.6042,0.000586
50.6142,0.006231
50.6242,0.001049
50.6342,0.012718
50.6442,0.000000
50.6542,0.000000
50.6642,0.000000
50.6742,0.001496
50.6842,0.000000
50.6942,0.010654
50.7042,0.019571
50.7142,0.000000
50.7242,0.000000
50.7342,0.000000
50.7442,0.030456
50.7542,0.004570
50.7642,0.007197
50.7742,0.000000
50.7842,0.000000
50.7942,0.007639
50.8042,0.000000
50.8142,0.016136
50.8242,0.034677
50.8342,0.000000
50.8442,0.000000
50.8542,0.000000
50.8642,0.024093
50.8742,0.015635
50.8842,0.000000
50.8942,0.000548
50.9042,0.000000
50.9142,0.013350
50.9242,0.000000
50.9342,0.000000
50.9442,0.009132
50.9542,0.000000
50.9642,0.000000
50.9742,0.000159
50.9842,0.011930
50.9942,0.024697
51.0043,0.008782
51.0143,0.012050
51.0243,0.000000
51.0343,0.000000
51.0443,0.009810
51.0543,0.002569
51.0643,0.000000
51.0743,0.000000
51.0843,0.000000
51.0943,0.000000
51.1043,0.022226
51.1143,0.007198
51.1243,0.020598
51.1343,0.003951
51.1443,0.001221
51.1543,0.000000
51.1643,0.000179
51.1743,0.000196
51.1843,0.000000
51.1943,0.000000
51.2043,0.000000
51.2143,0.006202
51.2243,0.006920
51.2343,0.000000
51.2443,0.007033
51.2543,0.000000
51.2643,0.000000
51.2743,0.000000
51.2843,0.016185
51.2943,0.000000
51.3043,0.001690
51.3143,0.023779
51.3243,0.000000
51.3343,0.000032
51.3443,0.000000
51.3543,0.024408
51.3643,0.000000
51.3743,0.000699
51.3843,0.020315
51.3943,0.009922
51.4043,0.000000
51.4143,0.000000
51.4243,0.007424
51.4343,0.000000
51.4443,0.000000
51.4543,0.000000
51.4643,0.000000
51.4743,0.024244
51.4843,0.002652
51.4943,0.000000
51.5043,0.000000
51.5143,0.000000
51.5243,0.000000
51.5343,0.015245
51.5443,0.033477
51.5543,0.010896
51.5643,0.000000
51.5743,0.000000
51.5843,0.000000
51.5943,0.030896
51.6043,0.000000
51.6143,0.031734
51.6243,0.020903
51.6343,0.000000
51.6443,0.000000
51.6543,0.000000
51.6643,0.000000
51.6743,0.000000
51.6843,0.044944
51.6943,0.000000
51.7043,0.003435
51.7143,0.009248
51.7243,0.000000
51.7343,0.001653
51.7443,0.000000
51.7543,0.001597
51.7643,0.007671
51.7743,0.004914
51.7843,0.008553
51.7943,0.021189
51.8043,0.014054
51.8143,0.001069
51.8243,0.000000
51.8343,0.000000
51.8443,0.000000
51.8543,0.003785
51.8643,0.000000
51.8743,0.000000
51.8843,0.000000
51.8943,0.000000
51.9043,0.000000
51.9143,0.000000
51.9243,0.000000
51.9343,0.000000
51.9443,0.000000
51.9543,0.005696
51.9643,0.011103
51.9743,0.000000
51.9843,0.000000
51.9943,0.008061
52.0043,0.000000
52.0143,0.000000
52.0243,0.017947
52.0343,0.013263
52.0443,0.009023
52.0543,0.013885
52.0643,0.000000
52.0743,0.020308
52.0843,0.005881
52.0943,0.015162
52.1043,0.005807
52.1143,0.000734
52.1243,0.000000
52.1343,0.005507
52.1443,0.000000
52.1543,0.013018
52.1643,0.000000
52.1743,0.000000
52.1843,0.030672
52.1943,0.000000
52.2044,0.000000
52.2144,0.000000
52.2244,0.005038
52.2344,0.000000
52.2444,0.000000
52.2544,0.012733
52.2644,0.000000
52.2744,0.011829
52.2844,0.012333
52.2944,0.015824
52.3044,0.002108
52.3144,0.048619
52.3244,0.015818
52.3344,0.004873
52.3444,0.000000
52.3544,0.000000
52.3644,0.021395
52.3744,0.025643
52.3844,0.022175
52.3944,0.011778
52.4044,0.000000
52.4144,0.007307
52.4244,0.000000
52.4344,0.000000
52.4444,0.003587
52.4544,0.007848
52.4644,0.013551
52.4744,0.007457
52.4844,0.007974
52.4944,0.000000
52.5044,0.000000
52.5144,0.000000
52.5244,0.000000
52.5344,0.011110
52.5444,0.000000
52.5544,0.013087
52.5644,0.016625
52.5744,0.000000
52.5844,0.008855
52.5944,0.000000
52.6044,0.000000
52.6144,0.001850
52.6244,0.000000
52.6344,0.000000
52.6444,0.029630
52.6544,0.000000
52.6644,0.005743
52.6744,0.000000
52.6844,0.013624
52.6944,0.004476
52.7044,0.005690
52.7144,0.000000
52.7244,0.000000
52.7344,0.013909
52.7444,0.026562
52.7544,0.007205
52.7644,0.000000
52.7744,0.005084
52.7844,0.036412
52.7944,0.001536
52.8044,0.021928
52.8144,0.000000
52.8244,0.000000
52.8344,0.009293
52.8444,0.005960
52.8544,0.000000
52.8644,0.000000
52.8744,0.014824
52.8844,0.017873
52.8944,0.022682
52.9044,0.027059
52.9144,0.002019
52.9244,0.000000
52.9344,0.020265
52.9444,0.010696
52.9544,0.000000
52.9644,0.000000
52.9744,0.007379
52.9844,0.000000
52.9944,0.000000
53.0044,0.016088
53.0144,0.011386
53.0244,0.019948
53.0344,0.000000
53.0444,0.003801
53.0544,0.010420
53.0644,0.000000
53.0744,0.000000
53.0844,0.000000
53.0944,0.000325
53.1044,0.024418
53.1144,0.030339
53.1244,0.000000
53.1344,0.007898
53.1444,0.008382
53.1544,0.005814
53.1644,0.005985
53.1744,0.004556
53.1844,0.025314
53.1944,0.016537
53.2044,0.000000
53.2144,0.011936
53.2244,0.013386
53.2344,0.004725
53.2444,0.016971
53.2544,0.002821
53.2644,0.003007
53.2744,0.001819
53.2844,0.000000
53.2944,0.000000
53.3044,0.000000
53.3144,0.000000
53.3244,0.021510
53.3344,0.007563
53.3444,0.000000
53.3544,0.000000
53.3644,0.004443
53.3744,0.014872
53.3844,0.000000
53.3944,0.000000
53.4045,0.013021
53.4145,0.000000
53.4245,0.000000
53.4345,0.000000
53.4445,0.000000
53.4545,0.000000
53.4645,0.002064
53.4745,0.028854
53.4845,0.000000
53.4945,0.004376
53.5045,0.029921
53.5145,0.000000
53.5245,0.027220
53.5345,0.000080
53.5445,0.026728
53.5545,0.011253
53.5645,0.004607
53.5745,0.000000
53.5845,0.000000
53.5945,0.001137
53.6045,0.013460
53.6145,0.000000
53.6245,0.000000
53.6345,0.000000
53.6445,0.014887
53.6545,0.018377
53.6645,0.000000
53.6745,0.000000
53.6845,0.005690
53.6945,0.022913
53.7045,0.017190
53.7145,0.000000
53.7245,0.000000
53.7345,0.000000
53.7445,0.000000
53.7545,0.024066
53.7645,0.000000
53.7745,0.000000
53.7845,0.000000
53.7945,0.004310
53.8045,0.009311
53.8145,0.006562
53.8245,0.017635
53.8345,0.000000
53.8445,0.017825
53.8545,0.000000
53.8645,0.010972
53.8745,0.000000
53.8845,0.000074
53.8945,0.003544
53.9045,0.017336
53.9145,0.000000
53.9245,0.000461
53.9345,0.000000
53.9445,0.007582
53.9545,0.011658
53.9645,0.019308
53.9745,0.000000
53.9845,0.013908
53.9945,0.020414
54.0045,0.000000
54.0145,0.009185
54.0245,0.014378
54.0345,0.000000
54.0445,0.000000
54.0545,0.014144
54.0645,0.000000
54.0745,0.000000
54.0845,0.000000
54.0945,0.010733
54.1045,0.000000
54.1145,0.000000
54.1245,0.001484
54.1345,0.015096
54.1445,0.034312
54.1545,0.000000
54.1645,0.004730
54.1745,0.000000
54.1845,0.015282
54.1945,0.000000
54.2045,0.000000
54.2145,0.000000
54.2245,0.000000
54.2345,0.004848
54.2445,0.007256
54.2545,0.000000
54.2645,0.000000
54.2745,0.010917
54.2845,0.000000
54.2945,0.017426
54.3045,0.000000
54.3145,0.000000
54.3245,0.000000
54.3345,0.019439
54.3445,0.002414
54.3545,0.000000
54.3645,0.000000
54.3745,0.026366
54.3845,0.000000
54.3945,0.000000
54.4045,0.008551
54.4145,0.000000
54.4245,0.019119
54.4345,0.009363
54.4445,0.013488
54.4545,0.008372
54.4645,0.000000
54.4745,0.000000
54.4845,0.000000
54.4945,0.000000
54.5045,0.007292
54.5145,0.012102
54.5245,0.022152
54.5345,0.005577
54.5445,0.013869
54.5545,0.000000
54.5645,0.000000
54.5745,0.007105
54.5845,0.000000
54.5945,0.004038
54.6046,0.000000
54.6146,0.000000
54.6246,0.009531
54.6346,0.013300
54.6446,0.000000
54.6546,0.010059
54.6646,0.000000
54.6746,0.000248
54.6846,0.021254
54.6946,0.012112
54.7046,0.011938
54.7146,0.028632
54.7246,0.000000
54.7346,0.000000
54.7446,0.000000
54.7546,0.000000
54.7646,0.000000
54.7746,0.000000
54.7846,0.000000
54.7946,0.011756
54.8046,0.005286
54.8146,0.000000
54.8246,0.008849
54.8346,0.010849
54.8446,0.000000
54.8546,0.000000
54.8646,0.000000
54.8746,0.000000
54.8846,0.000000
54.8946,0.001112
54.9046,0.000000
54.9146,0.000000
54.9246,0.000000
54.9346,0.002567
54.9446,0.006386
54.9546,0.006035
54.9646,0.000185
54.9746,0.000000
54.9846,0.000000
54.9946,0.000000
55.0046,0.000000
55.0146,0.001125
55.0246,0.021383
55.0346,0.012181
55.0446,0.000000
55.0546,0.010176
55.0646,0.009605
55.0746,0.000000
55.0846,0.012733
55.0946,0.000000
55.1046,0.000000
55.1146,0.006828
55.1246,0.003254
55.1346,0.000000
55.1446,0.000000
55.1546,0.000000
55.1646,0.009152
55.1746,0.000000
55.1846,0.002497
55.1946,0.005357
55.2046,0.000000
55.2146,0.000000
55.2246,0.000000
55.2346,0.008471
55.2446,0.000000
55.2546,0.001989
55.2646,0.005565
55.2746,0.009035
55.2846,0.000000
55.2946,0.000000
55.3046,0.025054
55.3146,0.025715
55.3246,0.014810
55.3346,0.005062
55.3446,0.000000
55.3546,0.010779
55.3646,0.000000
55.3746,0.008408
55.3846,0.000000
55.3946,0.000000
55.4046,0.002462
55.4146,0.003694
55.4246,0.007406
55.4346,0.000000
55.4446,0.000000
55.4546,0.024372
55.4646,0.037339
55.4746,0.006711
55.4846,0.000000
55.4946,0.000000
55.5046,0.007637
55.5146,0.020117
55.5246,0.000000
55.5346,0.000000
55.5446,0.002939
55.5546,0.012969
55.5646,0.000000
55.5746,0.000000
55.5846,0.009318
55.5946,0.016872
55.6046,0.000000
55.6146,0.006079
55.6246,0.000000
55.6346,0.000000
55.6446,0.015396
55.6546,0.005812
55.6646,0.007356
55.6746,0.022532
55.6846,0.000000
55.6946,0.000000
55.7046,0.002369
55.7146,0.000000
55.7246,0.011747
55.7346,0.000000
55.7446,0.000000
55.7546,0.000987
55.7646,0.002555
55.7746,0.014020
55.7846,0.005897
55.7946,0.006917
55.8047,0.004804
55.8147,0.000000
55.8247,0.000000
55.8347,0.004333
55.8447,0.000000
55.8547,0.025347
55.8647,0.020133
55.8747,0.009493
55.8847,0.005677
55.8947,0.000000
55.9047,0.000000
55.9147,0.000000
55.9247,0.001521
55.9347,0.003442
55.9447,0.007043
55.9547,0.013820
55.9647,0.000000
55.9747,0.000000
55.9847,0.021763
55.9947,0.011565
56.0047,0.000000
56.0147,0.000000
56.0247,0.000000
56.0347,0.000474
56.0447,0.007090
56.0547,0.038025
56.0647,0.002846
56.0747,0.009939
56.0847,0.000000
56.0947,0.000000
56.1047,0.018432
56.1147,0.006035
56.1247,0.000000
56.1347,0.010110
56.1447,0.028772
56.1547,0.000000
56.1647,0.022791
56.1747,0.000000
56.1847,0.014070
56.1947,0.000000
56.2047,0.000000
56.2147,0.006692
56.2247,0.017263
56.2347,0.005458
56.2447,0.008772
56.2547,0.000000
56.2647,0.000000
56.2747,0.010378
56.2847,0.026246
56.2947,0.016944
56.3047,0.000000
56.3147,0.000000
56.3247,0.000000
56.3347,0.000000
56.3447,0.000663
56.3547,0.005901
56.3647,0.000000
56.3747,0.011657
56.3847,0.009017
56.3947,0.000000
56.4047,0.000000
56.4147,0.000000
56.4247,0.000000
56.4347,0.000111
56.4447,0.002531
56.4547,0.005683
56.4647,0.003664
56.4747,0.000000
56.4847,0.004293
56.4947,0.015030
56.5047,0.000000
56.5147,0.004764
56.5247,0.000000
56.5347,0.000000
56.5447,0.007843
56.5547,0.000000
56.5647,0.005792
56.5747,0.000424
56.5847,0.000000
56.5947,0.000000
56.6047,0.000000
56.6147,0.000000
56.6247,0.005743
56.6347,0.003473
56.6447,0.012745
56.6547,0.000000
56.6647,0.028431
56.6747,0.000000
56.6847,0.000000
56.6947,0.000000
56.7047,0.000000
56.7147,0.022989
56.7247,0.020566
56.7347,0.009011
56.7447,0.000000
56.7547,0.027169
56.7647,0.000000
56.7747,0.000000
56.7847,0.021559
56.7947,0.009884
56.8047,0.033017
56.8147,0.003731
56.8247,0.000000
56.8347,0.000000
56.8447,0.000000
56.8547,0.000000
56.8647,0.017169
56.8747,0.008983
56.8847,0.000305
56.8947,0.000000
56.9047,0.003403
56.9147,0.015192
56.9247,0.006461
56.9347,0.002501
56.9447,0.000000
56.9547,0.013008
56.9647,0.000000
56.9747,0.005743
56.9847,0.038555
56.9947,0.000000
57.0048,0.000000
57.0148,0.000000
57.0248,0.000000
57.0348,0.015546
57.0448,0.007087
57.0548,0.002285
57.0648,0.011959
57.0748,0.000251
57.0848,0.047698
57.0948,0.002270
57.1048,0.002929
57.1148,0.000000
57.1248,0.000000
57.1348,0.017211
57.1448,0.000000
57.1548,0.000000
57.1648,0.000485
57.1748,0.020561
57.1848,0.000636
57.1948,0.000000
57.2048,0.000000
57.2148,0.006784
57.2248,0.009919
57.2348,0.000000
57.2448,0.017018
57.2548,0.011485
57.2648,0.016985
57.2748,0.008753
57.2848,0.009805
57.2948,0.007811
57.3048,0.013027
57.3148,0.000000
57.3248,0.000000
57.3348,0.000000
57.3448,0.000000
57.3548,0.005822
57.3648,0.004870
57.3748,0.016757
57.3848,0.017227
57.3948,0.000000
57.4048,0.003579
57.4148,0.000000
57.4248,0.000000
57.4348,0.004827
57.4448,0.000000
57.4548,0.036169
57.4648,0.008496
57.4748,0.000000
57.4848,0.028911
57.4948,0.000000
57.5048,0.001988
57.5148,0.000000
57.5248,0.024780
57.5348,0.000000
57.5448,0.002242
57.5548,0.018057
57.5648,0.008777
57.5748,0.000000
57.5848,0.016656
57.5948,0.038077
57.6048,0.004761
57.6148,0.001751
57.6248,0.002559
57.6348,0.019656
57.6448,0.000000
57.6548,0.000000
57.6648,0.000000
57.6748,0.000000
57.6848,0.000000
57.6948,0.000000
57.7048,0.026536
57.7148,0.008040
57.7248,0.000000
57.7348,0.000000
57.7448,0.020621
57.7548,0.016899
57.7648,0.000422
57.7748,0.000000
57.7848,0.016874
57.7948,0.000000
57.8048,0.005880
57.8148,0.034090
57.8248,0.003080
57.8348,0.000000
57.8448,0.006156
57.8548,0.000000
57.8648,0.000000
57.8748,0.010516
57.8848,0.016768
57.8948,0.000000
57.9048,0.000000
57.9148,0.000000
57.9248,0.000000
57.9348,0.000000
57.9448,0.000000
57.9548,0.028383
57.9648,0.006997
57.9748,0.008586
57.9848,0.013251
57.9948,0.011566
58.0048,0.000000
58.0148,0.004088
58.0248,0.000000
58.0348,0.006577
58.0448,0.005125
58.0548,0.000000
58.0648,0.000000
58.0748,0.002194
58.0848,0.000000
58.0948,0.000000
58.1048,0.007615
58.1148,0.014480
58.1248,0.037925
58.1348,0.000000
58.1448,0.000000
58.1548,0.000000
58.1648,0.003130
58.1748,0.003035
58.1848,0.000000
58.1948,0.000000
58.2049,0.000000
58.2149,0.013896
58.2249,0.000000
58.2349,0.000000
58.2449,0.000000
58.2549,0.000000
58.2649,0.000000
58.2749,0.000000
58.2849,0.007196
58.2949,0.021586
58.3049,0.010991
58.3149,0.014432
58.3249,0.021692
58.3349,0.008546
58.3449,0.000000
58.3549,0.015137
58.3649,0.016095
58.3749,0.009728
58.3849,0.000000
58.3949,0.000000
58.4049,0.000000
58.4149,0.011694
58.4249,0.000000
58.4349,0.017053
58.4449,0.019729
58.4549,0.017988
58.4649,0.018083
58.4749,0.000000
58.4849,0.007240
58.4949,0.000000
58.5049,0.000000
58.5149,0.000000
58.5249,0.019871
58.5349,0.006911
58.5449,0.030267
58.5549,0.002658
58.5649,0.036717
58.5749,0.002663
58.5849,0.000337
58.5949,0.000000
58.6049,0.016658
58.6149,0.000000
58.6249,0.000000
58.6349,0.019218
58.6449,0.017373
58.6549,0.016981
58.6649,0.000000
58.6749,0.000000
58.6849,0.000000
58.6949,0.011738
58.7049,0.023303
58.7149,0.005522
58.7249,0.029623
58.7349,0.013458
58.7449,0.000000
58.7549,0.012431
58.7649,0.025589
58.7749,0.029974
58.7849,0.017803
58.7949,0.000385
58.8049,0.000000
58.8149,0.008641
58.8249,0.025110
58.8349,0.006507
58.8449,0.006818
58.8549,0.000771
58.8649,0.000000
58.8749,0.000000
58.8849,0.002031
58.8949,0.025772
58.9049,0.000000
58.9149,0.000789
58.9249,0.000000
58.9349,0.010749
58.9449,0.020500
58.9549,0.024367
58.9649,0.003050
58.9749,0.008615
58.9849,0.000000
58.9949,0.007920
59.0049,0.004709
59.0149,0.000874
59.0249,0.002066
59.0349,0.006779
59.0449,0.000000
59.0549,0.000000
59.0649,0.025610
59.0749,0.040658
59.0849,0.000000
59.0949,0.000000
59.1049,0.000000
59.1149,0.000000
59.1249,0.013437
59.1349,0.008869
59.1449,0.002580
59.1549,0.007934
59.1649,0.000000
59.1749,0.000000
59.1849,0.000000
59.1949,0.000000
59.2049,0.000000
59.2149,0.000000
59.2249,0.011462
59.2349,0.003680
59.2449,0.009166
59.2549,0.000000
59.2649,0.000000
59.2749,0.009948
59.2849,0.000000
59.2949,0.018369
59.3049,0.000000
59.3149,0.012650
59.3249,0.000000
59.3349,0.015734
59.3449,0.048122
59.3549,0.000000
59.3649,0.010431
59.3749,0.000000
59.3849,0.006402
59.3949,0.000000
59.4050,0.001947
59.4150,0.000000
59.4250,0.011708
59.4350,0.000000
59.4450,0.018625
59.4550,0.000000
59.4650,0.000000
59.4750,0.023924
59.4850,0.000000
59.4950,0.028615
59.5050,0.018320
59.5150,0.000000
59.5250,0.000000
59.5350,0.001816
59.5450,0.022895
59.5550,0.006563
59.5650,0.002644
59.5750,0.000000
59.5850,0.000000
59.5950,0.019569
59.6050,0.000056
59.6150,0.000000
59.6250,0.000000
59.6350,0.000000
59.6450,0.000000
59.6550,0.000000
59.6650,0.022476
59.6750,0.000000
59.6850,0.010566
59.6950,0.000000
59.7050,0.008525
59.7150,0.000000
59.7250,0.000000
59.7350,0.002714
59.7450,0.000000
59.7550,0.000000
59.7650,0.013834
59.7750,0.003645
59.7850,0.000000
59.7950,0.000000
59.8050,0.000000
59.8150,0.003358
59.8250,0.024202
59.8350,0.003047
59.8450,0.000000
59.8550,0.003377
59.8650,0.000000
59.8750,0.012961
59.8850,0.009101
59.8950,0.000000
59.9050,0.008179
59.9150,0.000000
59.9250,0.000000
59.9350,0.000000
59.9450,0.006165
59.9550,0.000000
59.9650,0.010569
59.9750,0.011450
59.9850,0.000705
59.9950,0.000000
60.0050,0.000000
60.0150,0.015389
60.0250,0.000000
60.0350,0.015967
60.0450,0.000000
60.0550,0.000000
60.0650,0.000000
60.0750,0.000000
60.0850,0.009204
60.0950,0.000000
60.1050,0.007480
60.1150,0.001335
60.1250,0.000000
60.1350,0.012820
60.1450,0.000000
60.1550,0.005200
60.1650,0.024292
60.1750,0.021599
60.1850,0.005847
60.1950,0.000000
60.2050,0.000000
60.2150,0.000000
60.2250,0.008157
60.2350,0.000000
60.2450,0.011361
60.2550,0.031997
60.2650,0.000000
60.2750,0.000000
60.2850,0.000000
60.2950,0.011648
60.3050,0.000000
60.3150,0.013152
60.3250,0.000000
60.3350,0.012459
60.3450,0.000000
60.3550,0.000000
60.3650,0.000000
60.3750,0.000000
60.3850,0.029840
60.3950,0.000000
60.4050,0.009668
60.4150,0.000000
60.4250,0.000000
60.4350,0.000000
60.4450,0.016518
60.4550,0.000000
60.4650,0.000000
60.4750,0.002332
60.4850,0.007485
60.4950,0.024643
60.5050,0.005306
60.5150,0.009660
60.5250,0.010789
60.5350,0.000000
60.5450,0.000000
60.5550,0.000000
60.5650,0.000000
60.5750,0.011932
60.5850,0.004351
60.5950,0.001192
60.6051,0.000000
60.6151,0.030832
60.6251,0.000000
60.6351,0.030777
60.6451,0.000000
60.6551,0.000000
60.6651,0.000000
60.6751,0.005432
60.6851,0.000000
60.6951,0.000000
60.7051,0.000000
60.7151,0.011660
60.7251,0.010672
60.7351,0.027181
60.7451,0.000000
60.7551,0.003282
60.7651,0.000000
60.7751,0.000000
60.7851,0.000000
60.7951,0.006967
60.8051,0.015255
60.8151,0.014866
60.8251,0.000000
60.8351,0.014977
60.8451,0.000000
60.8551,0.000000
60.8651,0.000000
60.8751,0.000000
60.8851,0.026135
60.8951,0.004611
60.9051,0.002619
60.9151,0.000000
60.9251,0.036690
60.9351,0.019575
60.9451,0.000000
60.9551,0.000000
60.9651,0.000000
60.9751,0.002188
60.9851,0.000000
60.9951,0.006582
61.0051,0.021781
61.0151,0.000000
61.0251,0.000000
61.0351,0.000000
61.0451,0.000000
61.0551,0.029977
61.0651,0.015026
61.0751,0.014165
61.0851,0.000000
61.0951,0.000000
61.1051,0.000000
61.1151,0.011726
61.1251,0.007366
61.1351,0.019290
61.1451,0.000000
61.1551,0.000000
61.1651,0.002551
61.1751,0.013378
61.1851,0.000000
61.1951,0.011041
61.2051,0.000000
61.2151,0.000000
61.2251,0.000000
61.2351,0.000000
61.2451,0.021716
61.2551,0.025120
61.2651,0.005331
61.2751,0.029430
61.2851,0.000000
61.2951,0.014300
61.3051,0.000000
61.3151,0.000000
61.3251,0.000000
61.3351,0.000000
61.3451,0.019306
61.3551,0.000000
61.3651,0.000000
61.3751,0.000000
61.3851,0.000000
61.3951,0.026452
61.4051,0.031407
61.4151,0.000000
61.4251,0.000000
61.4351,0.000000
61.4451,0.014825
61.4551,0.004299
61.4651,0.000000
61.4751,0.001089
61.4851,0.000000
61.4951,0.024214
61.5051,0.008204
61.5151,0.010047
61.5251,0.000000
61.5351,0.000000
61.5451,0.031248
61.5551,0.019892
61.5651,0.000000
61.5751,0.000000
61.5851,0.000000
61.5951,0.025667
61.6051,0.003664
61.6151,0.000000
61.6251,0.000512
61.6351,0.000000
61.6451,0.000000
61.6551,0.000547
61.6651,0.012685
61.6751,0.000000
61.6851,0.000000
61.6951,0.015145
61.7051,0.000000
61.7151,0.003438
61.7251,0.000990
61.7351,0.025716
61.7451,0.000000
61.7551,0.000000
61.7651,0.012824
61.7751,0.000000
61.7851,0.000000
61.7951,0.000000
61.8052,0.000000
61.8152,0.012726
61.8252,0.008312
61.8352,0.000000
61.8452,0.002050
61.8552,0.022357
61.8652,0.000000
61.8752,0.002178
61.8852,0.000000
61.8952,0.000000
61.9052,0.000000
61.9152,0.021161
61.9252,0.000000
61.9352,0.015391
61.9452,0.000000
61.9552,0.000000
61.9652,0.018197
61.9752,0.014908
61.9852,0.003130
61.9952,0.011417
62.0052,0.000000
62.0152,0.000000
62.0252,0.000000
62.0352,0.013561
62.0452,0.000000
62.0552,0.022277
62.0652,0.000000
62.0752,0.000308
62.0852,0.011381
62.0952,0.000358
62.1052,0.000000
62.1152,0.000000
62.1252,0.013407
62.1352,0.000000
62.1452,0.000000
62.1552,0.000154
62.1652,0.012969
62.1752,0.000000
62.1852,0.027124
62.1952,0.000000
62.2052,0.000000
62.2152,0.000000
62.2252,0.000000
62.2352,0.000000
62.2452,0.000000
62.2552,0.017037
62.2652,0.000000
62.2752,0.000000
62.2852,0.018398
62.2952,0.023268
62.3052,0.018831
62.3152,0.000000
62.3252,0.000000
62.3352,0.027206
62.3452,0.003617
62.3552,0.000000
62.3652,0.010775
62.3752,0.015109
62.3852,0.000000
62.3952,0.003292
62.4052,0.013898
62.4152,0.000000
62.4252,0.000185
62.4352,0.000000
62.4452,0.000000
62.4552,0.000000
62.4652,0.007157
62.4752,0.000000
62.4852,0.000000
62.4952,0.000773
62.5052,0.000000
62.5152,0.006432
62.5252,0.016971
62.5352,0.000000
62.5452,0.000000
62.5552,0.005602
62.5652,0.000000
62.5752,0.008052
62.5852,0.046528
62.5952,0.000000
62.6052,0.000000
62.6152,0.011154
62.6252,0.024680
62.6352,0.014625
62.6452,0.000000
62.6552,0.008451
62.6652,0.038579
62.6752,0.009337
62.6852,0.000000
62.6952,0.004227
62.7052,0.000000
62.7152,0.018492
62.7252,0.000000
62.7352,0.001114
62.7452,0.000000
62.7552,0.000000
62.7652,0.022292
62.7752,0.001552
62.7852,0.000000
62.7952,0.000000
62.8052,0.000000
62.8152,0.000000
62.8252,0.001679
62.8352,0.014704
62.8452,0.000000
62.8552,0.023558
62.8652,0.000000
62.8752,0.000000
62.8852,0.000000
62.8952,0.014861
62.9052,0.031463
62.9152,0.000000
62.9252,0.000000
62.9352,0.018972
62.9452,0.000000
62.9552,0.008500
62.9652,0.018322
62.9752,0.001173
62.9852,0.008254
62.9952,0.026414
63.0053,0.029226
63.0153,0.000000
63.0253,0.000000
63.0353,0.000000
63.0453,0.014654
63.0553,0.000000
63.0653,0.000000
63.0753,0.001540
63.0853,0.000000
63.0953,0.004197
63.1053,0.038468
63.1153,0.000000
63.1253,0.000000
63.1353,0.015230
63.1453,0.003594
63.1553,0.021590
63.1653,0.002470
63.1753,0.000000
63.1853,0.000000
63.1953,0.000000
63.2053,0.000000
63.2153,0.005690
63.2253,0.000000
63.2353,0.018834
63.2453,0.000454
63.2553,0.000000
63.2653,0.000000
63.2753,0.009334
63.2853,0.000000
63.2953,0.000000
63.3053,0.017825
63.3153,0.005319
63.3253,0.000000
63.3353,0.009621
63.3453,0.000134
63.3553,0.005745
63.3653,0.000000
63.3753,0.031056
63.3853,0.000000
63.3953,0.023340
63.4053,0.000000
63.4153,0.012106
63.4253,0.011013
63.4353,0.017203
63.4453,0.000000
63.4553,0.016135
63.4653,0.027697
63.4753,0.000000
63.4853,0.000521
63.4953,0.000000
63.5053,0.000000
63.5153,0.025671
63.5253,0.000000
63.5353,0.000000
63.5453,0.024164
63.5553,0.009368
63.5653,0.031806
63.5753,0.000000
63.5853,0.001894
63.5953,0.000000
63.6053,0.002150
63.6153,0.000000
63.6253,0.010274
63.6353,0.004852
63.6453,0.000000
63.6553,0.000000
63.6653,0.000000
63.6753,0.010916
63.6853,0.000000
63.6953,0.007678
63.7053,0.031117
63.7153,0.022283
63.7253,0.000000
63.7353,0.000000
63.7453,0.006322
63.7553,0.000000
63.7653,0.000000
63.7753,0.005780
63.7853,0.000000
63.7953,0.028715
63.8053,0.000000
63.8153,0.017520
63.8253,0.000000
63.8353,0.000000
63.8453,0.010825
63.8553,0.016256
63.8653,0.000000
63.8753,0.000361
63.8853,0.000000
63.8953,0.000000
63.9053,0.012554
63.9153,0.000000
63.9253,0.000000
63.9353,0.000000
63.9453,0.000000
63.9553,0.026372
63.9653,0.001094
63.9753,0.000000
63.9853,0.000000
63.9953,0.000000
64.0053,0.000000
64.0153,0.020405
64.0253,0.000000
64.0353,0.028361
64.0453,0.000000
64.0553,0.000000
64.0653,0.009613
64.0753,0.000000
64.0853,0.003074
64.0953,0.000000
64.1053,0.022291
64.1153,0.014470
64.1253,0.000000
64.1353,0.018632
64.1453,0.000000
64.1553,0.000000
64.1653,0.002957
64.1753,0.000000
64.1853,0.023077
64.1953,0.005109
64.2054,0.003085
64.2154,0.013510
64.2254,0.016393
64.2354,0.011754
64.2454,0.021292
64.2554,0.009130
64.2654,0.002515
64.2754,0.018588
64.2854,0.000000
64.2954,0.000499
64.3054,0.025824
64.3154,0.024329
64.3254,0.000000
64.3354,0.000000
64.3454,0.021948
64.3554,0.012006
64.3654,0.004734
64.3754,0.000000
64.3854,0.004975
64.3954,0.000000
64.4054,0.000000
64.4154,0.001936
64.4254,0.003981
64.4354,0.000000
64.4454,0.013557
64.4554,0.019332
64.4654,0.014548
64.4754,0.000000
64.4854,0.011337
64.4954,0.001169
64.5054,0.000000
64.5154,0.010091
64.5254,0.002192
64.5354,0.038903
64.5454,0.021859
64.5554,0.010667
64.5654,0.003738
64.5754,0.002456
64.5854,0.000000
64.5954,0.000000
64.6054,0.000000
64.6154,0.000000
64.6254,0.000000
64.6354,0.000000
64.6454,0.000000
64.6554,0.000000
64.6654,0.000000
64.6754,0.000000
64.6854,0.025858
64.6954,0.009932
64.7054,0.000000
64.7154,0.000000
64.7254,0.000000
64.7354,0.000000
64.7454,0.000000
64.7554,0.015158
64.7654,0.000000
64.7754,0.000000
64.7854,0.000000
64.7954,0.001770
64.8054,0.000000
64.8154,0.000000
64.8254,0.013020
64.8354,0.006768
64.8454,0.033447
64.8554,0.018767
64.8654,0.021734
64.8754,0.042001
64.8854,0.011372
64.8954,0.002446
64.9054,0.014606
64.9154,0.000000
64.9254,0.001615
64.9354,0.000000
64.9454,0.005970
64.9554,0.000000
64.9654,0.000000
64.9754,0.006202
64.9854,0.000000
64.9954,0.000000
65.0054,0.000000
65.0154,0.000000
65.0254,0.000000
65.0354,0.006216
65.0454,0.003284
65.0554,0.015979
65.0654,0.011292
65.0754,0.016079
65.0854,0.009126
65.0954,0.003145
65.1054,0.016490
65.1154,0.013791
65.1254,0.005641
65.1354,0.019066
65.1454,0.000000
65.1554,0.000000
65.1654,0.000000
65.1754,0.017290
65.1854,0.023571
65.1954,0.000000
65.2054,0.021168
65.2154,0.000000
65.2254,0.000000
65.2354,0.000000
65.2454,0.000000
65.2554,0.000000
65.2654,0.009748
65.2754,0.010191
65.2854,0.015811
65.2954,0.000000
65.3054,0.000000
65.3154,0.000000
65.3254,0.025320
65.3354,0.000000
65.3454,0.000000
65.3554,0.000083
65.3654,0.000000
65.3754,0.000000
65.3854,0.000000
65.3954,0.000000
65.4055,0.000967
65.4155,0.009422
65.4255,0.000000
65.4355,0.000000
65.4455,0.000000
65.4555,0.000000
65.4655,0.000000
65.4755,0.006923
65.4855,0.000000
65.4955,0.018923
65.5055,0.008866
65.5155,0.017551
65.5255,0.000000
65.5355,0.000000
65.5455,0.000000
65.5555,0.000000
65.5655,0.018782
65.5755,0.022312
65.5855,0.000000
65.5955,0.000000
65.6055,0.000000
65.6155,0.008784
65.6255,0.000000
65.6355,0.000000
65.6455,0.007344
65.6555,0.000000
65.6655,0.000000
65.6755,0.002431
65.6855,0.006235
65.6955,0.000000
65.7055,0.000000
65.7155,0.012669
65.7255,0.004278
65.7355,0.000000
65.7455,0.000566
65.7555,0.005748
65.7655,0.025774
65.7755,0.011795
65.7855,0.018218
65.7955,0.000000
65.8055,0.000000
65.8155,0.000000
65.8255,0.000000
65.8355,0.000000
65.8455,0.018989
65.8555,0.013250
65.8655,0.000000
65.8755,0.009626
65.8855,0.003343
65.8955,0.010797
65.9055,0.000000
65.9155,0.000000
65.9255,0.000000
65.9355,0.009355
65.9455,0.000000
65.9555,0.000000
65.9655,0.000000
65.9755,0.000000
65.9855,0.000958
65.9955,0.025256
66.0055,0.008741
66.0155,0.001223
66.0255,0.000000
66.0355,0.016563
66.0455,0.000000
66.0555,0.000000
66.0655,0.000000
66.0755,0.021284
66.0855,0.005887
66.0955,0.000000
66.1055,0.000000
66.1155,0.007645
66.1255,0.000000
66.1355,0.000000
66.1455,0.000000
66.1555,0.005084
66.1655,0.000000
66.1755,0.000000
66.1855,0.000000
66.1955,0.001165
66.2055,0.000000
66.2155,0.000000
66.2255,0.002982
66.2355,0.011220
66.2455,0.010523
66.2555,0.008291
66.2655,0.000000
66.2755,0.000000
66.2855,0.000000
66.2955,0.000000
66.3055,0.000295
66.3155,0.000000
66.3255,0.001441
66.3355,0.000000
66.3455,0.000000
66.3555,0.012291
66.3655,0.000000
66.3755,0.000000
66.3855,0.000000
66.3955,0.006346
66.4055,0.020624
66.4155,0.000000
66.4255,0.000000
66.4355,0.016074
66.4455,0.000000
66.4555,0.029503
66.4655,0.036662
66.4755,0.000000
66.4855,0.000000
66.4955,0.000000
66.5055,0.000000
66.5155,0.000000
66.5255,0.012176
66.5355,0.000000
66.5455,0.000000
66.5555,0.000000
66.5655,0.007722
66.5755,0.000000
66.5855,0.000000
66.5955,0.029891
66.6056,0.000000
66.6156,0.000000
66.6256,0.000000
66.6356,0.008221
66.6456,0.026592
66.6556,0.008699
66.6656,0.000000
66.6756,0.000000
66.6856,0.000000
66.6956,0.000000
66.7056,0.000000
66.7156,0.012290
66.7256,0.000000
66.7356,0.022400
66.7456,0.027309
66.7556,0.000000
66.7656,0.006585
66.7756,0.000000
66.7856,0.009355
66.7956,0.000000
66.8056,0.000000
66.8156,0.000000
66.8256,0.000000
66.8356,0.000000
66.8456,0.014245
66.8556,0.000000
66.8656,0.026025
66.8756,0.000000
66.8856,0.024231
66.8956,0.000000
66.9056,0.000000
66.9156,0.000000
66.9256,0.000000
66.9356,0.012020
66.9456,0.022497
66.9556,0.017858
66.9656,0.000000
66.9756,0.002764
66.9856,0.000000
66.9956,0.000000
67.0056,0.000000
67.0156,0.000000
67.0256,0.003744
67.0356,0.000000
67.0456,0.000000
67.0556,0.022740
67.0656,0.016829
67.0756,0.000000
67.0856,0.000000
67.0956,0.006897
67.1056,0.000000
67.1156,0.016652
67.1256,0.000000
67.1356,0.027470
67.1456,0.000000
67.1556,0.013772
67.1656,0.000000
67.1756,0.000000
67.1856,0.000000
67.1956,0.008936
67.2056,0.010142
67.2156,0.026777
67.2256,0.015121
67.2356,0.000000
67.2456,0.000000
67.2556,0.000000
67.2656,0.022098
67.2756,0.000000
67.2856,0.022203
67.2956,0.007876
67.3056,0.004949
67.3156,0.000000
67.3256,0.009910
67.3356,0.000000
67.3456,0.000000
67.3556,0.010440
67.3656,0.000000
67.3756,0.000000
67.3856,0.008997
67.3956,0.000000
67.4056,0.007334
67.4156,0.000000
67.4256,0.000000
67.4356,0.026026
67.4456,0.023199
67.4556,0.013257
67.4656,0.000000
67.4756,0.000000
67.4856,0.020735
67.4956,0.000000
67.5056,0.000000
67.5156,0.028084
67.5256,0.000000
67.5356,0.026526
67.5456,0.000000
67.5556,0.007773
67.5656,0.031066
67.5756,0.000446
67.5856,0.000000
67.5956,0.000000
67.6056,0.016235
67.6156,0.000000
67.6256,0.000000
67.6356,0.000000
67.6456,0.023353
67.6556,0.017323
67.6656,0.000000
67.6756,0.000000
67.6856,0.023039
67.6956,0.000000
67.7056,0.000000
67.7156,0.000000
67.7256,0.000000
67.7356,0.000000
67.7456,0.000000
67.7556,0.011166
67.7656,0.000000
67.7756,0.005335
67.7856,0.000000
67.7956,0.000978
67.8057,0.028814
67.8157,0.000000
67.8257,0.005766
67.8357,0.000000
67.8457,0.022802
67.8557,0.000000
67.8657,0.015758
67.8757,0.000000
67.8857,0.009174
67.8957,0.010065
67.9057,0.000000
67.9157,0.016379
67.9257,0.000000
67.9357,0.011669
67.9457,0.000000
67.9557,0.005243
67.9657,0.000000
67.9757,0.000750
67.9857,0.000000
67.9957,0.003713
68.0057,0.000663
68.0157,0.000000
68.0257,0.000000
68.0357,0.002010
68.0457,0.000000
68.0557,0.000000
68.0657,0.000000
68.0757,0.035186
68.0857,0.015887
68.0957,0.004096
68.1057,0.017582
68.1157,0.000000
68.1257,0.000000
68.1357,0.000000
68.1457,0.000000
68.1557,0.000000
68.1657,0.003085
68.1757,0.013806
68.1857,0.000000
68.1957,0.005994
68.2057,0.000216
68.2157,0.005213
68.2257,0.000000
68.2357,0.020747
68.2457,0.000000
68.2557,0.026613
68.2657,0.000000
68.2757,0.011142
68.2857,0.000000
68.2957,0.000000
68.3057,0.009485
68.3157,0.000000
68.3257,0.000000
68.3357,0.000000
68.3457,0.019086
68.3557,0.018454
68.3657,0.028310
68.3757,0.000000
68.3857,0.000000
68.3957,0.000000
68.4057,0.000171
68.4157,0.000000
68.4257,0.024729
68.4357,0.033593
68.4457,0.007174
68.4557,0.000000
68.4657,0.000000
68.4757,0.023197
68.4857,0.001145
68.4957,0.000000
68.5057,0.007218
68.5157,0.000000
68.5257,0.002203
68.5357,0.000000
68.5457,0.016306
68.5557,0.000000
68.5657,0.017382
68.5757,0.000000
68.5857,0.000000
68.5957,0.000000
68.6057,0.011396
68.6157,0.000000
68.6257,0.000000
68.6357,0.000016
68.6457,0.001818
68.6557,0.000000
68.6657,0.000000
68.6757,0.011928
68.6857,0.000000
68.6957,0.000000
68.7057,0.002436
68.7157,0.000000
68.7257,0.000000
68.7357,0.000000
68.7457,0.014911
68.7557,0.000000
68.7657,0.000000
68.7757,0.000000
68.7857,0.014121
68.7957,0.000000
68.8057,0.000000
68.8157,0.001384
68.8257,0.000000
68.8357,0.000000
68.8457,0.000000
68.8557,0.000000
68.8657,0.020360
68.8757,0.000000
68.8857,0.006993
68.8957,0.000000
68.9057,0.011393
68.9157,0.000000
68.9257,0.000588
68.9357,0.000793
68.9457,0.034917
68.9557,0.009456
68.9657,0.000000
68.9757,0.010276
68.9857,0.032073
68.9957,0.000000
69.0058,0.000000
69.0158,0.000000
69.0258,0.000000
69.0358,0.000000
69.0458,0.000000
69.0558,0.021059
69.0658,0.000000
69.0758,0.000000
69.0858,0.015687
69.0958,0.000000
69.1058,0.000000
69.1158,0.000000
69.1258,0.000000
69.1358,0.000000
69.1458,0.003078
69.1558,0.000000
69.1658,0.012196
69.1758,0.001733
69.1858,0.002848
69.1958,0.021616
69.2058,0.000000
69.2158,0.000000
69.2258,0.000000
69.2358,0.000000
69.2458,0.000000
69.2558,0.000000
69.2658,0.000000
69.2758,0.000000
69.2858,0.005397
69.2958,0.002044
69.3058,0.017993
69.3158,0.029332
69.3258,0.011390
69.3358,0.020738
69.3458,0.011502
69.3558,0.025648
69.3658,0.027763
69.3758,0.014267
69.3858,0.010596
69.3958,0.000000
69.4058,0.000000
69.4158,0.000000
69.4258,0.009319
69.4358,0.000000
69.4458,0.000000
69.4558,0.000000
69.4658,0.025846
69.4758,0.000000
69.4858,0.006834
69.4958,0.021867
69.5058,0.004504
69.5158,0.021665
69.5258,0.000000
69.5358,0.035961
69.5458,0.016307
69.5558,0.003138
69.5658,0.021376
69.5758,0.000000
69.5858,0.000000
69.5958,0.021664
69.6058,0.000000
69.6158,0.008407
69.6258,0.007983
69.6358,0.029538
69.6458,0.000000
69.6558,0.024144
69.6658,0.000000
69.6758,0.000000
69.6858,0.000000
69.6958,0.000000
69.7058,0.006053
69.7158,0.000000
69.7258,0.011104
69.7358,0.000000
69.7458,0.000000
69.7558,0.000000
69.7658,0.005051
69.7758,0.000000
69.7858,0.000513
69.7958,0.010443
69.8058,0.016236
69.8158,0.000000
69.8258,0.000000
69.8358,0.001141
69.8458,0.007060
69.8558,0.000000
69.8658,0.000000
69.8758,0.000000
69.8858,0.000000
69.8958,0.000000
69.9058,0.010606
69.9158,0.000000
69.9258,0.000000
69.9358,0.000000
69.9458,0.000000
69.9558,0.000000
69.9658,0.000000
69.9758,0.000000
69.9858,0.000000
69.9958,0.002278
70.0058,0.000000
70.0158,0.022168
70.0258,0.007323
70.0358,0.000000
70.0458,0.001418
70.0558,0.001860
70.0658,0.018221
70.0758,0.000000
70.0858,0.011510
70.0958,0.000628
70.1058,0.022373
70.1158,0.019363
70.1258,0.002955
70.1358,0.000000
70.1458,0.007599
70.1558,0.000000
70.1658,0.025205
70.1758,0.001177
70.1858,0.000000
70.1958,0.000000
70.2059,0.000000
70.2159,0.008348
70.2259,0.000000
70.2359,0.016472
70.2459,0.000000
70.2559,0.001909
70.2659,0.017253
70.2759,0.000000
70.2859,0.030274
70.2959,0.000000
70.3059,0.002116
70.3159,0.008572
70.3259,0.010892
70.3359,0.004108
70.3459,0.014961
70.3559,0.007786
70.3659,0.026413
70.3759,0.007835
70.3859,0.029470
70.3959,0.013516
70.4059,0.000000
70.4159,0.039167
70.4259,0.000000
70.4359,0.022433
70.4459,0.000402
70.4559,0.015916
70.4659,0.000000
70.4759,0.009386
70.4859,0.000000
70.4959,0.023685
70.5059,0.006580
70.5159,0.014039
70.5259,0.000000
70.5359,0.000000
70.5459,0.006158
70.5559,0.003354
70.5659,0.014417
70.5759,0.000000
70.5859,0.000732
70.5959,0.017718
70.6059,0.000000
70.6159,0.008840
70.6259,0.000000
70.6359,0.000000
70.6459,0.005048
70.6559,0.018412
70.6659,0.015587
70.6759,0.000000
70.6859,0.013136
70.6959,0.013021
70.7059,0.000000
70.7159,0.000000
70.7259,0.000000
70.7359,0.012568
70.7459,0.000000
70.7559,0.000000
70.7659,0.000000
70.7759,0.012477
70.7859,0.000000
70.7959,0.004956
70.8059,0.018596
70.8159,0.000000
70.8259,0.000000
70.8359,0.000000
70.8459,0.005696
70.8559,0.018587
70.8659,0.000000
70.8759,0.008547
70.8859,0.015473
70.8959,0.000000
70.9059,0.000000
70.9159,0.006277
70.9259,0.005172
70.9359,0.008735
70.9459,0.008419
70.9559,0.000000
70.9659,0.014854
70.9759,0.017502
70.9859,0.002791
70.9959,0.000000
71.0059,0.000000
71.0159,0.002916
71.0259,0.000000
71.0359,0.000000
71.0459,0.000000
71.0559,0.009109
71.0659,0.002489
71.0759,0.000000
71.0859,0.005272
71.0959,0.000000
71.1059,0.007746
71.1159,0.000000
71.1259,0.000000
71.1359,0.000000
71.1459,0.000000
71.1559,0.000282
71.1659,0.002219
71.1759,0.000000
71.1859,0.000000
71.1959,0.000000
71.2059,0.037616
71.2159,0.000000
71.2259,0.000000
71.2359,0.049408
71.2459,0.006315
71.2559,0.000000
71.2659,0.070096
71.2759,0.096639
71.2859,0.180792
71.2959,0.220422
71.3059,0.195637
71.3159,0.206236
71.3259,0.171707
71.3359,0.160187
71.3459,0.135778
71.3559,0.107530
71.3659,0.109581
71.3759,0.106009
71.3859,0.078564
71.3959,0.093403
71.4060,0.070076
71.4160,0.052477
71.4260,0.046012
71.4360,0.038127
71.4460,0.011933
71.4560,0.024708
71.4660,0.025381
71.4760,0.012396
71.4860,0.020778
71.4960,0.013544
71.5060,0.022718
71.5160,0.019273
71.5260,0.010326
71.5360,0.000000
71.5460,0.032341
71.5560,0.002455
71.5660,0.002618
71.5760,0.000000
71.5860,0.000000
71.5960,0.025392
71.6060,0.022653
71.6160,0.008219
71.6260,0.000000
71.6360,0.010368
71.6460,0.002008
71.6560,0.000000
71.6660,0.005698
71.6760,0.000000
71.6860,0.004219
71.6960,0.003426
71.7060,0.009347
71.7160,0.000000
71.7260,0.010862
71.7360,0.000000
71.7460,0.000000
71.7560,0.000000
71.7660,0.000000
71.7760,0.015319
71.7860,0.000000
71.7960,0.000000
71.8060,0.018880
71.8160,0.000000
71.8260,0.000000
71.8360,0.000000
71.8460,0.012518
71.8560,0.012721
71.8660,0.011101
71.8760,0.008077
71.8860,0.001115
71.8960,0.000000
71.9060,0.000000
71.9160,0.019355
71.9260,0.011478
71.9360,0.000000
71.9460,0.000601
71.9560,0.000000
71.9660,0.000000
71.9760,0.002667
71.9860,0.000000
71.9960,0.000000
72.0060,0.000000
72.0160,0.000000
72.0260,0.000000
72.0360,0.000000
72.0460,0.000000
72.0560,0.009762
72.0660,0.000000
72.0760,0.008654
72.0860,0.000000
72.0960,0.000000
72.1060,0.001712
72.1160,0.000000
72.1260,0.008092
72.1360,0.000000
72.1460,0.013774
72.1560,0.000000
72.1660,0.015938
72.1760,0.000000
72.1860,0.000000
72.1960,0.005714
72.2060,0.017557
72.2160,0.024999
72.2260,0.000621
72.2360,0.027566
72.2460,0.000000
72.2560,0.016482
72.2660,0.000000
72.2760,0.006303
72.2860,0.000000
72.2960,0.000000
72.3060,0.007000
72.3160,0.000000
72.3260,0.006404
72.3360,0.013597
72.3460,0.000000
72.3560,0.000000
72.3660,0.000000
72.3760,0.000000
72.3860,0.000000
72.3960,0.001531
72.4060,0.000000
72.4160,0.025115
72.4260,0.000000
72.4360,0.020871
72.4460,0.000000
72.4560,0.001092
72.4660,0.017747
72.4760,0.016970
72.4860,0.000000
72.4960,0.008326
72.5060,0.006318
72.5160,0.000000
72.5260,0.009239
72.5360,0.027937
72.5460,0.007076
72.5560,0.008495
72.5660,0.010082
72.5760,0.000000
72.5860,0.006903
72.5960,0.000000
72.6061,0.000000
72.6161,0.032429
72.6261,0.000000
72.6361,0.000000
72.6461,0.017289
72.6561,0.000000
72.6661,0.000000
72.6761,0.018736
72.6861,0.000642
72.6961,0.000000
72.7061,0.008160
72.7161,0.000000
72.7261,0.023098
72.7361,0.000000
72.7461,0.015768
72.7561,0.026635
72.7661,0.000000
72.7761,0.000000
72.7861,0.005829
72.7961,0.000000
72.8061,0.004054
72.8161,0.000000
72.8261,0.000000
72.8361,0.000734
72.8461,0.001069
72.8561,0.002458
72.8661,0.000000
72.8761,0.000000
72.8861,0.000000
72.8961,0.000000
72.9061,0.000000
72.9161,0.004859
72.9261,0.000000
72.9361,0.000000
72.9461,0.000000
72.9561,0.000000
72.9661,0.024438
72.9761,0.000283
72.9861,0.002652
72.9961,0.000000
73.0061,0.000000
73.0161,0.000000
73.0261,0.000000
73.0361,0.000000
73.0461,0.000000
73.0561,0.000000
73.0661,0.000000
73.0761,0.021959
73.0861,0.012456
73.0961,0.019786
73.1061,0.020816
73.1161,0.010095
73.1261,0.000000
73.1361,0.000000
73.1461,0.017201
73.1561,0.000969
73.1661,0.037410
73.1761,0.000000
73.1861,0.029593
73.1961,0.000000
73.2061,0.020041
73.2161,0.025450
73.2261,0.000000
73.2361,0.000000
73.2461,0.000000
73.2561,0.000000
73.2661,0.010006
73.2761,0.000000
73.2861,0.000785
73.2961,0.008344
73.3061,0.000000
73.3161,0.019301
73.3261,0.000000
73.3361,0.007986
73.3461,0.009311
73.3561,0.020562
73.3661,0.000000
73.3761,0.000000
73.3861,0.000857
73.3961,0.003011
73.4061,0.000000
73.4161,0.002212
73.4261,0.000000
73.4361,0.000000
73.4461,0.010072
73.4561,0.000000
73.4661,0.000000
73.4761,0.000000
73.4861,0.018532
73.4961,0.000000
73.5061,0.001186
73.5161,0.000000
73.5261,0.006943
73.5361,0.020240
73.5461,0.009718
73.5561,0.010303
73.5661,0.009093
73.5761,0.000000
73.5861,0.000000
73.5961,0.000000
73.6061,0.000000
73.6161,0.000000
73.6261,0.000000
73.6361,0.000000
73.6461,0.000000
73.6561,0.000000
73.6661,0.000000
73.6761,0.001184
73.6861,0.000000
73.6961,0.016359
73.7061,0.000000
73.7161,0.010445
73.7261,0.003048
73.7361,0.000000
73.7461,0.000000
73.7561,0.000000
73.7661,0.000000
73.7761,0.000000
73.7861,0.005729
73.7961,0.000000
73.8062,0.000221
73.8162,0.008586
73.8262,0.013614
73.8362,0.000000
73.8462,0.000266
73.8562,0.002762
73.8662,0.023207
73.8762,0.000000
73.8862,0.000000
73.8962,0.042067
73.9062,0.000000
73.9162,0.000000
73.9262,0.000000
73.9362,0.000000
73.9462,0.003614
73.9562,0.012147
73.9662,0.000000
73.9762,0.000000
73.9862,0.013855
73.9962,0.000000
74.0062,0.000000
74.0162,0.000000
74.0262,0.000000
74.0362,0.000000
74.0462,0.000000
74.0562,0.033884
74.0662,0.086745
74.0762,0.168305
74.0862,0.238604
74.0962,0.313552
74.1062,0.263327
74.1162,0.268048
74.1262,0.232449
74.1362,0.212822
74.1462,0.210152
74.1562,0.163973
74.1662,0.176625
74.1762,0.160892
74.1862,0.134666
74.1962,0.094094
74.2062,0.062700
74.2162,0.099603
74.2262,0.074212
74.2362,0.051626
74.2462,0.071752
74.2562,0.033579
74.2662,0.033430
74.2762,0.041809
74.2862,0.012150
74.2962,0.022825
74.3062,0.037033
74.3162,0.020636
74.3262,0.033429
74.3362,0.029383
74.3462,0.010514
74.3562,0.000000
74.3662,0.000000
74.3762,0.017570
74.3862,0.000000
74.3962,0.000000
74.4062,0.008655
74.4162,0.025032
74.4262,0.000000
74.4362,0.000000
74.4462,0.000951
74.4562,0.006714
74.4662,0.000000
74.4762,0.016748
74.4862,0.000000
74.4962,0.002504
74.5062,0.007263
74.5162,0.000000
74.5262,0.013002
74.5362,0.002573
74.5462,0.012115
74.5562,0.003147
74.5662,0.005842
74.5762,0.000000
74.5862,0.000000
74.5962,0.018479
74.6062,0.009627
74.6162,0.000000
74.6262,0.002779
74.6362,0.000000
74.6462,0.000000
74.6562,0.014453
74.6662,0.000000
74.6762,0.001795
74.6862,0.000000
74.6962,0.000000
74.7062,0.005089
74.7162,0.006992
74.7262,0.014446
74.7362,0.000000
74.7462,0.000000
74.7562,0.000000
74.7662,0.000000
74.7762,0.000000
74.7862,0.000000
74.7962,0.000000
74.8062,0.022633
74.8162,0.000000
74.8262,0.003300
74.8362,0.000000
74.8462,0.000000
74.8562,0.014043
74.8662,0.000000
74.8762,0.000000
74.8862,0.000000
74.8962,0.003458
74.9062,0.000000
74.9162,0.000000
74.9262,0.041631
74.9362,0.101451
74.9462,0.166398
74.9562,0.258570
74.9662,0.203386
74.9762,0.204861
74.9862,0.182699
74.9962,0.175958
75.0063,0.142052
75.0163,0.139695
75.0263,0.110304
75.0363,0.105732
75.0463,0.064244
75.0563,0.035994
75.0663,0.071170
75.0763,0.063013
75.0863,0.055747
75.0963,0.033768
75.1063,0.057893
75.1163,0.023351
75.1263,0.031983
75.1363,0.030648
75.1463,0.044132
75.1563,0.010713
75.1663,0.003219
75.1763,0.000000
75.1863,0.032464
75.1963,0.014015
75.2063,0.013239
75.2163,0.052143
75.2263,0.009385
75.2363,0.000000
75.2463,0.000210
75.2563,0.000000
75.2663,0.000000
75.2763,0.000000
75.2863,0.000000
75.2963,0.000000
75.3063,0.024951
75.3163,0.005369
75.3263,0.000000
75.3363,0.011981
75.3463,0.007580
75.3563,0.004564
75.3663,0.010632
75.3763,0.002307
75.3863,0.010301
75.3963,0.011503
75.4063,0.002613
75.4163,0.000000
75.4263,0.023076
75.4363,0.000000
75.4463,0.005953
75.4563,0.006278
75.4663,0.000000
75.4763,0.000000
75.4863,0.000000
75.4963,0.000000
75.5063,0.000000
75.5163,0.000000
75.5263,0.004013
75.5363,0.019005
75.5463,0.008329
75.5563,0.000000
75.5663,0.009629
75.5763,0.000000
75.5863,0.006803
75.5963,0.000000
75.6063,0.000000
75.6163,0.000000
75.6263,0.000000
75.6363,0.020169
75.6463,0.000000
75.6563,0.016285
75.6663,0.014100
75.6763,0.010007
75.6863,0.000000
75.6963,0.016750
75.7063,0.000000
75.7163,0.010737
75.7263,0.000000
75.7363,0.000000
75.7463,0.029646
75.7563,0.000000
75.7663,0.017192
75.7763,0.001777
75.7863,0.000000
75.7963,0.000000
75.8063,0.000000
75.8163,0.000000
75.8263,0.000000
75.8363,0.000000
75.8463,0.013880
75.8563,0.003813
75.8663,0.000000
75.8763,0.012772
75.8863,0.000000
75.8963,0.000000
75.9063,0.011200
75.9163,0.000000
75.9263,0.000000
75.9363,0.027717
75.9463,0.000000
75.9563,0.000000
75.9663,0.000000
75.9763,0.017699
75.9863,0.000000
75.9963,0.000000
76.0063,0.000000
76.0163,0.019902
76.0263,0.012482
76.0363,0.000000
76.0463,0.020599
76.0563,0.011219
76.0663,0.000000
76.0763,0.000000
76.0863,0.004940
76.0963,0.000000
76.1063,0.000068
76.1163,0.004628
76.1263,0.000000
76.1363,0.000000
76.1463,0.000000
76.1563,0.015421
76.1663,0.000000
76.1763,0.000000
76.1863,0.000000
76.1963,0.014401
76.2064,0.000000
76.2164,0.026941
76.2264,0.009933
76.2364,0.000000
76.2464,0.003595
76.2564,0.000000
76.2664,0.012891
76.2764,0.000000
76.2864,0.000000
76.2964,0.006835
76.3064,0.018386
76.3164,0.000000
76.3264,0.020617
76.3364,0.000000
76.3464,0.000000
76.3564,0.000000
76.3664,0.000000
76.3764,0.000000
76.3864,0.000000
76.3964,0.009498
76.4064,0.000000
76.4164,0.000000
76.4264,0.000000
76.4364,0.000504
76.4464,0.003462
76.4564,0.000000
76.4664,0.013522
76.4764,0.000000
76.4864,0.000000
76.4964,0.000000
76.5064,0.016123
76.5164,0.000000
76.5264,0.000000
76.5364,0.013892
76.5464,0.032141
76.5564,0.003145
76.5664,0.018508
76.5764,0.015541
76.5864,0.000000
76.5964,0.000400
76.6064,0.000000
76.6164,0.000000
76.6264,0.000000
76.6364,0.000000
76.6464,0.000000
76.6564,0.000000
76.6664,0.007983
76.6764,0.000000
76.6864,0.000000
76.6964,0.000000
76.7064,0.000000
76.7164,0.003661
76.7264,0.007550
76.7364,0.003848
76.7464,0.000000
76.7564,0.003703
76.7664,0.000000
76.7764,0.000000
76.7864,0.011129
76.7964,0.012270
76.8064,0.014233
76.8164,0.000000
76.8264,0.017690
76.8364,0.000000
76.8464,0.009803
76.8564,0.000000
76.8664,0.000000
76.8764,0.000000
76.8864,0.000000
76.8964,0.001366
76.9064,0.000000
76.9164,0.026343
76.9264,0.000000
76.9364,0.000000
76.9464,0.000000
76.9564,0.000000
76.9664,0.015471
76.9764,0.022170
76.9864,0.000000
76.9964,0.000000
77.0064,0.000000
77.0164,0.019594
77.0264,0.016815
77.0364,0.000000
77.0464,0.000000
77.0564,0.000000
77.0664,0.002559
77.0764,0.008240
77.0864,0.000000
77.0964,0.000000
77.1064,0.024274
77.1164,0.000000
77.1264,0.022345
77.1364,0.009736
77.1464,0.000000
77.1564,0.000000
77.1664,0.000000
77.1764,0.000000
77.1864,0.000000
77.1964,0.022602
77.2064,0.000000
77.2164,0.016177
77.2264,0.000000
77.2364,0.000000
77.2464,0.008428
77.2564,0.000000
77.2664,0.008519
77.2764,0.000000
77.2864,0.006596
77.2964,0.000000
77.3064,0.000000
77.3164,0.012814
77.3264,0.009334
77.3364,0.000000
77.3464,0.000000
77.3564,0.000000
77.3664,0.002793
77.3764,0.000000
77.3864,0.000000
77.3964,0.004671
77.4065,0.000000
77.4165,0.007880
77.4265,0.003356
77.4365,0.000000
77.4465,0.000000
77.4565,0.002001
77.4665,0.000000
77.4765,0.000000
77.4865,0.007187
77.4965,0.021260
77.5065,0.000000
77.5165,0.008311
77.5265,0.000000
77.5365,0.003683
77.5465,0.000000
77.5565,0.018438
77.5665,0.000000
77.5765,0.000000
77.5865,0.015882
77.5965,0.000000
77.6065,0.000000
77.6165,0.038275
77.6265,0.000000
77.6365,0.000000
77.6465,0.005200
77.6565,0.004014
77.6665,0.000000
77.6765,0.000000
77.6865,0.000000
77.6965,0.000000
77.7065,0.032253
77.7165,0.000000
77.7265,0.008954
77.7365,0.000000
77.7465,0.000000
77.7565,0.000000
77.7665,0.000000
77.7765,0.000000
77.7865,0.000000
77.7965,0.017573
77.8065,0.000000
77.8165,0.000000
77.8265,0.000000
77.8365,0.021638
77.8465,0.000000
77.8565,0.008434
77.8665,0.014552
77.8765,0.000000
77.8865,0.000000
77.8965,0.000000
77.9065,0.012896
77.9165,0.000000
77.9265,0.005880
77.9365,0.001715
77.9465,0.005657
77.9565,0.007074
77.9665,0.000000
77.9765,0.000000
77.9865,0.010724
77.9965,0.000000
78.0065,0.000000
78.0165,0.009731
78.0265,0.000000
78.0365,0.007007
78.0465,0.020892
78.0565,0.000251
78.0665,0.014936
78.0765,0.002307
78.0865,0.023811
78.0965,0.000000
78.1065,0.000000
78.1165,0.010097
78.1265,0.000000
78.1365,0.017283
78.1465,0.000000
78.1565,0.031041
78.1665,0.031833
78.1765,0.004231
78.1865,0.008289
78.1965,0.017875
78.2065,0.000000
78.2165,0.000000
78.2265,0.018846
78.2365,0.004110
78.2465,0.000000
78.2565,0.000167
78.2665,0.000000
78.2765,0.000000
78.2865,0.000000
78.2965,0.013771
78.3065,0.014925
78.3165,0.008650
78.3265,0.005932
78.3365,0.000000
78.3465,0.008860
78.3565,0.009441
78.3665,0.018678
78.3765,0.031773
78.3865,0.000000
78.3965,0.000000
78.4065,0.000000
78.4165,0.002588
78.4265,0.000201
78.4365,0.000000
78.4465,0.015414
78.4565,0.000000
78.4665,0.000000
78.4765,0.000000
78.4865,0.000000
78.4965,0.000000
78.5065,0.000000
78.5165,0.000000
78.5265,0.000000
78.5365,0.013106
78.5465,0.000000
78.5565,0.015940
78.5665,0.000000
78.5765,0.000000
78.5865,0.000000
78.5965,0.000000
78.6066,0.010683
78.6166,0.000000
78.6266,0.007776
78.6366,0.000000
78.6466,0.011386
78.6566,0.000000
78.6666,0.012775
78.6766,0.000915
78.6866,0.022814
78.6966,0.000000
78.7066,0.000000
78.7166,0.000000
78.7266,0.000000
78.7366,0.000000
78.7466,0.009323
78.7566,0.000000
78.7666,0.000000
78.7766,0.000000
78.7866,0.000000
78.7966,0.024756
78.8066,0.000000
78.8166,0.000000
78.8266,0.011941
78.8366,0.000000
78.8466,0.030582
78.8566,0.000000
78.8666,0.012690
78.8766,0.016233
78.8866,0.000000
78.8966,0.000000
78.9066,0.011120
78.9166,0.008623
78.9266,0.000000
78.9366,0.000000
78.9466,0.000000
78.9566,0.008931
78.9666,0.000000
78.9766,0.000000
78.9866,0.000000
78.9966,0.000000
79.0066,0.000000
79.0166,0.000000
79.0266,0.001768
79.0366,0.008752
79.0466,0.034044
79.0566,0.000000
79.0666,0.016731
79.0766,0.000000
79.0866,0.000000
79.0966,0.000000
79.1066,0.000000
79.1166,0.000220
79.1266,0.000000
79.1366,0.000000
79.1466,0.026040
79.1566,0.000000
79.1666,0.000000
79.1766,0.013473
79.1866,0.000000
79.1966,0.016352
79.2066,0.000000
79.2166,0.000000
79.2266,0.005172
79.2366,0.008898
79.2466,0.011527
79.2566,0.000000
79.2666,0.007929
79.2766,0.011184
79.2866,0.003009
79.2966,0.000000
79.3066,0.000000
79.3166,0.008988
79.3266,0.000633
79.3366,0.000000
79.3466,0.019166
79.3566,0.000000
79.3666,0.024661
79.3766,0.000000
79.3866,0.004763
79.3966,0.000000
79.4066,0.000000
79.4166,0.000000
79.4266,0.005021
79.4366,0.010143
79.4466,0.000000
79.4566,0.000000
79.4666,0.000000
79.4766,0.030780
79.4866,0.000000
79.4966,0.021406
79.5066,0.000000
79.5166,0.000000
79.5266,0.009378
79.5366,0.000000
79.5466,0.023883
79.5566,0.001136
79.5666,0.006913
79.5766,0.000000
79.5866,0.009881
79.5966,0.023682
79.6066,0.000000
79.6166,0.025946
79.6266,0.000000
79.6366,0.011461
79.6466,0.007337
79.6566,0.000000
79.6666,0.003207
79.6766,0.000110
79.6866,0.000000
79.6966,0.005370
79.7066,0.002194
79.7166,0.000000
79.7266,0.000000
79.7366,0.000000
79.7466,0.000000
79.7566,0.002098
79.7666,0.000000
79.7766,0.039852
79.7866,0.000000
79.7966,0.000000
79.8067,0.000000
79.8167,0.030607
79.8267,0.000000
79.8367,0.006389
79.8467,0.003726
79.8567,0.005004
79.8667,0.018545
79.8767,0.018237
79.8867,0.000000
79.8967,0.002910
79.9067,0.000000
79.9167,0.001486
79.9267,0.000000
79.9367,0.000000
79.9467,0.000000
79.9567,0.006073
79.9667,0.000000
79.9767,0.002224
79.9867,0.000000
79.9967,0.000000
80.0067,0.017321
80.0167,0.008819
80.0267,0.017238
80.0367,0.023396
80.0467,0.000000
80.0567,0.022485
80.0667,0.000000
80.0767,0.011192
80.0867,0.000000
80.0967,0.000000
80.1067,0.009217
80.1167,0.014174
80.1267,0.013729
80.1367,0.003223
80.1467,0.001979
80.1567,0.007903
80.1667,0.004556
80.1767,0.008120
80.1867,0.003060
80.1967,0.012642
80.2067,0.000000
80.2167,0.000000
80.2267,0.000000
80.2367,0.004151
80.2467,0.024629
80.2567,0.000000
80.2667,0.001909
80.2767,0.011347
80.2867,0.000000
80.2967,0.000000
80.3067,0.005468
80.3167,0.000000
80.3267,0.000000
80.3367,0.016513
80.3467,0.015045
80.3567,0.005615
80.3667,0.013233
80.3767,0.003227
80.3867,0.008331
80.3967,0.000000
80.4067,0.001737
80.4167,0.000000
80.4267,0.018952
80.4367,0.022823
80.4467,0.020699
80.4567,0.000000
80.4667,0.000000
80.4767,0.019155
80.4867,0.008159
80.4967,0.004929
80.5067,0.000000
80.5167,0.006385
80.5267,0.000000
80.5367,0.009511
80.5467,0.020683
80.5567,0.024466
80.5667,0.010628
80.5767,0.000000
80.5867,0.002960
80.5967,0.032095
80.6067,0.000000
80.6167,0.000000
80.6267,0.021203
80.6367,0.009257
80.6467,0.037202
80.6567,0.000000
80.6667,0.000000
80.6767,0.018362
80.6867,0.000000
80.6967,0.000000
80.7067,0.000000
80.7167,0.015540
80.7267,0.009214
80.7367,0.006856
80.7467,0.000000
80.7567,0.018225
80.7667,0.060387
80.7767,0.010369
80.7867,0.001495
80.7967,0.000000
80.8067,0.000000
80.8167,0.000000
80.8267,0.000000
80.8367,0.000000
80.8467,0.026670
80.8567,0.018708
80.8667,0.000000
80.8767,0.000000
80.8867,0.020061
80.8967,0.000000
80.9067,0.000000
80.9167,0.010686
80.9267,0.015385
80.9367,0.000000
80.9467,0.000000
80.9567,0.000000
80.9667,0.011018
80.9767,0.000000
80.9867,0.000000
80.9967,0.010908
81.0068,0.000000
81.0168,0.008131
81.0268,0.000000
81.0368,0.000000
81.0468,0.011329
81.0568,0.003788
81.0668,0.013837
81.0768,0.000000
81.0868,0.000000
81.0968,0.020411
81.1068,0.000000
81.1168,0.018772
81.1268,0.019808
81.1368,0.012901
81.1468,0.000000
81.1568,0.000000
81.1668,0.000000
81.1768,0.000000
81.1868,0.000000
81.1968,0.009671
81.2068,0.009740
81.2168,0.000000
81.2268,0.010142
81.2368,0.006815
81.2468,0.022648
81.2568,0.008537
81.2668,0.015879
81.2768,0.007156
81.2868,0.014699
81.2968,0.000000
81.3068,0.000000
81.3168,0.000000
81.3268,0.000000
81.3368,0.006658
81.3468,0.009516
81.3568,0.005884
81.3668,0.000000
81.3768,0.000000
81.3868,0.016458
81.3968,0.005246
81.4068,0.000000
81.4168,0.000000
81.4268,0.000000
81.4368,0.000531
81.4468,0.000000
81.4568,0.000000
81.4668,0.023769
81.4768,0.000000
81.4868,0.010596
81.4968,0.032801
81.5068,0.016159
81.5168,0.000000
81.5268,0.000000
81.5368,0.000000
81.5468,0.000000
81.5568,0.000000
81.5668,0.000000
81.5768,0.000000
81.5868,0.000000
81.5968,0.007278
81.6068,0.000000
81.6168,0.000000
81.6268,0.000000
81.6368,0.000000
81.6468,0.027546
81.6568,0.003484
81.6668,0.000000
81.6768,0.006273
81.6868,0.008185
81.6968,0.000000
81.7068,0.000000
81.7168,0.026371
81.7268,0.000000
81.7368,0.009912
81.7468,0.003001
81.7568,0.009012
81.7668,0.025603
81.7768,0.008425
81.7868,0.000000
81.7968,0.016590
81.8068,0.000000
81.8168,0.002453
81.8268,0.000000
81.8368,0.000000
81.8468,0.000771
81.8568,0.005521
81.8668,0.000000
81.8768,0.007459
81.8868,0.000000
81.8968,0.019195
81.9068,0.000000
81.9168,0.000000
81.9268,0.001137
81.9368,0.000000
81.9468,0.019034
81.9568,0.000008
81.9668,0.000000
81.9768,0.008877
81.9868,0.000000
81.9968,0.000000
82.0068,0.006125
82.0168,0.000000
82.0268,0.000000
82.0368,0.012551
82.0468,0.007876
82.0568,0.000000
82.0668,0.000000
82.0768,0.000000
82.0868,0.026645
82.0968,0.013590
82.1068,0.000000
82.1168,0.008643
82.1268,0.000000
82.1368,0.000000
82.1468,0.001573
82.1568,0.006783
82.1668,0.000000
82.1768,0.003720
82.1868,0.001175
82.1968,0.000000
82.2069,0.000000
82.2169,0.000000
82.2269,0.003479
82.2369,0.006162
82.2469,0.002975
82.2569,0.000000
82.2669,0.000000
82.2769,0.005983
82.2869,0.022075
82.2969,0.002286
82.3069,0.000000
82.3169,0.003365
82.3269,0.000000
82.3369,0.019634
82.3469,0.002799
82.3569,0.000000
82.3669,0.000000
82.3769,0.000000
82.3869,0.019675
82.3969,0.000000
82.4069,0.002330
82.4169,0.008606
82.4269,0.000000
82.4369,0.002906
82.4469,0.004117
82.4569,0.000000
82.4669,0.003790
82.4769,0.000000
82.4869,0.001949
82.4969,0.000534
82.5069,0.003888
82.5169,0.020060
82.5269,0.000000
82.5369,0.000000
82.5469,0.009999
82.5569,0.007214
82.5669,0.006891
82.5769,0.041304
82.5869,0.009212
82.5969,0.016964
82.6069,0.000000
82.6169,0.000000
82.6269,0.000000
82.6369,0.010679
82.6469,0.006102
82.6569,0.006049
82.6669,0.000000
82.6769,0.000000
82.6869,0.000000
82.6969,0.010867
82.7069,0.012611
82.7169,0.000000
82.7269,0.011435
82.7369,0.000000
82.7469,0.007034
82.7569,0.000000
82.7669,0.023487
82.7769,0.000000
82.7869,0.002679
82.7969,0.009099
82.8069,0.000000
82.8169,0.000000
82.8269,0.000000
82.8369,0.000000
82.8469,0.000000
82.8569,0.016680
82.8669,0.000000
82.8769,0.008496
82.8869,0.004719
82.8969,0.000000
82.9069,0.007788
82.9169,0.000000
82.9269,0.009421
82.9369,0.000000
82.9469,0.000126
82.9569,0.000000
82.9669,0.001836
82.9769,0.013904
82.9869,0.000000
82.9969,0.000000
83.0069,0.006819
83.0169,0.007194
83.0269,0.000000
83.0369,0.030231
83.0469,0.007928
83.0569,0.010454
83.0669,0.000000
83.0769,0.000000
83.0869,0.010121
83.0969,0.000000
83.1069,0.008159
83.1169,0.000000
83.1269,0.003571
83.1369,0.000000
83.1469,0.012966
83.1569,0.000000
83.1669,0.033684
83.1769,0.033569
83.1869,0.024490
83.1969,0.019132
83.2069,0.000000
83.2169,0.017498
83.2269,0.000000
83.2369,0.000000
83.2469,0.022548
83.2569,0.016932
83.2669,0.000000
83.2769,0.000000
83.2869,0.000000
83.2969,0.000000
83.3069,0.014176
83.3169,0.000000
83.3269,0.004302
83.3369,0.000000
83.3469,0.000000
83.3569,0.003575
83.3669,0.000000
83.3769,0.012573
83.3869,0.000000
83.3969,0.000000
83.4070,0.000000
83.4170,0.000000
83.4270,0.026973
83.4370,0.031254
83.4470,0.001391
83.4570,0.000000
83.4670,0.000000
83.4770,0.013104
83.4870,0.000000
83.4970,0.003565
83.5070,0.000000
83.5170,0.000000
83.5270,0.000000
83.5370,0.004400
83.5470,0.000000
83.5570,0.006776
83.5670,0.000000
83.5770,0.001911
83.5870,0.020759
83.5970,0.000000
83.6070,0.013797
83.6170,0.000000
83.6270,0.000000
83.6370,0.000415
83.6470,0.028850
83.6570,0.000000
83.6670,0.000000
83.6770,0.021850
83.6870,0.000000
83.6970,0.000000
83.7070,0.004976
83.7170,0.002768
83.7270,0.023487
83.7370,0.006727
83.7470,0.019917
83.7570,0.000000
83.7670,0.000000
83.7770,0.000000
83.7870,0.000000
83.7970,0.007253
83.8070,0.000000
83.8170,0.000000
83.8270,0.007480
83.8370,0.000000
83.8470,0.011558
83.8570,0.000000
83.8670,0.017386
83.8770,0.000000
83.8870,0.009479
83.8970,0.002693
83.9070,0.011159
83.9170,0.001649
83.9270,0.000000
83.9370,0.015132
83.9470,0.000000
83.9570,0.011843
83.9670,0.010354
83.9770,0.000000
83.9870,0.000000
83.9970,0.009830
84.0070,0.000000
84.0170,0.014046
84.0270,0.000000
84.0370,0.015351
84.0470,0.006350
84.0570,0.004320
84.0670,0.000000
84.0770,0.003486
84.0870,0.017893
84.0970,0.000000
84.1070,0.007968
84.1170,0.000695
84.1270,0.001869
84.1370,0.025851
84.1470,0.018026
84.1570,0.001191
84.1670,0.003217
84.1770,0.000000
84.1870,0.000000
84.1970,0.004641
84.2070,0.012759
84.2170,0.011238
84.2270,0.000000
84.2370,0.014655
84.2470,0.000000
84.2570,0.000000
84.2670,0.020046
84.2770,0.021949
84.2870,0.003956
84.2970,0.010632
84.3070,0.011512
84.3170,0.020937
84.3270,0.010921
84.3370,0.000000
84.3470,0.030147
84.3570,0.015985
84.3670,0.000000
84.3770,0.000000
84.3870,0.007572
84.3970,0.000000
84.4070,0.004950
84.4170,0.011151
84.4270,0.000000
84.4370,0.000000
84.4470,0.005787
84.4570,0.000000
84.4670,0.002191
84.4770,0.000000
84.4870,0.000000
84.4970,0.010724
84.5070,0.009089
84.5170,0.000000
84.5270,0.000000
84.5370,0.000236
84.5470,0.008415
84.5570,0.006078
84.5670,0.000000
84.5770,0.004467
84.5870,0.022535
84.5970,0.003077
84.6071,0.000000
84.6171,0.003048
84.6271,0.030659
84.6371,0.000000
84.6471,0.000446
84.6571,0.000000
84.6671,0.001438
84.6771,0.002914
84.6871,0.017100
84.6971,0.001272
84.7071,0.019159
84.7171,0.000000
84.7271,0.000000
84.7371,0.000000
84.7471,0.000000
84.7571,0.004137
84.7671,0.030810
84.7771,0.006874
84.7871,0.010301
84.7971,0.000000
84.8071,0.000000
84.8171,0.014770
84.8271,0.030130
84.8371,0.022319
84.8471,0.012079
84.8571,0.000527
84.8671,0.003146
84.8771,0.000000
84.8871,0.000000
84.8971,0.000000
84.9071,0.000747
84.9171,0.000000
84.9271,0.000000
84.9371,0.000000
84.9471,0.000000
84.9571,0.000000
84.9671,0.000000
84.9771,0.000000
84.9871,0.000000
84.9971,0.013900
85.0071,0.000000
85.0171,0.000000
85.0271,0.000049
85.0371,0.001442
85.0471,0.006063
85.0571,0.000000
85.0671,0.000000
85.0771,0.000000
85.0871,0.000000
85.0971,0.023266
85.1071,0.000000
85.1171,0.000000
85.1271,0.037131
85.1371,0.000000
85.1471,0.008342
85.1571,0.009695
85.1671,0.010971
85.1771,0.004342
85.1871,0.002908
85.1971,0.001505
85.2071,0.000000
85.2171,0.004883
85.2271,0.030430
85.2371,0.018160
85.2471,0.004559
85.2571,0.012837
85.2671,0.000000
85.2771,0.000000
85.2871,0.014218
85.2971,0.022308
85.3071,0.000000
85.3171,0.000000
85.3271,0.032721
85.3371,0.001444
85.3471,0.027350
85.3571,0.003103
85.3671,0.003693
85.3771,0.000000
85.3871,0.014138
85.3971,0.020367
85.4071,0.000000
85.4171,0.000000
85.4271,0.013726
85.4371,0.000000
85.4471,0.000000
85.4571,0.015143
85.4671,0.016552
85.4771,0.000000
85.4871,0.003185
85.4971,0.000000
85.5071,0.000000
85.5171,0.001862
85.5271,0.000471
85.5371,0.000000
85.5471,0.000000
85.5571,0.000000
85.5671,0.006826
85.5771,0.000000
85.5871,0.000000
85.5971,0.000000
85.6071,0.006285
85.6171,0.000000
85.6271,0.000476
85.6371,0.024593
85.6471,0.025102
85.6571,0.000000
85.6671,0.004476
85.6771,0.000000
85.6871,0.000000
85.6971,0.000000
85.7071,0.018424
85.7171,0.008995
85.7271,0.000000
85.7371,0.010576
85.7471,0.000000
85.7571,0.000000
85.7671,0.000000
85.7771,0.001175
85.7871,0.000000
85.7971,0.000000
85.8072,0.000000
85.8172,0.000336
85.8272,0.008102
85.8372,0.002240
85.8472,0.000000
85.8572,0.006026
85.8672,0.012392
85.8772,0.000000
85.8872,0.000000
85.8972,0.017429
85.9072,0.000000
85.9172,0.027071
85.9272,0.000000
85.9372,0.000000
85.9472,0.000000
85.9572,0.032819
85.9672,0.000000
85.9772,0.000000
85.9872,0.000000
85.9972,0.001434
86.0072,0.000000
86.0172,0.000000
86.0272,0.000000
86.0372,0.000857
86.0472,0.000267
86.0572,0.015579
86.0672,0.019636
86.0772,0.000000
86.0872,0.012243
86.0972,0.000000
86.1072,0.011510
86.1172,0.000000
86.1272,0.000000
86.1372,0.000000
86.1472,0.021007
86.1572,0.002715
86.1672,0.022447
86.1772,0.000000
86.1872,0.015718
86.1972,0.000000
86.2072,0.003380
86.2172,0.003250
86.2272,0.009922
86.2372,0.003761
86.2472,0.000000
86.2572,0.013205
86.2672,0.025975
86.2772,0.000000
86.2872,0.000000
86.2972,0.007490
86.3072,0.000000
86.3172,0.000000
86.3272,0.008343
86.3372,0.000000
86.3472,0.000000
86.3572,0.000000
86.3672,0.022046
86.3772,0.000451
86.3872,0.000000
86.3972,0.000000
86.4072,0.002088
86.4172,0.000000
86.4272,0.000000
86.4372,0.009533
86.4472,0.010267
86.4572,0.000000
86.4672,0.004405
86.4772,0.002822
86.4872,0.009036
86.4972,0.009071
86.5072,0.000000
86.5172,0.000000
86.5272,0.007769
86.5372,0.000000
86.5472,0.000543
86.5572,0.011261
86.5672,0.001214
86.5772,0.022619
86.5872,0.016905
86.5972,0.000000
86.6072,0.000000
86.6172,0.000000
86.6272,0.000000
86.6372,0.000000
86.6472,0.003318
86.6572,0.002293
86.6672,0.010438
86.6772,0.020950
86.6872,0.000000
86.6972,0.034206
86.7072,0.003487
86.7172,0.000000
86.7272,0.000000
86.7372,0.000000
86.7472,0.008882
86.7572,0.000000
86.7672,0.000000
86.7772,0.000000
86.7872,0.000000
86.7972,0.012171
86.8072,0.009620
86.8172,0.017499
86.8272,0.000000
86.8372,0.018038
86.8472,0.000000
86.8572,0.000000
86.8672,0.000000
86.8772,0.000138
86.8872,0.018036
86.8972,0.000000
86.9072,0.000000
86.9172,0.000000
86.9272,0.008592
86.9372,0.000000
86.9472,0.000000
86.9572,0.000000
86.9672,0.000000
86.9772,0.017662
86.9872,0.001364
86.9972,0.000000
87.0073,0.018542
87.0173,0.000000
87.0273,0.021299
87.0373,0.021054
87.0473,0.000840
87.0573,0.000000
87.0673,0.034343
87.0773,0.005809
87.0873,0.000000
87.0973,0.014342
87.1073,0.010535
87.1173,0.019664
87.1273,0.000000
87.1373,0.004777
87.1473,0.000000
87.1573,0.009995
87.1673,0.000000
87.1773,0.004215
87.1873,0.000000
87.1973,0.000000
87.2073,0.000000
87.2173,0.011856
87.2273,0.022346
87.2373,0.000000
87.2473,0.008303
87.2573,0.006483
87.2673,0.000121
87.2773,0.000000
87.2873,0.000000
87.2973,0.000000
87.3073,0.000000
87.3173,0.021120
87.3273,0.005516
87.3373,0.000000
87.3473,0.000000
87.3573,0.000000
87.3673,0.000000
87.3773,0.029557
87.3873,0.000000
87.3973,0.012957
87.4073,0.000000
87.4173,0.000829
87.4273,0.018220
87.4373,0.000000
87.4473,0.000000
87.4573,0.021271
87.4673,0.000683
87.4773,0.016368
87.4873,0.000000
87.4973,0.021100
87.5073,0.004104
87.5173,0.006522
87.5273,0.001974
87.5373,0.000000
87.5473,0.000000
87.5573,0.000000
87.5673,0.014393
87.5773,0.000000
87.5873,0.000000
87.5973,0.000000
87.6073,0.000000
87.6173,0.009270
87.6273,0.000000
87.6373,0.004501
87.6473,0.002049
87.6573,0.000000
87.6673,0.006576
87.6773,0.002375
87.6873,0.000000
87.6973,0.000000
87.7073,0.006377
87.7173,0.024604
87.7273,0.025297
87.7373,0.000000
87.7473,0.000000
87.7573,0.000000
87.7673,0.022798
87.7773,0.015193
87.7873,0.005259
87.7973,0.002491
87.8073,0.020709
87.8173,0.018170
87.8273,0.017371
87.8373,0.006850
87.8473,0.000000
87.8573,0.011507
87.8673,0.012241
87.8773,0.000000
87.8873,0.000000
87.8973,0.017000
87.9073,0.024962
87.9173,0.000000
87.9273,0.000000
87.9373,0.005264
87.9473,0.007299
87.9573,0.000000
87.9673,0.028253
87.9773,0.006331
87.9873,0.007971
87.9973,0.026383
88.0073,0.000000
88.0173,0.000000
88.0273,0.000000
88.0373,0.000000
88.0473,0.000000
88.0573,0.011218
88.0673,0.006300
88.0773,0.000000
88.0873,0.000000
88.0973,0.011422
88.1073,0.000000
88.1173,0.003063
88.1273,0.010493
88.1373,0.000000
88.1473,0.010274
88.1573,0.000000
88.1673,0.000000
88.1773,0.000000
88.1873,0.021469
88.1973,0.000000
88.2074,0.000000
88.2174,0.002000
88.2274,0.000000
88.2374,0.000000
88.2474,0.007887
88.2574,0.000000
88.2674,0.000000
88.2774,0.000000
88.2874,0.012033
88.2974,0.019432
88.3074,0.016542
88.3174,0.000000
88.3274,0.000000
88.3374,0.005863
88.3474,0.022059
88.3574,0.018507
88.3674,0.006944
88.3774,0.000000
88.3874,0.000000
88.3974,0.029007
88.4074,0.000000
88.4174,0.000000
88.4274,0.014138
88.4374,0.000000
88.4474,0.000000
88.4574,0.022920
88.4674,0.006916
88.4774,0.000000
88.4874,0.000000
88.4974,0.030711
88.5074,0.000000
88.5174,0.020960
88.5274,0.013405
88.5374,0.000000
88.5474,0.000000
88.5574,0.021695
88.5674,0.021938
88.5774,0.000000
88.5874,0.008247
88.5974,0.000000
88.6074,0.000000
88.6174,0.003926
88.6274,0.000000
88.6374,0.000000
88.6474,0.000000
88.6574,0.000000
88.6674,0.000000
88.6774,0.000000
88.6874,0.023598
88.6974,0.007399
88.7074,0.026918
88.7174,0.000000
88.7274,0.000000
88.7374,0.026376
88.7474,0.000000
88.7574,0.000000
88.7674,0.010801
88.7774,0.000000
88.7874,0.010669
88.7974,0.008750
88.8074,0.019040
88.8174,0.013351
88.8274,0.019500
88.8374,0.000000
88.8474,0.000000
88.8574,0.031650
88.8674,0.000000
88.8774,0.000000
88.8874,0.008477
88.8974,0.024375
88.9074,0.002843
88.9174,0.014990
88.9274,0.000000
88.9374,0.000000
88.9474,0.000000
88.9574,0.011706
88.9674,0.000000
88.9774,0.000000
88.9874,0.007710
88.9974,0.015927
89.0074,0.000000
89.0174,0.008553
89.0274,0.008067
89.0374,0.000000
89.0474,0.000000
89.0574,0.008473
89.0674,0.009196
89.0774,0.013410
89.0874,0.004681
89.0974,0.000000
89.1074,0.010355
89.1174,0.000000
89.1274,0.000000
89.1374,0.000000
89.1474,0.000000
89.1574,0.013333
89.1674,0.000000
89.1774,0.000000
89.1874,0.000000
89.1974,0.024206
89.2074,0.015814
89.2174,0.000000
89.2274,0.020270
89.2374,0.020241
89.2474,0.000000
89.2574,0.000000
89.2674,0.000000
89.2774,0.016836
89.2874,0.023869
89.2974,0.000000
89.3074,0.026280
89.3174,0.000000
89.3274,0.000000
89.3374,0.000000
89.3474,0.017285
89.3574,0.019475
89.3674,0.014313
89.3774,0.000000
89.3874,0.012939
89.3974,0.007636
89.4075,0.000000
89.4175,0.000000
89.4275,0.015570
89.4375,0.000000
89.4475,0.011234
89.4575,0.083755
89.4675,0.160511
89.4775,0.225910
89.4875,0.275063
89.4975,0.301693
89.5075,0.264630
89.5175,0.221829
89.5275,0.200902
89.5375,0.190402
89.5475,0.148991
89.5575,0.152968
89.5675,0.111638
89.5775,0.115294
89.5875,0.084849
89.5975,0.072884
89.6075,0.102836
89.6175,0.068704
89.6275,0.061708
89.6375,0.020255
89.6475,0.034275
89.6575,0.043850
89.6675,0.034363
89.6775,0.000000
89.6875,0.025726
89.6975,0.024611
89.7075,0.035374
89.7175,0.003740
89.7275,0.000000
89.7375,0.000000
89.7475,0.000000
89.7575,0.017775
89.7675,0.000000
89.7775,0.000000
89.7875,0.025321
89.7975,0.003395
89.8075,0.016190
89.8175,0.000000
89.8275,0.000000
89.8375,0.023155
89.8475,0.002850
89.8575,0.002659
89.8675,0.000000
89.8775,0.002284
89.8875,0.000000
89.8975,0.018340
89.9075,0.041365
89.9175,0.007632
89.9275,0.000000
89.9375,0.000000
89.9475,0.000000
89.9575,0.023503
89.9675,0.000000
89.9775,0.000000
89.9875,0.009934
89.9975,0.022321
90.0075,0.000000
90.0175,0.000000
90.0275,0.001125
90.0375,0.000000
90.0475,0.000000
90.0575,0.006207
90.0675,0.002804
90.0775,0.031994
90.0875,0.006600
90.0975,0.017281
90.1075,0.000000
90.1175,0.007887
90.1275,0.000000
90.1375,0.005939
90.1475,0.010333
90.1575,0.000753
90.1675,0.036114
90.1775,0.021423
90.1875,0.017661
90.1975,0.011467
90.2075,0.026452
90.2175,0.000000
90.2275,0.020556
90.2375,0.000000
90.2475,0.000000
90.2575,0.008422
90.2675,0.018499
90.2775,0.000000
90.2875,0.000000
90.2975,0.001463
90.3075,0.000000
90.3175,0.012811
90.3275,0.051539
90.3375,0.006290
90.3475,0.000000
90.3575,0.000000
90.3675,0.000000
90.3775,0.000000
90.3875,0.007013
90.3975,0.006780
90.4075,0.000000
90.4175,0.029774
90.4275,0.000000
90.4375,0.000000
90.4475,0.009587
90.4575,0.013381
90.4675,0.019164
90.4775,0.006427
90.4875,0.015764
90.4975,0.000000
90.5075,0.013771
90.5175,0.013571
90.5275,0.022693
90.5375,0.000000
90.5475,0.000000
90.5575,0.012347
90.5675,0.000000
90.5775,0.007380
90.5875,0.015897
90.5975,0.000000
90.6076,0.000000
90.6176,0.000000
90.6276,0.000000
90.6376,0.000000
90.6476,0.000000
90.6576,0.000000
90.6676,0.000000
90.6776,0.000000
90.6876,0.028112
90.6976,0.000000
90.7076,0.005162
90.7176,0.000000
90.7276,0.000000
90.7376,0.000000
90.7476,0.000000
90.7576,0.000000
90.7676,0.002755
90.7776,0.016143
90.7876,0.000000
90.7976,0.000000
90.8076,0.000000
90.8176,0.000000
90.8276,0.016137
90.8376,0.000000
90.8476,0.000000
90.8576,0.021828
90.8676,0.006869
90.8776,0.000000
90.8876,0.002384
90.8976,0.000000
90.9076,0.006307
90.9176,0.007730
90.9276,0.000000
90.9376,0.002627
90.9476,0.000000
90.9576,0.008170
90.9676,0.012470
90.9776,0.007162
90.9876,0.000000
90.9976,0.014000
91.0076,0.000000
91.0176,0.000000
91.0276,0.000000
91.0376,0.000000
91.0476,0.000000
91.0576,0.005966
91.0676,0.000000
91.0776,0.000000
91.0876,0.007054
91.0976,0.000000
91.1076,0.006139
91.1176,0.000000
91.1276,0.000000
91.1376,0.008927
91.1476,0.014292
91.1576,0.001387
91.1676,0.000000
91.1776,0.000000
91.1876,0.009554
91.1976,0.000000
91.2076,0.000000
91.2176,0.000000
91.2276,0.000000
91.2376,0.000000
91.2476,0.000000
91.2576,0.007811
91.2676,0.014462
91.2776,0.000000
91.2876,0.005534
91.2976,0.016248
91.3076,0.008939
91.3176,0.000000
91.3276,0.000000
91.3376,0.001215
91.3476,0.003717
91.3576,0.001437
91.3676,0.000000
91.3776,0.000000
91.3876,0.006340
91.3976,0.007063
91.4076,0.003012
91.4176,0.001665
91.4276,0.025189
91.4376,0.000000
91.4476,0.019222
91.4576,0.000000
91.4676,0.016634
91.4776,0.018501
91.4876,0.000000
91.4976,0.024914
91.5076,0.007036
91.5176,0.000000
91.5276,0.000000
91.5376,0.016991
91.5476,0.013846
91.5576,0.000000
91.5676,0.000000
91.5776,0.003053
91.5876,0.000000
91.5976,0.035367
91.6076,0.003505
91.6176,0.000000
91.6276,0.017863
91.6376,0.000000
91.6476,0.015111
91.6576,0.000000
91.6676,0.000000
91.6776,0.015736
91.6876,0.023553
91.6976,0.000000
91.7076,0.000000
91.7176,0.008512
91.7276,0.000000
91.7376,0.000000
91.7476,0.013146
91.7576,0.000000
91.7676,0.000000
91.7776,0.000000
91.7876,0.000149
91.7976,0.000000
91.8077,0.000000
91.8177,0.000000
91.8277,0.024599
91.8377,0.032477
91.8477,0.000000
91.8577,0.003851
91.8677,0.000000
91.8777,0.000000
91.8877,0.027052
91.8977,0.000000
91.9077,0.000000
91.9177,0.000000
91.9277,0.017193
91.9377,0.000000
91.9477,0.000000
91.9577,0.000000
91.9677,0.000000
91.9777,0.012953
91.9877,0.018030
91.9977,0.000000
92.0077,0.031402
92.0177,0.000000
92.0277,0.019329
92.0377,0.002247
92.0477,0.000000
92.0577,0.000000
92.0677,0.000000
92.0777,0.003126
92.0877,0.000000
92.0977,0.000000
92.1077,0.000000
92.1177,0.000000
92.1277,0.000000
92.1377,0.000000
92.1477,0.000000
92.1577,0.006487
92.1677,0.001811
92.1777,0.029615
92.1877,0.000000
92.1977,0.007040
92.2077,0.000096
92.2177,0.012235
92.2277,0.010747
92.2377,0.000000
92.2477,0.002590
92.2577,0.000000
92.2677,0.009205
92.2777,0.000000
92.2877,0.011652
92.2977,0.000000
92.3077,0.000000
92.3177,0.000000
92.3277,0.000000
92.3377,0.019460
92.3477,0.048502
92.3577,0.018298
92.3677,0.000000
92.3777,0.009447
92.3877,0.010100
92.3977,0.000000
92.4077,0.000000
92.4177,0.000000
92.4277,0.012116
92.4377,0.000000
92.4477,0.000000
92.4577,0.008590
92.4677,0.000626
92.4777,0.021244
92.4877,0.000000
92.4977,0.035282
92.5077,0.000000
92.5177,0.000000
92.5277,0.000000
92.5377,0.000000
92.5477,0.000000
92.5577,0.000000
92.5677,0.000000
92.5777,0.000000
92.5877,0.006490
92.5977,0.000000
92.6077,0.016555
92.6177,0.000000
92.6277,0.000000
92.6377,0.000000
92.6477,0.000000
92.6577,0.000000
92.6677,0.000000
92.6777,0.007912
92.6877,0.000000
92.6977,0.021183
92.7077,0.002396
92.7177,0.000000
92.7277,0.000000
92.7377,0.011466
92.7477,0.000000
92.7577,0.000000
92.7677,0.002997
92.7777,0.000000
92.7877,0.000000
92.7977,0.000000
92.8077,0.005243
92.8177,0.000000
92.8277,0.015735
92.8377,0.000000
92.8477,0.008620
92.8577,0.000000
92.8677,0.000000
92.8777,0.005780
92.8877,0.000000
92.8977,0.000000
92.9077,0.000630
92.9177,0.000000
92.9277,0.000000
92.9377,0.000000
92.9477,0.000000
92.9577,0.001121
92.9677,0.000000
92.9777,0.000000
92.9877,0.000000
92.9977,0.011010
93.0078,0.002784
93.0178,0.000000
93.0278,0.000000
93.0378,0.009537
93.0478,0.000000
93.0578,0.011960
93.0678,0.000000
93.0778,0.000000
93.0878,0.000000
93.0978,0.032552
93.1078,0.025161
93.1178,0.010597
93.1278,0.005348
93.1378,0.000000
93.1478,0.002351
93.1578,0.000000
93.1678,0.000000
93.1778,0.002322
93.1878,0.000000
93.1978,0.013039
93.2078,0.000000
93.2178,0.001125
93.2278,0.000000
93.2378,0.000000
93.2478,0.004569
93.2578,0.000000
93.2678,0.002463
93.2778,0.000000
93.2878,0.000000
93.2978,0.000000
93.3078,0.000000
93.3178,0.000000
93.3278,0.000106
93.3378,0.000000
93.3478,0.000000
93.3578,0.023848
93.3678,0.006229
93.3778,0.000000
93.3878,0.002188
93.3978,0.000000
93.4078,0.000000
93.4178,0.000000
93.4278,0.000000
93.4378,0.005810
93.4478,0.000000
93.4578,0.000000
93.4678,0.000000
93.4778,0.044386
93.4878,0.000000
93.4978,0.000000
93.5078,0.000000
93.5178,0.011390
93.5278,0.020047
93.5378,0.000000
93.5478,0.019184
93.5578,0.011124
93.5678,0.000000
93.5778,0.000000
93.5878,0.002713
93.5978,0.013162
93.6078,0.005959
93.6178,0.000000
93.6278,0.000000
93.6378,0.029719
93.6478,0.003768
93.6578,0.013040
93.6678,0.008098
93.6778,0.004100
93.6878,0.001630
93.6978,0.013461
93.7078,0.010780
93.7178,0.003958
93.7278,0.000000
93.7378,0.005783
93.7478,0.000000
93.7578,0.000000
93.7678,0.040182
93.7778,0.000000
93.7878,0.014378
93.7978,0.000000
93.8078,0.001968
93.8178,0.038529
93.8278,0.000000
93.8378,0.000000
93.8478,0.000000
93.8578,0.000000
93.8678,0.013261
93.8778,0.000000
93.8878,0.009810
93.8978,0.000000
93.9078,0.000000
93.9178,0.000000
93.9278,0.000000
93.9378,0.022774
93.9478,0.000000
93.9578,0.000000
93.9678,0.006204
93.9778,0.000000
93.9878,0.000000
93.9978,0.030599
94.0078,0.000000
94.0178,0.000000
94.0278,0.000000
94.0378,0.010655
94.0478,0.006935
94.0578,0.000000
94.0678,0.000000
94.0778,0.000000
94.0878,0.011234
94.0978,0.000000
94.1078,0.030272
94.1178,0.000000
94.1278,0.000000
94.1378,0.000000
94.1478,0.000000
94.1578,0.000000
94.1678,0.000000
94.1778,0.000000
94.1878,0.000000
94.1978,0.010433
94.2079,0.000000
94.2179,0.000000
94.2279,0.000000
94.2379,0.014893
94.2479,0.003223
94.2579,0.000000
94.2679,0.000000
94.2779,0.000000
94.2879,0.000000
94.2979,0.019603
94.3079,0.007958
94.3179,0.000000
94.3279,0.000000
94.3379,0.000000
94.3479,0.000000
94.3579,0.006905
94.3679,0.000000
94.3779,0.031218
94.3879,0.018755
94.3979,0.019642
94.4079,0.010070
94.4179,0.000000
94.4279,0.008967
94.4379,0.000000
94.4479,0.024454
94.4579,0.006064
94.4679,0.003935
94.4779,0.001906
94.4879,0.026104
94.4979,0.000000
94.5079,0.027574
94.5179,0.000000
94.5279,0.000000
94.5379,0.000000
94.5479,0.000000
94.5579,0.009805
94.5679,0.000000
94.5779,0.002530
94.5879,0.017013
94.5979,0.000000
94.6079,0.000000
94.6179,0.000000
94.6279,0.000000
94.6379,0.038610
94.6479,0.011669
94.6579,0.000000
94.6679,0.000000
94.6779,0.000000
94.6879,0.001951
94.6979,0.000000
94.7079,0.007951
94.7179,0.000000
94.7279,0.000000
94.7379,0.005553
94.7479,0.000000
94.7579,0.010935
94.7679,0.000000
94.7779,0.000000
94.7879,0.001642
94.7979,0.000000
94.8079,0.010400
94.8179,0.000000
94.8279,0.027766
94.8379,0.016070
94.8479,0.000000
94.8579,0.000000
94.8679,0.000000
94.8779,0.000000
94.8879,0.027386
94.8979,0.000000
94.9079,0.014001
94.9179,0.000000
94.9279,0.000000
94.9379,0.000000
94.9479,0.016598
94.9579,0.004674
94.9679,0.000000
94.9779,0.024338
94.9879,0.000000
94.9979,0.000000
95.0079,0.000000
95.0179,0.009516
95.0279,0.001515
95.0379,0.001499
95.0479,0.000000
95.0579,0.000000
95.0679,0.000000
95.0779,0.006947
95.0879,0.009587
95.0979,0.000000
95.1079,0.014234
95.1179,0.000000
95.1279,0.000000
95.1379,0.002976
95.1479,0.000000
95.1579,0.003491
95.1679,0.000000
95.1779,0.000000
95.1879,0.000000
95.1979,0.000000
95.2079,0.024145
95.2179,0.000000
95.2279,0.009654
95.2379,0.035285
95.2479,0.006061
95.2579,0.000000
95.2679,0.000000
95.2779,0.000010
95.2879,0.000000
95.2979,0.000000
95.3079,0.014779
95.3179,0.015392
95.3279,0.000000
95.3379,0.000000
95.3479,0.000000
95.3579,0.008986
95.3679,0.017146
95.3779,0.040530
95.3879,0.000000
95.3979,0.000000
95.4080,0.008829
95.4180,0.000000
95.4280,0.000000
95.4380,0.000000
95.4480,0.000000
95.4580,0.001848
95.4680,0.000000
95.4780,0.019068
95.4880,0.000082
95.4980,0.000000
95.5080,0.000000
95.5180,0.000000
95.5280,0.000000
95.5380,0.009533
95.5480,0.000000
95.5580,0.013838
95.5680,0.000000
95.5780,0.000000
95.5880,0.000000
95.5980,0.014338
95.6080,0.010091
95.6180,0.009634
95.6280,0.023121
95.6380,0.000000
95.6480,0.020026
95.6580,0.000000
95.6680,0.000000
95.6780,0.011291
95.6880,0.000000
95.6980,0.008591
95.7080,0.001520
95.7180,0.016078
95.7280,0.000000
95.7380,0.000841
95.7480,0.007639
95.7580,0.000000
95.7680,0.000000
95.7780,0.007116
95.7880,0.000000
95.7980,0.000000
95.8080,0.000000
95.8180,0.023918
95.8280,0.000000
95.8380,0.000000
95.8480,0.000000
95.8580,0.000000
95.8680,0.009853
95.8780,0.012543
95.8880,0.001623
95.8980,0.014338
95.9080,0.010968
95.9180,0.016694
95.9280,0.014765
95.9380,0.023550
95.9480,0.000000
95.9580,0.000000
95.9680,0.009956
95.9780,0.011708
95.9880,0.023550
95.9980,0.019219
96.0080,0.029182
96.0180,0.009298
96.0280,0.003432
96.0380,0.000000
96.0480,0.004621
96.0580,0.000000
96.0680,0.003173
96.0780,0.000818
96.0880,0.007076
96.0980,0.000000
96.1080,0.014025
96.1180,0.000000
96.1280,0.002850
96.1380,0.018037
96.1480,0.028051
96.1580,0.010979
96.1680,0.025273
96.1780,0.002534
96.1880,0.000043
96.1980,0.007941
96.2080,0.000000
96.2180,0.000000
96.2280,0.000000
96.2380,0.000000
96.2480,0.007926
96.2580,0.000171
96.2680,0.000000
96.2780,0.000000
96.2880,0.007576
96.2980,0.011707
96.3080,0.000000
96.3180,0.000000
96.3280,0.014318
96.3380,0.000000
96.3480,0.008212
96.3580,0.024254
96.3680,0.024289
96.3780,0.011068
96.3880,0.010632
96.3980,0.033779
96.4080,0.000000
96.4180,0.000000
96.4280,0.012727
96.4380,0.000000
96.4480,0.018597
96.4580,0.000000
96.4680,0.001976
96.4780,0.000000
96.4880,0.000000
96.4980,0.000000
96.5080,0.004067
96.5180,0.000000
96.5280,0.014298
96.5380,0.009798
96.5480,0.016491
96.5580,0.000000
96.5680,0.000000
96.5780,0.000000
96.5880,0.043482
96.5980,0.018993
96.6081,0.000000
96.6181,0.006368
96.6281,0.010914
96.6381,0.000000
96.6481,0.020544
96.6581,0.000000
96.6681,0.000000
96.6781,0.000357
96.6881,0.017168
96.6981,0.000000
96.7081,0.000000
96.7181,0.004844
96.7281,0.000000
96.7381,0.000000
96.7481,0.017803
96.7581,0.008686
96.7681,0.015635
96.7781,0.009305
96.7881,0.036155
96.7981,0.000000
96.8081,0.005972
96.8181,0.000000
96.8281,0.014352
96.8381,0.000000
96.8481,0.025783
96.8581,0.000000
96.8681,0.021107
96.8781,0.008897
96.8881,0.000000
96.8981,0.008137
96.9081,0.003919
96.9181,0.005339
96.9281,0.000000
96.9381,0.000000
96.9481,0.000000
96.9581,0.000000
96.9681,0.012629
96.9781,0.000000
96.9881,0.000000
96.9981,0.009721
97.0081,0.012591
97.0181,0.000000
97.0281,0.000000
97.0381,0.006896
97.0481,0.000780
97.0581,0.020161
97.0681,0.000000
97.0781,0.000000
97.0881,0.012155
97.0981,0.000000
97.1081,0.000000
97.1181,0.000000
97.1281,0.018458
97.1381,0.000000
97.1481,0.035040
97.1581,0.000000
97.1681,0.001305
97.1781,0.000000
97.1881,0.000624
97.1981,0.000000
97.2081,0.000000
97.2181,0.042387
97.2281,0.000000
97.2381,0.000000
97.2481,0.014536
97.2581,0.027214
97.2681,0.016897
97.2781,0.000000
97.2881,0.003209
97.2981,0.000000
97.3081,0.013526
97.3181,0.000000
97.3281,0.000000
97.3381,0.000000
97.3481,0.006675
97.3581,0.000000
97.3681,0.022786
97.3781,0.010849
97.3881,0.009671
97.3981,0.000000
97.4081,0.025491
97.4181,0.000000
97.4281,0.026063
97.4381,0.030333
97.4481,0.007690
97.4581,0.015480
97.4681,0.000000
97.4781,0.000000
97.4881,0.016532
97.4981,0.013868
97.5081,0.000000
97.5181,0.000000
97.5281,0.000000
97.5381,0.006195
97.5481,0.000000
97.5581,0.016957
97.5681,0.017741
97.5781,0.000000
97.5881,0.007819
97.5981,0.000000
97.6081,0.003629
97.6181,0.000000
97.6281,0.009337
97.6381,0.000000
97.6481,0.000000
97.6581,0.000000
97.6681,0.000000
97.6781,0.004085
97.6881,0.000000
97.6981,0.028285
97.7081,0.002409
97.7181,0.003493
97.7281,0.002959
97.7381,0.015044
97.7481,0.008640
97.7581,0.006630
97.7681,0.011040
97.7781,0.000000
97.7881,0.000000
97.7981,0.000000
97.8082,0.000000
97.8182,0.008697
97.8282,0.000300
97.8382,0.008728
97.8482,0.000000
97.8582,0.000000
97.8682,0.000000
97.8782,0.005803
97.8882,0.000000
97.8982,0.005225
97.9082,0.000000
97.9182,0.000000
97.9282,0.013424
97.9382,0.003411
97.9482,0.000000
97.9582,0.000000
97.9682,0.000000
97.9782,0.000000
97.9882,0.001765
97.9982,0.008404
98.0082,0.006609
98.0182,0.009039
98.0282,0.000000
98.0382,0.000000
98.0482,0.000000
98.0582,0.000000
98.0682,0.000000
98.0782,0.000000
98.0882,0.001334
98.0982,0.000000
98.1082,0.045971
98.1182,0.000000
98.1282,0.000000
98.1382,0.000000
98.1482,0.000000
98.1582,0.000000
98.1682,0.012673
98.1782,0.000000
98.1882,0.000000
98.1982,0.000000
98.2082,0.000000
98.2182,0.000000
98.2282,0.000000
98.2382,0.001107
98.2482,0.008384
98.2582,0.000000
98.2682,0.000000
98.2782,0.000000
98.2882,0.008096
98.2982,0.000000
98.3082,0.011207
98.3182,0.019747
98.3282,0.000000
98.3382,0.000000
98.3482,0.000000
98.3582,0.005231
98.3682,0.000000
98.3782,0.000000
98.3882,0.008453
98.3982,0.007464
98.4082,0.000000
98.4182,0.000000
98.4282,0.006846
98.4382,0.000000
98.4482,0.003215
98.4582,0.002267
98.4682,0.000000
98.4782,0.001216
98.4882,0.007718
98.4982,0.009557
98.5082,0.001760
98.5182,0.000000
98.5282,0.019156
98.5382,0.006165
98.5482,0.000000
98.5582,0.000000
98.5682,0.003468
98.5782,0.010197
98.5882,0.000000
98.5982,0.012383
98.6082,0.000000
98.6182,0.000000
98.6282,0.000000
98.6382,0.000000
98.6482,0.022621
98.6582,0.030867
98.6682,0.003519
98.6782,0.000000
98.6882,0.000000
98.6982,0.007100
98.7082,0.000000
98.7182,0.000000
98.7282,0.021523
98.7382,0.000000
98.7482,0.000000
98.7582,0.000198
98.7682,0.004247
98.7782,0.000000
98.7882,0.001154
98.7982,0.009119
98.8082,0.029422
98.8182,0.000000
98.8282,0.000000
98.8382,0.022912
98.8482,0.000000
98.8582,0.000000
98.8682,0.003754
98.8782,0.016143
98.8882,0.005416
98.8982,0.000000
98.9082,0.000000
98.9182,0.000000
98.9282,0.018497
98.9382,0.000000
98.9482,0.000000
98.9582,0.000000
98.9682,0.000000
98.9782,0.003719
98.9882,0.006650
98.9982,0.006492
99.0083,0.000000
99.0183,0.000000
99.0283,0.003936
99.0383,0.000000
99.0483,0.027575
99.0583,0.028268
99.0683,0.029860
99.0783,0.000000
99.0883,0.008541
99.0983,0.013064
99.1083,0.011375
99.1183,0.000000
99.1283,0.019187
99.1383,0.000007
99.1483,0.001922
99.1583,0.000000
99.1683,0.009671
99.1783,0.000000
99.1883,0.006972
99.1983,0.003527
99.2083,0.002714
99.2183,0.000000
99.2283,0.011799
99.2383,0.000000
99.2483,0.000000
99.2583,0.008534
99.2683,0.000000
99.2783,0.000000
99.2883,0.000000
99.2983,0.004250
99.3083,0.000000
99.3183,0.000000
99.3283,0.000000
99.3383,0.017538
99.3483,0.000000
99.3583,0.000000
99.3683,0.015645
99.3783,0.011932
99.3883,0.015326
99.3983,0.000000
99.4083,0.026003
99.4183,0.009546
99.4283,0.036922
99.4383,0.000000
99.4483,0.000000
99.4583,0.000108
99.4683,0.000000
99.4783,0.009805
99.4883,0.016124
99.4983,0.000000
99.5083,0.000000
99.5183,0.007841
99.5283,0.000000
99.5383,0.000000
99.5483,0.015557
99.5583,0.018897
99.5683,0.016259
99.5783,0.000000
99.5883,0.000000
99.5983,0.000000
99.6083,0.000000
99.6183,0.000000
99.6283,0.000000
99.6383,0.000000
99.6483,0.000000
99.6583,0.000000
99.6683,0.018340
99.6783,0.000000
99.6883,0.000005
99.6983,0.014318
99.7083,0.013715
99.7183,0.011923
99.7283,0.004543
99.7383,0.010860
99.7483,0.020596
99.7583,0.006375
99.7683,0.000000
99.7783,0.000000
99.7883,0.010446
99.7983,0.000000
99.8083,0.024302
99.8183,0.000000
99.8283,0.001279
99.8383,0.016871
99.8483,0.000000
99.8583,0.002644
99.8683,0.013487
99.8783,0.000000
99.8883,0.000000
99.8983,0.012437
99.9083,0.000984
99.9183,0.022010
99.9283,0.000000
99.9383,0.000000
99.9483,0.011545
99.9583,0.012987
99.9683,0.000000
99.9783,0.006006
99.9883,0.011178
99.9983,0.000000
100.0083,0.000000
100.0183,0.002846
100.0283,0.013561
100.0383,0.000000
100.0483,0.000000
100.0583,0.000000
100.0683,0.006269
100.0783,0.000000
100.0883,0.000000
100.0983,0.018728
100.1083,0.000000
100.1183,0.000000
100.1283,0.000000
100.1383,0.000000
100.1483,0.007741
100.1583,0.004809
100.1683,0.008993
100.1783,0.008265
100.1883,0.031316
100.1983,0.000000
100.2084,0.000000
100.2184,0.000000
100.2284,0.000000
100.2384,0.000000
100.2484,0.001405
100.2584,0.018790
100.2684,0.023095
100.2784,0.007565
100.2884,0.032119
100.2984,0.000000
100.3084,0.000000
100.3184,0.015798
100.3284,0.000000
100.3384,0.000000
100.3484,0.007802
100.3584,0.000000
100.3684,0.000000
100.3784,0.000000
100.3884,0.000000
100.3984,0.015055
100.4084,0.000300
100.4184,0.000000
100.4284,0.000000
100.4384,0.000000
100.4484,0.005885
100.4584,0.005154
100.4684,0.000000
100.4784,0.000000
100.4884,0.006300
100.4984,0.000000
100.5084,0.010336
100.5184,0.000000
100.5284,0.000000
100.5384,0.002298
100.5484,0.035365
100.5584,0.011235
100.5684,0.002043
100.5784,0.005383
100.5884,0.000000
100.5984,0.000000
100.6084,0.000000
100.6184,0.025948
100.6284,0.022911
100.6384,0.005892
100.6484,0.002027
100.6584,0.000000
100.6684,0.000000
100.6784,0.026886
100.6884,0.001971
100.6984,0.000000
100.7084,0.000000
100.7184,0.020705
100.7284,0.000000
100.7384,0.000000
100.7484,0.000000
100.7584,0.000000
100.7684,0.000000
100.7784,0.003110
100.7884,0.000000
100.7984,0.011656
100.8084,0.001182
100.8184,0.015935
100.8284,0.000000
100.8384,0.045680
100.8484,0.000000
100.8584,0.000000
100.8684,0.000000
100.8784,0.000000
100.8884,0.000000
100.8984,0.004418
100.9084,0.000000
100.9184,0.002425
100.9284,0.000000
100.9384,0.000000
100.9484,0.009068
100.9584,0.034561
100.9684,0.000000
100.9784,0.000000
100.9884,0.000000
100.9984,0.000000
101.0084,0.000000
101.0184,0.012361
101.0284,0.000000
101.0384,0.033740
101.0484,0.006240
101.0584,0.000000
101.0684,0.000000
101.0784,0.000000
101.0884,0.012001
101.0984,0.000000
101.1084,0.000000
101.1184,0.000000
101.1284,0.010244
101.1384,0.018496
101.1484,0.020708
101.1584,0.007947
101.1684,0.000000
101.1784,0.011919
101.1884,0.000000
101.1984,0.000000
101.2084,0.006550
101.2184,0.000000
101.2284,0.000000
101.2384,0.001794
101.2484,0.003722
101.2584,0.014067
101.2684,0.012481
101.2784,0.002925
101.2884,0.000000
101.2984,0.001616
101.3084,0.000000
101.3184,0.000000
101.3284,0.039273
101.3384,0.002733
101.3484,0.006754
101.3584,0.000000
101.3684,0.015301
101.3784,0.011404
101.3884,0.011510
101.3984,0.003223
101.4085,0.015513
101.4185,0.019075
101.4285,0.004246
101.4385,0.000000
101.4485,0.013419
101.4585,0.000000
101.4685,0.000000
101.4785,0.000000
101.4885,0.000000
101.4985,0.012414
101.5085,0.000000
101.5185,0.000000
101.5285,0.000000
101.5385,0.000589
101.5485,0.000000
101.5585,0.000000
101.5685,0.000000
101.5785,0.000000
101.5885,0.000000
101.5985,0.016222
101.6085,0.000000
101.6185,0.000000
101.6285,0.000000
101.6385,0.006282
101.6485,0.000000
101.6585,0.000000
101.6685,0.000000
101.6785,0.016051
101.6885,0.004983
101.6985,0.000000
101.7085,0.000000
101.7185,0.013291
101.7285,0.000000
101.7385,0.000000
101.7485,0.000000
101.7585,0.000000
101.7685,0.040436
101.7785,0.000000
101.7885,0.006746
101.7985,0.000000
101.8085,0.007916
101.8185,0.013062
101.8285,0.000000
101.8385,0.000000
101.8485,0.000000
101.8585,0.000000
101.8685,0.015552
101.8785,0.000000
101.8885,0.000000
101.8985,0.026480
101.9085,0.000000
101.9185,0.000000
101.9285,0.024614
101.9385,0.000000
101.9485,0.000000
101.9585,0.000000
101.9685,0.000000
101.9785,0.000000
101.9885,0.005442
101.9985,0.004583
102.0085,0.000000
102.0185,0.000304
102.0285,0.000000
102.0385,0.006903
102.0485,0.002421
102.0585,0.029605
102.0685,0.000112
102.0785,0.000000
102.0885,0.000000
102.0985,0.000000
102.1085,0.006521
102.1185,0.000403
102.1285,0.000000
102.1385,0.000000
102.1485,0.003944
102.1585,0.020747
102.1685,0.001190
102.1785,0.012199
102.1885,0.015192
102.1985,0.004002
102.2085,0.000000
102.2185,0.002930
102.2285,0.018106
102.2385,0.007948
102.2485,0.011224
102.2585,0.000000
102.2685,0.000000
102.2785,0.000000
102.2885,0.000000
102.2985,0.017519
102.3085,0.000000
102.3185,0.000458
102.3285,0.000000
102.3385,0.000000
102.3485,0.010077
102.3585,0.000000
102.3685,0.000000
102.3785,0.027732
102.3885,0.015150
102.3985,0.008617
102.4085,0.005712
102.4185,0.000000
102.4285,0.029991
102.4385,0.012033
102.4485,0.000000
102.4585,0.000000
102.4685,0.008503
102.4785,0.000000
102.4885,0.000000
102.4985,0.006429
102.5085,0.000000
102.5185,0.007960
102.5285,0.006626
102.5385,0.000000
102.5485,0.009493
102.5585,0.000000
102.5685,0.000000
102.5785,0.000000
102.5885,0.016965
102.5985,0.000000
102.6086,0.020587
102.6186,0.026752
102.6286,0.000000
102.6386,0.000000
102.6486,0.015668
102.6586,0.000000
102.6686,0.000000
102.6786,0.000000
102.6886,0.000000
102.6986,0.019458
102.7086,0.002399
102.7186,0.019254
102.7286,0.007413
102.7386,0.000000
102.7486,0.000000
102.7586,0.008424
102.7686,0.012306
102.7786,0.014952
102.7886,0.000000
102.7986,0.002628
102.8086,0.008761
102.8186,0.000000
102.8286,0.000000
102.8386,0.000000
102.8486,0.000000
102.8586,0.009933
102.8686,0.018885
102.8786,0.000000
102.8886,0.000000
102.8986,0.000000
102.9086,0.011921
102.9186,0.000000
102.9286,0.000000
102.9386,0.000000
102.9486,0.007251
102.9586,0.000000
102.9686,0.000000
102.9786,0.000000
102.9886,0.016905
102.9986,0.000000
103.0086,0.000000
103.0186,0.018784
103.0286,0.001137
103.0386,0.010046
103.0486,0.006026
103.0586,0.000000
103.0686,0.000000
103.0786,0.012473
103.0886,0.017435
103.0986,0.016263
103.1086,0.000000
103.1186,0.019574
103.1286,0.000000
103.1386,0.000000
103.1486,0.000000
103.1586,0.012467
103.1686,0.008107
103.1786,0.000000
103.1886,0.012565
103.1986,0.002098
103.2086,0.000000
103.2186,0.000000
103.2286,0.006154
103.2386,0.000000
103.2486,0.000000
103.2586,0.012707
103.2686,0.000000
103.2786,0.023882
103.2886,0.000000
103.2986,0.000000
103.3086,0.000000
103.3186,0.000000
103.3286,0.000000
103.3386,0.026559
103.3486,0.002151
103.3586,0.000000
103.3686,0.000000
103.3786,0.000000
103.3886,0.000000
103.3986,0.000000
103.4086,0.000000
103.4186,0.000000
103.4286,0.000000
103.4386,0.015416
103.4486,0.024343
103.4586,0.000000
103.4686,0.000000
103.4786,0.000000
103.4886,0.002186
103.4986,0.000000
103.5086,0.025234
103.5186,0.000653
103.5286,0.000000
103.5386,0.023891
103.5486,0.030091
103.5586,0.085769
103.5686,0.126130
103.5786,0.176475
103.5886,0.245762
103.5986,0.264751
103.6086,0.219639
103.6186,0.193663
103.6286,0.155538
103.6386,0.165754
103.6486,0.114898
103.6586,0.096218
103.6686,0.097077
103.6786,0.121772
103.6886,0.109143
103.6986,0.063309
103.7086,0.050496
103.7186,0.027599
103.7286,0.045963
103.7386,0.040727
103.7486,0.044479
103.7586,0.041390
103.7686,0.020537
103.7786,0.028207
103.7886,0.006251
103.7986,0.022171
103.8087,0.004259
103.8187,0.016857
103.8287,0.014035
103.8387,0.008034
103.8487,0.017780
103.8587,0.000000
103.8687,0.000000
103.8787,0.000000
103.8887,0.000000
103.8987,0.000000
103.9087,0.000000
103.9187,0.021309
103.9287,0.003526
103.9387,0.016599
103.9487,0.005490
103.9587,0.000000
103.9687,0.002677
103.9787,0.011501
103.9887,0.018367
103.9987,0.000000
104.0087,0.000000
104.0187,0.000000
104.0287,0.000000
104.0387,0.000000
104.0487,0.027083
104.0587,0.009084
104.0687,0.000000
104.0787,0.000000
104.0887,0.015497
104.0987,0.000000
104.1087,0.000000
104.1187,0.000000
104.1287,0.001748
104.1387,0.009342
104.1487,0.017915
104.1587,0.015696
104.1687,0.000029
104.1787,0.015322
104.1887,0.000000
104.1987,0.000000
104.2087,0.000000
104.2187,0.000000
104.2287,0.000000
104.2387,0.000000
104.2487,0.000000
104.2587,0.009304
104.2687,0.025732
104.2787,0.000000
104.2887,0.000000
104.2987,0.000000
104.3087,0.011487
104.3187,0.000000
104.3287,0.000000
104.3387,0.010752
104.3487,0.014347
104.3587,0.000000
104.3687,0.000000
104.3787,0.004055
104.3887,0.000000
104.3987,0.000000
104.4087,0.000000
104.4187,0.013875
104.4287,0.003748
104.4387,0.015536
104.4487,0.020045
104.4587,0.006885
104.4687,0.000000
104.4787,0.015605
104.4887,0.006985
104.4987,0.039051
104.5087,0.004652
104.5187,0.010465
104.5287,0.004356
104.5387,0.000000
104.5487,0.000000
104.5587,0.004414
104.5687,0.007818
104.5787,0.017316
104.5887,0.004633
104.5987,0.000000
104.6087,0.000000
104.6187,0.000000
104.6287,0.024918
104.6387,0.000000
104.6487,0.014512
104.6587,0.004148
104.6687,0.004556
104.6787,0.000000
104.6887,0.000000
104.6987,0.000000
104.7087,0.025927
104.7187,0.001709
104.7287,0.016879
104.7387,0.020774
104.7487,0.000000
104.7587,0.006353
104.7687,0.000675
104.7787,0.000000
104.7887,0.000000
104.7987,0.008813
104.8087,0.000000
104.8187,0.000000
104.8287,0.000000
104.8387,0.031673
104.8487,0.000000
104.8587,0.007525
104.8687,0.000000
104.8787,0.000000
104.8887,0.000000
104.8987,0.010011
104.9087,0.010868
104.9187,0.002790
104.9287,0.016391
104.9387,0.019032
104.9487,0.012246
104.9587,0.000000
104.9687,0.007417
104.9787,0.007488
104.9887,0.000000
104.9987,0.000000
105.0088,0.000000
105.0188,0.001048
105.0288,0.004471
105.0388,0.000000
105.0488,0.015690
105.0588,0.002283
105.0688,0.020242
105.0788,0.005558
105.0888,0.000000
105.0988,0.006874
105.1088,0.010052
105.1188,0.000000
105.1288,0.000000
105.1388,0.001504
105.1488,0.000000
105.1588,0.016813
105.1688,0.000000
105.1788,0.025869
105.1888,0.000000
105.1988,0.002022
105.2088,0.021441
105.2188,0.000000
105.2288,0.000000
105.2388,0.000000
105.2488,0.000000
105.2588,0.003669
105.2688,0.000000
105.2788,0.000000
105.2888,0.007740
105.2988,0.000000
105.3088,0.000000
105.3188,0.015453
105.3288,0.010954
105.3388,0.000000
105.3488,0.000000
105.3588,0.000000
105.3688,0.008179
105.3788,0.004134
105.3888,0.011851
105.3988,0.000000
105.4088,0.000000
105.4188,0.013783
105.4288,0.000000
105.4388,0.002798
105.4488,0.000000
105.4588,0.000000
105.4688,0.015141
105.4788,0.000000
105.4888,0.012218
105.4988,0.000000
105.5088,0.000000
105.5188,0.000000
105.5288,0.026138
105.5388,0.000000
105.5488,0.010065
105.5588,0.015854
105.5688,0.000000
105.5788,0.000000
105.5888,0.002124
105.5988,0.000000
105.6088,0.000000
105.6188,0.019142
105.6288,0.007840
105.6388,0.000000
105.6488,0.001696
105.6588,0.008714
105.6688,0.011586
105.6788,0.000000
105.6888,0.023021
105.6988,0.019745
105.7088,0.010159
105.7188,0.000000
105.7288,0.000000
105.7388,0.000000
105.7488,0.000911
105.7588,0.000000
105.7688,0.007420
105.7788,0.019312
105.7888,0.008647
105.7988,0.000000
105.8088,0.000000
105.8188,0.004498
105.8288,0.000000
105.8388,0.006646
105.8488,0.009026
105.8588,0.016378
105.8688,0.000000
105.8788,0.003324
105.8888,0.000000
105.8988,0.000000
105.9088,0.012966
105.9188,0.014597
105.9288,0.020977
105.9388,0.006384
105.9488,0.000000
105.9588,0.000000
105.9688,0.000000
105.9788,0.020096
105.9888,0.000000
105.9988,0.007588
106.0088,0.010185
106.0188,0.000000
106.0288,0.000000
106.0388,0.023205
106.0488,0.004357
106.0588,0.000000
106.0688,0.000000
106.0788,0.016294
106.0888,0.014015
106.0988,0.000000
106.1088,0.024514
106.1188,0.014492
106.1288,0.000000
106.1388,0.000000
106.1488,0.015810
106.1588,0.007146
106.1688,0.000000
106.1788,0.000000
106.1888,0.046893
106.1988,0.000248
106.2089,0.000000
106.2189,0.000000
106.2289,0.026581
106.2389,0.012716
106.2489,0.021112
106.2589,0.003723
106.2689,0.018810
106.2789,0.000000
106.2889,0.002439
106.2989,0.004306
106.3089,0.020737
106.3189,0.004783
106.3289,0.000000
106.3389,0.000961
106.3489,0.000000
106.3589,0.000000
106.3689,0.012470
106.3789,0.000000
106.3889,0.000000
106.3989,0.012464
106.4089,0.020955
106.4189,0.008017
106.4289,0.028921
106.4389,0.007540
106.4489,0.004533
106.4589,0.003606
106.4689,0.000000
106.4789,0.014340
106.4889,0.000000
106.4989,0.000000
106.5089,0.000344
106.5189,0.000000
106.5289,0.000000
106.5389,0.027591
106.5489,0.016560
106.5589,0.000000
106.5689,0.000000
106.5789,0.000000
106.5889,0.010575
106.5989,0.000000
106.6089,0.000000
106.6189,0.001512
106.6289,0.006585
106.6389,0.014447
106.6489,0.000000
106.6589,0.000000
106.6689,0.029794
106.6789,0.000099
106.6889,0.010793
106.6989,0.000000
106.7089,0.010349
106.7189,0.000000
106.7289,0.000000
106.7389,0.000000
106.7489,0.000000
106.7589,0.018757
106.7689,0.000000
106.7789,0.010774
106.7889,0.022759
106.7989,0.000000
106.8089,0.014907
106.8189,0.007966
106.8289,0.001747
106.8389,0.011255
106.8489,0.027599
106.8589,0.000000
106.8689,0.000000
106.8789,0.000000
106.8889,0.014916
106.8989,0.016941
106.9089,0.000000
106.9189,0.000000
106.9289,0.000000
106.9389,0.008218
106.9489,0.000000
106.9589,0.002705
106.9689,0.000000
106.9789,0.015211
106.9889,0.005148
106.9989,0.008797
107.0089,0.002386
107.0189,0.007866
107.0289,0.006879
107.0389,0.000000
107.0489,0.005596
107.0589,0.011873
107.0689,0.017327
107.0789,0.006242
107.0889,0.000000
107.0989,0.000000
107.1089,0.000000
107.1189,0.002842
107.1289,0.000000
107.1389,0.000000
107.1489,0.000000
107.1589,0.000000
107.1689,0.000000
107.1789,0.000000
107.1889,0.034803
107.1989,0.026952
107.2089,0.000000
107.2189,0.002249
107.2289,0.000000
107.2389,0.000000
107.2489,0.000000
107.2589,0.000000
107.2689,0.000000
107.2789,0.003791
107.2889,0.009948
107.2989,0.000000
107.3089,0.000543
107.3189,0.000000
107.3289,0.000000
107.3389,0.000000
107.3489,0.009739
107.3589,0.000000
107.3689,0.000000
107.3789,0.000000
107.3889,0.000000
107.3989,0.024906
107.4090,0.000000
107.4190,0.010223
107.4290,0.016334
107.4390,0.000000
107.4490,0.001141
107.4590,0.008302
107.4690,0.001733
107.4790,0.005417
107.4890,0.000000
107.4990,0.008311
107.5090,0.000000
107.5190,0.005242
107.5290,0.013800
107.5390,0.010032
107.5490,0.005231
107.5590,0.009632
107.5690,0.010326
107.5790,0.022433
107.5890,0.000000
107.5990,0.002459
107.6090,0.013981
107.6190,0.000000
107.6290,0.000000
107.6390,0.007398
107.6490,0.000000
107.6590,0.000000
107.6690,0.007508
107.6790,0.021467
107.6890,0.000000
107.6990,0.015335
107.7090,0.000000
107.7190,0.000000
107.7290,0.027608
107.7390,0.000000
107.7490,0.001349
107.7590,0.011443
107.7690,0.000000
107.7790,0.001081
107.7890,0.000963
107.7990,0.027935
107.8090,0.000000
107.8190,0.000000
107.8290,0.000000
107.8390,0.000000
107.8490,0.016911
107.8590,0.000400
107.8690,0.000000
107.8790,0.000000
107.8890,0.000000
107.8990,0.000000
107.9090,0.000000
107.9190,0.000000
107.9290,0.000000
107.9390,0.000000
107.9490,0.002326
107.9590,0.003598
107.9690,0.000000
107.9790,0.000000
107.9890,0.032379
107.9990,0.031806
108.0090,0.000000
108.0190,0.000000
108.0290,0.000000
108.0390,0.015856
108.0490,0.000000
108.0590,0.003595
108.0690,0.029955
108.0790,0.000000
108.0890,0.010594
108.0990,0.007806
108.1090,0.000000
108.1190,0.015887
108.1290,0.000000
108.1390,0.020098
108.1490,0.000000
108.1590,0.000000
108.1690,0.000000
108.1790,0.000000
108.1890,0.000000
108.1990,0.000000
108.2090,0.000000
108.2190,0.000000
108.2290,0.011850
108.2390,0.006345
108.2490,0.000000
108.2590,0.000000
108.2690,0.000000
108.2790,0.022289
108.2890,0.000000
108.2990,0.000000
108.3090,0.000000
108.3190,0.000000
108.3290,0.004605
108.3390,0.003044
108.3490,0.019241
108.3590,0.015621
108.3690,0.035957
108.3790,0.000000
108.3890,0.000000
108.3990,0.000000
108.4090,0.010449
108.4190,0.001778
108.4290,0.009769
108.4390,0.000000
108.4490,0.005274
108.4590,0.003078
108.4690,0.002086
108.4790,0.000000
108.4890,0.017840
108.4990,0.030755
108.5090,0.000000
108.5190,0.010807
108.5290,0.000000
108.5390,0.010029
108.5490,0.000000
108.5590,0.000000
108.5690,0.000000
108.5790,0.000000
108.5890,0.012582
108.5990,0.000000
108.6091,0.000000
108.6191,0.000000
108.6291,0.023716
108.6391,0.006476
108.6491,0.000000
108.6591,0.000000
108.6691,0.023342
108.6791,0.010715
108.6891,0.000000
108.6991,0.000000
108.7091,0.000000
108.7191,0.000000
108.7291,0.000000
108.7391,0.000000
108.7491,0.020838
108.7591,0.000000
108.7691,0.000000
108.7791,0.002108
108.7891,0.033272
108.7991,0.000133
108.8091,0.016409
108.8191,0.000000
108.8291,0.000000
108.8391,0.000188
108.8491,0.000000
108.8591,0.000000
108.8691,0.013321
108.8791,0.000000
108.8891,0.000001
108.8991,0.010631
108.9091,0.000000
108.9191,0.016431
108.9291,0.001093
108.9391,0.000000
108.9491,0.000000
108.9591,0.000000
108.9691,0.005574
108.9791,0.026180
108.9891,0.008518
108.9991,0.016893
109.0091,0.000000
109.0191,0.000000
109.0291,0.018311
109.0391,0.000000
109.0491,0.014478
109.0591,0.011000
109.0691,0.004121
109.0791,0.000000
109.0891,0.000000
109.0991,0.026631
109.1091,0.009478
109.1191,0.005109
109.1291,0.000000
109.1391,0.000568
109.1491,0.002471
109.1591,0.005998
109.1691,0.011015
109.1791,0.000000
109.1891,0.000000
109.1991,0.001264
109.2091,0.000000
109.2191,0.000000
109.2291,0.000000
109.2391,0.007376
109.2491,0.029739
109.2591,0.000000
109.2691,0.034113
109.2791,0.000000
109.2891,0.005217
109.2991,0.000000
109.3091,0.014953
109.3191,0.000622
109.3291,0.000000
109.3391,0.000000
109.3491,0.001107
109.3591,0.012687
109.3691,0.000000
109.3791,0.017613
109.3891,0.016993
109.3991,0.000000
109.4091,0.023927
109.4191,0.000679
109.4291,0.000746
109.4391,0.001485
109.4491,0.001040
109.4591,0.000000
109.4691,0.000000
109.4791,0.000000
109.4891,0.024395
109.4991,0.023791
109.5091,0.012779
109.5191,0.000000
109.5291,0.000000
109.5391,0.000000
109.5491,0.029140
109.5591,0.000000
109.5691,0.000000
109.5791,0.015452
109.5891,0.022508
109.5991,0.024888
109.6091,0.015575
109.6191,0.018023
109.6291,0.000794
109.6391,0.000000
109.6491,0.000418
109.6591,0.009324
109.6691,0.000000
109.6791,0.000000
109.6891,0.000000
109.6991,0.000000
109.7091,0.027572
109.7191,0.028115
109.7291,0.000000
109.7391,0.004223
109.7491,0.000000
109.7591,0.009639
109.7691,0.026395
109.7791,0.000000
109.7891,0.006958
109.7991,0.008085
109.8092,0.007914
109.8192,0.024642
109.8292,0.030540
109.8392,0.000000
109.8492,0.010098
109.8592,0.001264
109.8692,0.000000
109.8792,0.004062
109.8892,0.010072
109.8992,0.003254
109.9092,0.000000
109.9192,0.000000
109.9292,0.000000
109.9392,0.000000
109.9492,0.004703
109.9592,0.006272
109.9692,0.014693
109.9792,0.000000
109.9892,0.000000
109.9992,0.023319
110.0092,0.000000
110.0192,0.000452
110.0292,0.000000
110.0392,0.016995
110.0492,0.017577
110.0592,0.016698
110.0692,0.000399
110.0792,0.000000
110.0892,0.028878
110.0992,0.012845
110.1092,0.000000
110.1192,0.021357
110.1292,0.000000
110.1392,0.021161
110.1492,0.022174
110.1592,0.000000
110.1692,0.008726
110.1792,0.011733
110.1892,0.039224
110.1992,0.000000
110.2092,0.021488
110.2192,0.000260
110.2292,0.000000
110.2392,0.000000
110.2492,0.000037
110.2592,0.000000
110.2692,0.004683
110.2792,0.014367
110.2892,0.003573
110.2992,0.000000
110.3092,0.000000
110.3192,0.000000
110.3292,0.003260
110.3392,0.016647
110.3492,0.004079
110.3592,0.000000
110.3692,0.000000
110.3792,0.002490
110.3892,0.016862
110.3992,0.019468
110.4092,0.026620
110.4192,0.001959
110.4292,0.011450
110.4392,0.000000
110.4492,0.006448
110.4592,0.000000
110.4692,0.000000
110.4792,0.045448
110.4892,0.004553
110.4992,0.000000
110.5092,0.006117
110.5192,0.000000
110.5292,0.000000
110.5392,0.031547
110.5492,0.016002
110.5592,0.005183
110.5692,0.000000
110.5792,0.000000
110.5892,0.023137
110.5992,0.004599
110.6092,0.000000
110.6192,0.036314
110.6292,0.002746
110.6392,0.005151
110.6492,0.016300
110.6592,0.006981
110.6692,0.011204
110.6792,0.000000
110.6892,0.000000
110.6992,0.004203
110.7092,0.021474
110.7192,0.000000
110.7292,0.000000
110.7392,0.018315
110.7492,0.000000
110.7592,0.000000
110.7692,0.000000
110.7792,0.000000
110.7892,0.000000
110.7992,0.000000
110.8092,0.003456
110.8192,0.003349
110.8292,0.017370
110.8392,0.027591
110.8492,0.022687
110.8592,0.013720
110.8692,0.000000
110.8792,0.000000
110.8892,0.000268
110.8992,0.008784
110.9092,0.012329
110.9192,0.009346
110.9292,0.000000
110.9392,0.011803
110.9492,0.018913
110.9592,0.013202
110.9692,0.000000
110.9792,0.000000
110.9892,0.000000
110.9992,0.000000
111.0093,0.003856
111.0193,0.007797
111.0293,0.000000
111.0393,0.000000
111.0493,0.003649
111.0593,0.000000
111.0693,0.006509
111.0793,0.000000
111.0893,0.000000
111.0993,0.000798
111.1093,0.005884
111.1193,0.000000
111.1293,0.000000
111.1393,0.007015
111.1493,0.000000
111.1593,0.000000
111.1693,0.000000
111.1793,0.000000
111.1893,0.000000
111.1993,0.000000
111.2093,0.024974
111.2193,0.000000
111.2293,0.000000
111.2393,0.031985
111.2493,0.006122
111.2593,0.000000
111.2693,0.000000
111.2793,0.006440
111.2893,0.025437
111.2993,0.000000
111.3093,0.000000
111.3193,0.000000
111.3293,0.001546
111.3393,0.000000
111.3493,0.000000
111.3593,0.000000
111.3693,0.016112
111.3793,0.000000
111.3893,0.005954
111.3993,0.000000
111.4093,0.001973
111.4193,0.000000
111.4293,0.000000
111.4393,0.033168
111.4493,0.013983
111.4593,0.000000
111.4693,0.047984
111.4793,0.000000
111.4893,0.017478
111.4993,0.000000
111.5093,0.000000
111.5193,0.000000
111.5293,0.003859
111.5393,0.000840
111.5493,0.000000
111.5593,0.016381
111.5693,0.000000
111.5793,0.004903
111.5893,0.012308
111.5993,0.000000
111.6093,0.000000
111.6193,0.000808
111.6293,0.009452
111.6393,0.021319
111.6493,0.000000
111.6593,0.000000
111.6693,0.000000
111.6793,0.004950
111.6893,0.000000
111.6993,0.000000
111.7093,0.000000
111.7193,0.008274
111.7293,0.000000
111.7393,0.000000
111.7493,0.006476
111.7593,0.000000
111.7693,0.000000
111.7793,0.000000
111.7893,0.018049
111.7993,0.000000
111.8093,0.000000
111.8193,0.000000
111.8293,0.000000
111.8393,0.000000
111.8493,0.001457
111.8593,0.000000
111.8693,0.000000
111.8793,0.000000
111.8893,0.000000
111.8993,0.000910
111.9093,0.004599
111.9193,0.000000
111.9293,0.011399
111.9393,0.011461
111.9493,0.014620
111.9593,0.004498
111.9693,0.009556
111.9793,0.032775
111.9893,0.000000
111.9993,0.000000
112.0093,0.000000
112.0193,0.026335
112.0293,0.026532
112.0393,0.000000
112.0493,0.000000
112.0593,0.000000
112.0693,0.018364
112.0793,0.000000
112.0893,0.000000
112.0993,0.032513
112.1093,0.004686
112.1193,0.006816
112.1293,0.000000
112.1393,0.006987
112.1493,0.000000
112.1593,0.000000
112.1693,0.001577
112.1793,0.000000
112.1893,0.000000
112.1993,0.000000
112.2094,0.000000
112.2194,0.000000
112.2294,0.000000
112.2394,0.000000
112.2494,0.002171
112.2594,0.000000
112.2694,0.000000
112.2794,0.000938
112.2894,0.000000
112.2994,0.000000
112.3094,0.000000
112.3194,0.010242
112.3294,0.000000
112.3394,0.000949
112.3494,0.000000
112.3594,0.000000
112.3694,0.017284
112.3794,0.007974
112.3894,0.016951
112.3994,0.004956
112.4094,0.005942
112.4194,0.000000
112.4294,0.000000
112.4394,0.000000
112.4494,0.018355
112.4594,0.000000
112.4694,0.003973
112.4794,0.003386
112.4894,0.017365
112.4994,0.000000
112.5094,0.012417
112.5194,0.000000
112.5294,0.000000
112.5394,0.000000
112.5494,0.011790
112.5594,0.010105
112.5694,0.013452
112.5794,0.000000
112.5894,0.000000
112.5994,0.000000
112.6094,0.021655
112.6194,0.025407
112.6294,0.011907
112.6394,0.004965
112.6494,0.020031
112.6594,0.000000
112.6694,0.000000
112.6794,0.000000
112.6894,0.000000
112.6994,0.000000
112.7094,0.000000
112.7194,0.015375
112.7294,0.008155
112.7394,0.021443
112.7494,0.000000
112.7594,0.028525
112.7694,0.000000
112.7794,0.000000
112.7894,0.000000
112.7994,0.019616
112.8094,0.003384
112.8194,0.000000
112.8294,0.000000
112.8394,0.000000
112.8494,0.016989
112.8594,0.011980
112.8694,0.020287
112.8794,0.005952
112.8894,0.000000
112.8994,0.000000
112.9094,0.006973
112.9194,0.000000
112.9294,0.000000
112.9394,0.000000
112.9494,0.014214
112.9594,0.006843
112.9694,0.007518
112.9794,0.000000
112.9894,0.002644
112.9994,0.000000
113.0094,0.000000
113.0194,0.000000
113.0294,0.000000
113.0394,0.000000
113.0494,0.035627
113.0594,0.000000
113.0694,0.000000
113.0794,0.003252
113.0894,0.026541
113.0994,0.003033
113.1094,0.010532
113.1194,0.000000
113.1294,0.000000
113.1394,0.001233
113.1494,0.000000
113.1594,0.010864
113.1694,0.000000
113.1794,0.013350
113.1894,0.000590
113.1994,0.000000
113.2094,0.000000
113.2194,0.000000
113.2294,0.017980
113.2394,0.000000
113.2494,0.004176
113.2594,0.000000
113.2694,0.000000
113.2794,0.000000
113.2894,0.001498
113.2994,0.005560
113.3094,0.004809
113.3194,0.000000
113.3294,0.000000
113.3394,0.008058
113.3494,0.000000
113.3594,0.000000
113.3694,0.028552
113.3794,0.000000
113.3894,0.016206
113.3994,0.000000
113.4095,0.009822
113.4195,0.010622
113.4295,0.000000
113.4395,0.000000
113.4495,0.000000
113.4595,0.000000
113.4695,0.007893
113.4795,0.000000
113.4895,0.001454
113.4995,0.000000
113.5095,0.000000
113.5195,0.000000
113.5295,0.000000
113.5395,0.000000
113.5495,0.000000
113.5595,0.000000
113.5695,0.000000
113.5795,0.000000
113.5895,0.016241
113.5995,0.000000
113.6095,0.000000
113.6195,0.000000
113.6295,0.013721
113.6395,0.000000
113.6495,0.022466
113.6595,0.000000
113.6695,0.007551
113.6795,0.015550
113.6895,0.006753
113.6995,0.000000
113.7095,0.000000
113.7195,0.017551
113.7295,0.000000
113.7395,0.014635
113.7495,0.000000
113.7595,0.002122
113.7695,0.000000
113.7795,0.000000
113.7895,0.000000
113.7995,0.003384
113.8095,0.001398
113.8195,0.006940
113.8295,0.000000
113.8395,0.000000
113.8495,0.002741
113.8595,0.000000
113.8695,0.016176
113.8795,0.000000
113.8895,0.000000
113.8995,0.006933
113.9095,0.000000
113.9195,0.000000
113.9295,0.000000
113.9395,0.015866
113.9495,0.001258
113.9595,0.000000
113.9695,0.005282
113.9795,0.000000
113.9895,0.000000
113.9995,0.000000
114.0095,0.014999
114.0195,0.000000
114.0295,0.000000
114.0395,0.001802
114.0495,0.023675
114.0595,0.008308
114.0695,0.000000
114.0795,0.022940
114.0895,0.000000
114.0995,0.003980
114.1095,0.007317
114.1195,0.000000
114.1295,0.010464
114.1395,0.000000
114.1495,0.010427
114.1595,0.000000
114.1695,0.005025
114.1795,0.000000
114.1895,0.017246
114.1995,0.000000
114.2095,0.018738
114.2195,0.007614
114.2295,0.000000
114.2395,0.011815
114.2495,0.011911
114.2595,0.007079
114.2695,0.000000
114.2795,0.000000
114.2895,0.020762
114.2995,0.000000
114.3095,0.013237
114.3195,0.010597
114.3295,0.000000
114.3395,0.000000
114.3495,0.000000
114.3595,0.031170
114.3695,0.000000
114.3795,0.000000
114.3895,0.000000
114.3995,0.018222
114.4095,0.000000
114.4195,0.000000
114.4295,0.021202
114.4395,0.008692
114.4495,0.000000
114.4595,0.000000
114.4695,0.017373
114.4795,0.000252
114.4895,0.000000
114.4995,0.000000
114.5095,0.000000
114.5195,0.000000
114.5295,0.000000
114.5395,0.000000
114.5495,0.000000
114.5595,0.000000
114.5695,0.025394
114.5795,0.000000
114.5895,0.000000
114.5995,0.007639
114.6096,0.000000
114.6196,0.006002
114.6296,0.004209
114.6396,0.001839
114.6496,0.041497
114.6596,0.013667
114.6696,0.000000
114.6796,0.005553
114.6896,0.000000
114.6996,0.006694
114.7096,0.000000
114.7196,0.000000
114.7296,0.005159
114.7396,0.014965
114.7496,0.007540
114.7596,0.012812
114.7696,0.005607
114.7796,0.002587
114.7896,0.000000
114.7996,0.012195
114.8096,0.015373
114.8196,0.000000
114.8296,0.000000
114.8396,0.023871
114.8496,0.000000
114.8596,0.001135
114.8696,0.007263
114.8796,0.000000
114.8896,0.000000
114.8996,0.005669
114.9096,0.000000
114.9196,0.027634
114.9296,0.011827
114.9396,0.000000
114.9496,0.010936
114.9596,0.004618
114.9696,0.019641
114.9796,0.000000
114.9896,0.002830
114.9996,0.000000
115.0096,0.000877
115.0196,0.000000
115.0296,0.008639
115.0396,0.006269
115.0496,0.019278
115.0596,0.000000
115.0696,0.000000
115.0796,0.011839
115.0896,0.000000
115.0996,0.016275
115.1096,0.016243
115.1196,0.018859
115.1296,0.005649
115.1396,0.000000
115.1496,0.001638
115.1596,0.005701
115.1696,0.000000
115.1796,0.019997
115.1896,0.008701
115.1996,0.000000
115.2096,0.028243
115.2196,0.001461
115.2296,0.000000
115.2396,0.000000
115.2496,0.022317
115.2596,0.027375
115.2696,0.015142
115.2796,0.019790
115.2896,0.018249
115.2996,0.008354
115.3096,0.004936
115.3196,0.008098
115.3296,0.011040
115.3396,0.000000
115.3496,0.010979
115.3596,0.021879
115.3696,0.000000
115.3796,0.000000
115.3896,0.007148
115.3996,0.000000
115.4096,0.000000
115.4196,0.017216
115.4296,0.000000
115.4396,0.000277
115.4496,0.000000
115.4596,0.019151
115.4696,0.012798
115.4796,0.000000
115.4896,0.000000
115.4996,0.000000
115.5096,0.008552
115.5196,0.002830
115.5296,0.001636
115.5396,0.003175
115.5496,0.011382
115.5596,0.000000
115.5696,0.006750
115.5796,0.000000
115.5896,0.038308
115.5996,0.000000
115.6096,0.003054
115.6196,0.008497
115.6296,0.000000
115.6396,0.000117
115.6496,0.000000
115.6596,0.000000
115.6696,0.006579
115.6796,0.000000
115.6896,0.026291
115.6996,0.011895
115.7096,0.009587
115.7196,0.000000
115.7296,0.000000
115.7396,0.020840
115.7496,0.062269
115.7596,0.017920
115.7696,0.015554
115.7796,0.007875
115.7896,0.000000
115.7996,0.014928
115.8097,0.000000
115.8197,0.000000
115.8297,0.000000
115.8397,0.014636
115.8497,0.000000
115.8597,0.001513
115.8697,0.000000
115.8797,0.000000
115.8897,0.000000
115.8997,0.000000
115.9097,0.000000
115.9197,0.000000
115.9297,0.000000
115.9397,0.008665
115.9497,0.009915
115.9597,0.000000
115.9697,0.000000
115.9797,0.027841
115.9897,0.000000
115.9997,0.006400
116.0097,0.001583
116.0197,0.016393
116.0297,0.004432
116.0397,0.000000
116.0497,0.001001
116.0597,0.001221
116.0697,0.000000
116.0797,0.000000
116.0897,0.018646
116.0997,0.015997
116.1097,0.000000
116.1197,0.000000
116.1297,0.000000
116.1397,0.000000
116.1497,0.000000
116.1597,0.000000
116.1697,0.000000
116.1797,0.000000
116.1897,0.002655
116.1997,0.017443
116.2097,0.012632
116.2197,0.000000
116.2297,0.000000
116.2397,0.010736
116.2497,0.002196
116.2597,0.006365
116.2697,0.029042
116.2797,0.000000
116.2897,0.000000
116.2997,0.000000
116.3097,0.007291
116.3197,0.000404
116.3297,0.000000
116.3397,0.000000
116.3497,0.000000
116.3597,0.000000
116.3697,0.007810
116.3797,0.000000
116.3897,0.000000
116.3997,0.000000
116.4097,0.003947
116.4197,0.000639
116.4297,0.003029
116.4397,0.002702
116.4497,0.000000
116.4597,0.000000
116.4697,0.000000
116.4797,0.000000
116.4897,0.030978
116.4997,0.000000
116.5097,0.000000
116.5197,0.001474
116.5297,0.000000
116.5397,0.016110
116.5497,0.000000
116.5597,0.000000
116.5697,0.012219
116.5797,0.027161
116.5897,0.021112
116.5997,0.000000
116.6097,0.000000
116.6197,0.000701
116.6297,0.002205
116.6397,0.000000
116.6497,0.014049
116.6597,0.003099
116.6697,0.000000
116.6797,0.000000
116.6897,0.000934
116.6997,0.000000
116.7097,0.000000
116.7197,0.000000
116.7297,0.004305
116.7397,0.028198
116.7497,0.008579
116.7597,0.021726
116.7697,0.009678
116.7797,0.016876
116.7897,0.027857
116.7997,0.000000
116.8097,0.000000
116.8197,0.010032
116.8297,0.000000
116.8397,0.003305
116.8497,0.000000
116.8597,0.000000
116.8697,0.024311
116.8797,0.000000
116.8897,0.010296
116.8997,0.007863
116.9097,0.000000
116.9197,0.000000
116.9297,0.000000
116.9397,0.008469
116.9497,0.000000
116.9597,0.000000
116.9697,0.000000
116.9797,0.034889
116.9897,0.001068
116.9997,0.007485
117.0098,0.000000
117.0198,0.000000
117.0298,0.028690
117.0398,0.000000
117.0498,0.004180
117.0598,0.000000
117.0698,0.000000
117.0798,0.000000
117.0898,0.000000
117.0998,0.000532
117.1098,0.000000
117.1198,0.000000
117.1298,0.000000
117.1398,0.000000
117.1498,0.022698
117.1598,0.000000
117.1698,0.000000
117.1798,0.000000
117.1898,0.000000
117.1998,0.019622
117.2098,0.037095
117.2198,0.011185
117.2298,0.016320
117.2398,0.025746
117.2498,0.003733
117.2598,0.023554
117.2698,0.011886
117.2798,0.002160
117.2898,0.005255
117.2998,0.000000
117.3098,0.004382
117.3198,0.000000
117.3298,0.000000
117.3398,0.002893
117.3498,0.000000
117.3598,0.000000
117.3698,0.002077
117.3798,0.002746
117.3898,0.000000
117.3998,0.013480
117.4098,0.000000
117.4198,0.006616
117.4298,0.000000
117.4398,0.000000
117.4498,0.016459
117.4598,0.014553
117.4698,0.000000
117.4798,0.000000
117.4898,0.000000
117.4998,0.000000
117.5098,0.000000
117.5198,0.000000
117.5298,0.009497
117.5398,0.000000
117.5498,0.000000
117.5598,0.000000
117.5698,0.015827
117.5798,0.000000
117.5898,0.000000
117.5998,0.000000
117.6098,0.000000
117.6198,0.007938
117.6298,0.000000
117.6398,0.000822
117.6498,0.019120
117.6598,0.019981
117.6698,0.000000
117.6798,0.009718
117.6898,0.003385
117.6998,0.000000
117.7098,0.004915
117.7198,0.000000
117.7298,0.021940
117.7398,0.007724
117.7498,0.000000
117.7598,0.000000
117.7698,0.000000
117.7798,0.000000
117.7898,0.000000
117.7998,0.000000
117.8098,0.011651
117.8198,0.019152
117.8298,0.000000
117.8398,0.000000
117.8498,0.006525
117.8598,0.000000
117.8698,0.000000
117.8798,0.000000
117.8898,0.000000
117.8998,0.003723
117.9098,0.000140
117.9198,0.003156
117.9298,0.000000
117.9398,0.009978
117.9498,0.000051
117.9598,0.038291
117.9698,0.000000
117.9798,0.004852
117.9898,0.042438
117.9998,0.002911
118.0098,0.000000
118.0198,0.000000
118.0298,0.022924
118.0398,0.000000
118.0498,0.006407
118.0598,0.000000
118.0698,0.000000
118.0798,0.000000
118.0898,0.020147
118.0998,0.000000
118.1098,0.000000
118.1198,0.018790
118.1298,0.000000
118.1398,0.005019
118.1498,0.012621
118.1598,0.007111
118.1698,0.000000
118.1798,0.010430
118.1898,0.000000
118.1998,0.000000
118.2099,0.000000
118.2199,0.000000
118.2299,0.002883
118.2399,0.000000
118.2499,0.000000
118.2599,0.002344
118.2699,0.016111
118.2799,0.000000
118.2899,0.021774
118.2999,0.014203
118.3099,0.000000
118.3199,0.000000
118.3299,0.000000
118.3399,0.004076
118.3499,0.000000
118.3599,0.017990
118.3699,0.000000
118.3799,0.000000
118.3899,0.003504
118.3999,0.000000
118.4099,0.000128
118.4199,0.014790
118.4299,0.001758
118.4399,0.001814
118.4499,0.003077
118.4599,0.000000
118.4699,0.005878
118.4799,0.002399
118.4899,0.013393
118.4999,0.009087
118.5099,0.000000
118.5199,0.015486
118.5299,0.000000
118.5399,0.003707
118.5499,0.000000
118.5599,0.006926
118.5699,0.000000
118.5799,0.024713
118.5899,0.030260
118.5999,0.013109
118.6099,0.023119
118.6199,0.000000
118.6299,0.000000
118.6399,0.000000
118.6499,0.000618
118.6599,0.000000
118.6699,0.000000
118.6799,0.017274
118.6899,0.032313
118.6999,0.019215
118.7099,0.016283
118.7199,0.003392
118.7299,0.000000
118.7399,0.001088
118.7499,0.031584
118.7599,0.000000
118.7699,0.000000
118.7799,0.016610
118.7899,0.017605
118.7999,0.000000
118.8099,0.000000
118.8199,0.000000
118.8299,0.001045
118.8399,0.016555
118.8499,0.000000
118.8599,0.016345
118.8699,0.001525
118.8799,0.034893
118.8899,0.004782
118.8999,0.000000
118.9099,0.008621
118.9199,0.000000
118.9299,0.000000
118.9399,0.000000
118.9499,0.000000
118.9599,0.000000
118.9699,0.000000
118.9799,0.000000
118.9899,0.000000
118.9999,0.003654
119.0099,0.001455
119.0199,0.000000
119.0299,0.000000
119.0399,0.000000
119.0499,0.000162
119.0599,0.000871
119.0699,0.000000
119.0799,0.004015
119.0899,0.003922
119.0999,0.000000
119.1099,0.036316
119.1199,0.000000
119.1299,0.000000
119.1399,0.000000
119.1499,0.000000
119.1599,0.010288
119.1699,0.000000
119.1799,0.000000
119.1899,0.000000
119.1999,0.000000
119.2099,0.000000
119.2199,0.000000
119.2299,0.013100
119.2399,0.002955
119.2499,0.023409
119.2599,0.011264
119.2699,0.007859
119.2799,0.028240
119.2899,0.000000
119.2999,0.000946
119.3099,0.000000
119.3199,0.023157
119.3299,0.000038
119.3399,0.000000
119.3499,0.008815
119.3599,0.000000
119.3699,0.008002
119.3799,0.006208
119.3899,0.000000
119.3999,0.008487
119.4100,0.000000
119.4200,0.002444
119.4300,0.000000
119.4400,0.042934
119.4500,0.002337
119.4600,0.000000
119.4700,0.000000
119.4800,0.019581
119.4900,0.000000
119.5000,0.000000
119.5100,0.005044
119.5200,0.009746
119.5300,0.009509
119.5400,0.000296
119.5500,0.002388
119.5600,0.003481
119.5700,0.005046
119.5800,0.006373
119.5900,0.016417
119.6000,0.000846
119.6100,0.000000
119.6200,0.000000
119.6300,0.011307
119.6400,0.000000
119.6500,0.000000
119.6600,0.013774
119.6700,0.022802
119.6800,0.000000
119.6900,0.001507
119.7000,0.000000
119.7100,0.000000
119.7200,0.004583
119.7300,0.000000
119.7400,0.000000
119.7500,0.000000
119.7600,0.000000
119.7700,0.000000
119.7800,0.011845
119.7900,0.000000
119.8000,0.000000
119.8100,0.004240
119.8200,0.000000
119.8300,0.012562
119.8400,0.000000
119.8500,0.000000
119.8600,0.000000
119.8700,0.000904
119.8800,0.000000
119.8900,0.000000
119.9000,0.002734
119.9100,0.000000
119.9200,0.000000
119.9300,0.014480
119.9400,0.000000
119.9500,0.017247
119.9600,0.000427
119.9700,0.004421
119.9800,0.000000
119.9900,0.000000
120.0000,0.000000
