time_s,dF_F
0.0000,0.008433
0.0100,0.000000
0.0200,0.000000
0.0300,0.000000
0.0400,0.007301
0.0500,0.007778
0.0600,0.050606
0.0700,0.030269
0.0800,0.000000
0.0900,0.000000
0.1000,0.000000
0.1100,0.023042
0.1200,0.000000
0.1300,0.008357
0.1400,0.000000
0.1500,0.000000
0.1600,0.037661
0.1700,0.000904
0.1800,0.000000
0.1900,0.004372
0.2000,0.000000
0.2100,0.000000
0.2200,0.000000
0.2300,0.000000
0.2400,0.000000
0.2500,0.020173
0.2600,0.008353
0.2700,0.011493
0.2800,0.000000
0.2900,0.014811
0.3000,0.000000
0.3100,0.000000
0.3200,0.007337
0.3300,0.000000
0.3400,0.000000
0.3500,0.000000
0.3600,0.022562
0.3700,0.023500
0.3800,0.000000
0.3900,0.000000
0.4000,0.000000
0.4100,0.000000
0.4200,0.014971
0.4300,0.016569
0.4400,0.000000
0.4500,0.021944
0.4600,0.044464
0.4700,0.115400
0.4800,0.157726
0.4900,0.220007
0.5000,0.262290
0.5100,0.311050
0.5200,0.255164
0.5300,0.255073
0.5400,0.267438
0.5500,0.225264
0.5600,0.190859
0.5700,0.220498
0.5800,0.181967
0.5900,0.198495
0.6001,0.166651
0.6101,0.150211
0.6201,0.168556
0.6301,0.109981
0.6401,0.149238
0.6501,0.102481
0.6601,0.108041
0.6701,0.099886
0.6801,0.081311
0.6901,0.068000
0.7001,0.068275
0.7101,0.050358
0.7201,0.098078
0.7301,0.048677
0.7401,0.073183
0.7501,0.066184
0.7601,0.049966
0.7701,0.037073
0.7801,0.039406
0.7901,0.042921
0.8001,0.031414
0.8101,0.000000
0.8201,0.000000
0.8301,0.049200
0.8401,0.000000
0.8501,0.021572
0.8601,0.012093
0.8701,0.017648
0.8801,0.000000
0.8901,0.018353
0.9001,0.014580
0.9101,0.075270
0.9201,0.055588
0.9301,0.113634
0.9401,0.103699
0.9501,0.193204
0.9601,0.224226
0.9701,0.270187
0.9801,0.314523
0.9901,0.322685
1.0001,0.279684
1.0101,0.244677
1.0201,0.231990
1.0301,0.242664
1.0401,0.221489
1.0501,0.171967
1.0601,0.195467
1.0701,0.154014
1.0801,0.169283
1.0901,0.135394
1.1001,0.133923
1.1101,0.118867
1.1201,0.146278
1.1301,0.117002
1.1401,0.123855
1.1501,0.145194
1.1601,0.086371
1.1701,0.105518
1.1801,0.059330
1.1901,0.088412
1.2001,0.045636
1.2101,0.054609
1.2201,0.059773
1.2301,0.058152
1.2401,0.018652
1.2501,0.022187
1.2601,0.045346
1.2701,0.024558
1.2801,0.003132
1.2901,0.024365
1.3001,0.021091
1.3101,0.024221
1.3201,0.028564
1.3301,0.025602
1.3401,0.001742
1.3501,0.006676
1.3601,0.029411
1.3701,0.001702
1.3801,0.003252
1.3901,0.000000
1.4001,0.007923
1.4101,0.013827
1.4201,0.000000
1.4301,0.000000
1.4401,0.000000
1.4501,0.019221
1.4601,0.000000
1.4701,0.002669
1.4801,0.016602
1.4901,0.006697
1.5001,0.000000
1.5101,0.008927
1.5201,0.021089
1.5301,0.000245
1.5401,0.000000
1.5501,0.022429
1.5601,0.008798
1.5701,0.000839
1.5801,0.000000
1.5901,0.000000
1.6001,0.000000
1.6101,0.000000
1.6201,0.000000
1.6301,0.000000
1.6401,0.000000
1.6501,0.013932
1.6601,0.005157
1.6701,0.000000
1.6801,0.000000
1.6901,0.000000
1.7001,0.000000
1.7101,0.010842
1.7201,0.000000
1.7301,0.026519
1.7401,0.010766
1.7501,0.000000
1.7601,0.001731
1.7701,0.018908
1.7801,0.007154
1.7901,0.000000
1.8002,0.000000
1.8102,0.003325
1.8202,0.013956
1.8302,0.000000
1.8402,0.000000
1.8502,0.029570
1.8602,0.000661
1.8702,0.027563
1.8802,0.053796
1.8902,0.000000
1.9002,0.000000
1.9102,0.000000
1.9202,0.019818
1.9302,0.022333
1.9402,0.040925
1.9502,0.000000
1.9602,0.008809
1.9702,0.000000
1.9802,0.000000
1.9902,0.000000
2.0002,0.000000
2.0102,0.011594
2.0202,0.000000
2.0302,0.000000
2.0402,0.004828
2.0502,0.006712
2.0602,0.000000
2.0702,0.033620
2.0802,0.028257
2.0902,0.000000
2.1002,0.028975
2.1102,0.031724
2.1202,0.000000
2.1302,0.000821
2.1402,0.000000
2.1502,0.000000
2.1602,0.000000
2.1702,0.023750
2.1802,0.007875
2.1902,0.000000
2.2002,0.000000
2.2102,0.000000
2.2202,0.000000
2.2302,0.016438
2.2402,0.000000
2.2502,0.016232
2.2602,0.003546
2.2702,0.002572
2.2802,0.018465
2.2902,0.015181
2.3002,0.000000
2.3102,0.000000
2.3202,0.000000
2.3302,0.006408
2.3402,0.024563
2.3502,0.001172
2.3602,0.030667
2.3702,0.000000
2.3802,0.000000
2.3902,0.000000
2.4002,0.000000
2.4102,0.020869
2.4202,0.000000
2.4302,0.000000
2.4402,0.020668
2.4502,0.000000
2.4602,0.019312
2.4702,0.039558
2.4802,0.001447
2.4902,0.021041
2.5002,0.043545
2.5102,0.007238
2.5202,0.000000
2.5302,0.016244
2.5402,0.021316
2.5502,0.000000
2.5602,0.000000
2.5702,0.030913
2.5802,0.000000
2.5902,0.021487
2.6002,0.004732
2.6102,0.032885
2.6202,0.000000
2.6302,0.000000
2.6402,0.015381
2.6502,0.000000
2.6602,0.002099
2.6702,0.027871
2.6802,0.000000
2.6902,0.007239
2.7002,0.021811
2.7102,0.000000
2.7202,0.000000
2.7302,0.000000
2.7402,0.000000
2.7502,0.001245
2.7602,0.000000
2.7702,0.000000
2.7802,0.008391
2.7902,0.028424
2.8002,0.005901
2.8102,0.024186
2.8202,0.028419
2.8302,0.000000
2.8402,0.004947
2.8502,0.000000
2.8602,0.000000
2.8702,0.006404
2.8802,0.000000
2.8902,0.008717
2.9002,0.000000
2.9102,0.003078
2.9202,0.000000
2.9302,0.012130
2.9402,0.000000
2.9502,0.000000
2.9602,0.020277
2.9702,0.000000
2.9802,0.001995
2.9902,0.000000
3.0003,0.009133
3.0103,0.018773
3.0203,0.015041
3.0303,0.000000
3.0403,0.021763
3.0503,0.000000
3.0603,0.000000
3.0703,0.000000
3.0803,0.018842
3.0903,0.000000
3.1003,0.016047
3.1103,0.000000
3.1203,0.000000
3.1303,0.019761
3.1403,0.000000
3.1503,0.041142
3.1603,0.000000
3.1703,0.002697
3.1803,0.027772
3.1903,0.003167
3.2003,0.021400
3.2103,0.000000
3.2203,0.000000
3.2303,0.007141
3.2403,0.019466
3.2503,0.013855
3.2603,0.012169
3.2703,0.019099
3.2803,0.008550
3.2903,0.000000
3.3003,0.025960
3.3103,0.000000
3.3203,0.005645
3.3303,0.003258
3.3403,0.000852
3.3503,0.000000
3.3603,0.000000
3.3703,0.000000
3.3803,0.014872
3.3903,0.000000
3.4003,0.000000
3.4103,0.007525
3.4203,0.000000
3.4303,0.000000
3.4403,0.001473
3.4503,0.005088
3.4603,0.000000
3.4703,0.002537
3.4803,0.007179
3.4903,0.000000
3.5003,0.003867
3.5103,0.000000
3.5203,0.002230
3.5303,0.013015
3.5403,0.000000
3.5503,0.016441
3.5603,0.014235
3.5703,0.016341
3.5803,0.007256
3.5903,0.019814
3.6003,0.006932
3.6103,0.000000
3.6203,0.000000
3.6303,0.000000
3.6403,0.000000
3.6503,0.006439
3.6603,0.000000
3.6703,0.036157
3.6803,0.000000
3.6903,0.000000
3.7003,0.000000
3.7103,0.000000
3.7203,0.000000
3.7303,0.000496
3.7403,0.000000
3.7503,0.029793
3.7603,0.000000
3.7703,0.000000
3.7803,0.014675
3.7903,0.000000
3.8003,0.009708
3.8103,0.000000
3.8203,0.000000
3.8303,0.002197
3.8403,0.000000
3.8503,0.000000
3.8603,0.002193
3.8703,0.003764
3.8803,0.000000
3.8903,0.000000
3.9003,0.003899
3.9103,0.000000
3.9203,0.000000
3.9303,0.009611
3.9403,0.000000
3.9503,0.000000
3.9603,0.000000
3.9703,0.000000
3.9803,0.000000
3.9903,0.036465
4.0003,0.010184
4.0103,0.000000
4.0203,0.012730
4.0303,0.000000
4.0403,0.000000
4.0503,0.000000
4.0603,0.036410
4.0703,0.000000
4.0803,0.005645
4.0903,0.000000
4.1003,0.013299
4.1103,0.005282
4.1203,0.022582
4.1303,0.012926
4.1403,0.000000
4.1503,0.052492
4.1603,0.009998
4.1703,0.000000
4.1803,0.003700
4.1903,0.011355
4.2004,0.010670
4.2104,0.008929
4.2204,0.017397
4.2304,0.015627
4.2404,0.000000
4.2504,0.037945
4.2604,0.035440
4.2704,0.014417
4.2804,0.000697
4.2904,0.001006
4.3004,0.000000
4.3104,0.000000
4.3204,0.000000
4.3304,0.027545
4.3404,0.021194
4.3504,0.000000
4.3604,0.016020
4.3704,0.000000
4.3804,0.000000
4.3904,0.008871
4.4004,0.000000
4.4104,0.000000
4.4204,0.001431
4.4304,0.001448
4.4404,0.000000
4.4504,0.008044
4.4604,0.019077
4.4704,0.007332
4.4804,0.000000
4.4904,0.048403
4.5004,0.000000
4.5104,0.013922
4.5204,0.004379
4.5304,0.036222
4.5404,0.006961
4.5504,0.010821
4.5604,0.009103
4.5704,0.000000
4.5804,0.000000
4.5904,0.000000
4.6004,0.017233
4.6104,0.004196
4.6204,0.000000
4.6304,0.024700
4.6404,0.000000
4.6504,0.000000
4.6604,0.000000
4.6704,0.021750
4.6804,0.000000
4.6904,0.017393
4.7004,0.000000
4.7104,0.018417
4.7204,0.000000
4.7304,0.007378
4.7404,0.004743
4.7504,0.006079
4.7604,0.030325
4.7704,0.000000
4.7804,0.000000
4.7904,0.003564
4.8004,0.000869
4.8104,0.000000
4.8204,0.000000
4.8304,0.027540
4.8404,0.000000
4.8504,0.043883
4.8604,0.009509
4.8704,0.000000
4.8804,0.009948
4.8904,0.001961
4.9004,0.024156
4.9104,0.000000
4.9204,0.000000
4.9304,0.006498
4.9404,0.015043
4.9504,0.005146
4.9604,0.012105
4.9704,0.009458
4.9804,0.000000
4.9904,0.005062
5.0004,0.023702
5.0104,0.003092
5.0204,0.000000
5.0304,0.000000
5.0404,0.010022
5.0504,0.032321
5.0604,0.000000
5.0704,0.006502
5.0804,0.000000
5.0904,0.009139
5.1004,0.010581
5.1104,0.000000
5.1204,0.011369
5.1304,0.020518
5.1404,0.000000
5.1504,0.000000
5.1604,0.025660
5.1704,0.014917
5.1804,0.010148
5.1904,0.000000
5.2004,0.017738
5.2104,0.036764
5.2204,0.000000
5.2304,0.001701
5.2404,0.000000
5.2504,0.000000
5.2604,0.000000
5.2704,0.002355
5.2804,0.000000
5.2904,0.006710
5.3004,0.000000
5.3104,0.000000
5.3204,0.000000
5.3304,0.003376
5.3404,0.000000
5.3504,0.002728
5.3604,0.000000
5.3704,0.003257
5.3804,0.000000
5.3904,0.011785
5.4005,0.000000
5.4105,0.003908
5.4205,0.000000
5.4305,0.000000
5.4405,0.000000
5.4505,0.024759
5.4605,0.009491
5.4705,0.002338
5.4805,0.000000
5.4905,0.000000
5.5005,0.004980
5.5105,0.012612
5.5205,0.003762
5.5305,0.030772
5.5405,0.000000
5.5505,0.003229
5.5605,0.000000
5.5705,0.003799
5.5805,0.026449
5.5905,0.000000
5.6005,0.015158
5.6105,0.025939
5.6205,0.000000
5.6305,0.008405
5.6405,0.028433
5.6505,0.004149
5.6605,0.014161
5.6705,0.000000
5.6805,0.010748
5.6905,0.009310
5.7005,0.000000
5.7105,0.000000
5.7205,0.010872
5.7305,0.000000
5.7405,0.020015
5.7505,0.005593
5.7605,0.001016
5.7705,0.000000
5.7805,0.005268
5.7905,0.014453
5.8005,0.009609
5.8105,0.000000
5.8205,0.022310
5.8305,0.011838
5.8405,0.006934
5.8505,0.001651
5.8605,0.009001
5.8705,0.000000
5.8805,0.004344
5.8905,0.029523
5.9005,0.003960
5.9105,0.001503
5.9205,0.000000
5.9305,0.008869
5.9405,0.000000
5.9505,0.023567
5.9605,0.000000
5.9705,0.000000
5.9805,0.000000
5.9905,0.033022
6.0005,0.000000
6.0105,0.000000
6.0205,0.000000
6.0305,0.000000
6.0405,0.009502
6.0505,0.009430
6.0605,0.000000
6.0705,0.000000
6.0805,0.033478
6.0905,0.048535
6.1005,0.020696
6.1105,0.028067
6.1205,0.031886
6.1305,0.039862
6.1405,0.000000
6.1505,0.000000
6.1605,0.033003
6.1705,0.000000
6.1805,0.000000
6.1905,0.000000
6.2005,0.000000
6.2105,0.000000
6.2205,0.000000
6.2305,0.000000
6.2405,0.000000
6.2505,0.019123
6.2605,0.000120
6.2705,0.010386
6.2805,0.008416
6.2905,0.000000
6.3005,0.017786
6.3105,0.008139
6.3205,0.000000
6.3305,0.000000
6.3405,0.009372
6.3505,0.000000
6.3605,0.006845
6.3705,0.001420
6.3805,0.000000
6.3905,0.004651
6.4005,0.003444
6.4105,0.003509
6.4205,0.002646
6.4305,0.000000
6.4405,0.010649
6.4505,0.000000
6.4605,0.000000
6.4705,0.012143
6.4805,0.016856
6.4905,0.010912
6.5005,0.000000
6.5105,0.000000
6.5205,0.026670
6.5305,0.000000
6.5405,0.010549
6.5505,0.037984
6.5605,0.002690
6.5705,0.005242
6.5805,0.006828
6.5905,0.003567
6.6006,0.042311
6.6106,0.000000
6.6206,0.000000
6.6306,0.000000
6.6406,0.031335
6.6506,0.000000
6.6606,0.007745
6.6706,0.019278
6.6806,0.014022
6.6906,0.018325
6.7006,0.025524
6.7106,0.005548
6.7206,0.000000
6.7306,0.002650
6.7406,0.000000
6.7506,0.045388
6.7606,0.000000
6.7706,0.008697
6.7806,0.000000
6.7906,0.002391
6.8006,0.000000
6.8106,0.012162
6.8206,0.012632
6.8306,0.025506
6.8406,0.024076
6.8506,0.000000
6.8606,0.000000
6.8706,0.000000
6.8806,0.005449
6.8906,0.002840
6.9006,0.004643
6.9106,0.000000
6.9206,0.025870
6.9306,0.000000
6.9406,0.000000
6.9506,0.000000
6.9606,0.000000
6.9706,0.022438
6.9806,0.000000
6.9906,0.001827
7.0006,0.011956
7.0106,0.000000
7.0206,0.006887
7.0306,0.004514
7.0406,0.000000
7.0506,0.000000
7.0606,0.006383
7.0706,0.023079
7.0806,0.023063
7.0906,0.037719
7.1006,0.008738
7.1106,0.000000
7.1206,0.000000
7.1306,0.000000
7.1406,0.000000
7.1506,0.006893
7.1606,0.007731
7.1706,0.000000
7.1806,0.019587
7.1906,0.000000
7.2006,0.000000
7.2106,0.020688
7.2206,0.010933
7.2306,0.000000
7.2406,0.035439
7.2506,0.000000
7.2606,0.000000
7.2706,0.008149
7.2806,0.000000
7.2906,0.000000
7.3006,0.011210
7.3106,0.000000
7.3206,0.010451
7.3306,0.000000
7.3406,0.015453
7.3506,0.000000
7.3606,0.023735
7.3706,0.000000
7.3806,0.027561
7.3906,0.000000
7.4006,0.034646
7.4106,0.000000
7.4206,0.000000
7.4306,0.000776
7.4406,0.022212
7.4506,0.014234
7.4606,0.020933
7.4706,0.014589
7.4806,0.000000
7.4906,0.013796
7.5006,0.001671
7.5106,0.000000
7.5206,0.003228
7.5306,0.000000
7.5406,0.025488
7.5506,0.000000
7.5606,0.000000
7.5706,0.000000
7.5806,0.034143
7.5906,0.000000
7.6006,0.023343
7.6106,0.000000
7.6206,0.009119
7.6306,0.004725
7.6406,0.022201
7.6506,0.019591
7.6606,0.001474
7.6706,0.000000
7.6806,0.029249
7.6906,0.000000
7.7006,0.000000
7.7106,0.000000
7.7206,0.000000
7.7306,0.010723
7.7406,0.039860
7.7506,0.000000
7.7606,0.000000
7.7706,0.001602
7.7806,0.027819
7.7906,0.000000
7.8007,0.010634
7.8107,0.000000
7.8207,0.046929
7.8307,0.002602
7.8407,0.006402
7.8507,0.001517
7.8607,0.000000
7.8707,0.017098
7.8807,0.000000
7.8907,0.000000
7.9007,0.000000
7.9107,0.014680
7.9207,0.000000
7.9307,0.003357
7.9407,0.000000
7.9507,0.019128
7.9607,0.011734
7.9707,0.000355
7.9807,0.003037
7.9907,0.000000
8.0007,0.000000
8.0107,0.000000
8.0207,0.009247
8.0307,0.010159
8.0407,0.000000
8.0507,0.013417
8.0607,0.025574
8.0707,0.000000
8.0807,0.005574
8.0907,0.000000
8.1007,0.000000
8.1107,0.003052
8.1207,0.030659
8.1307,0.016475
8.1407,0.014853
8.1507,0.000000
8.1607,0.000000
8.1707,0.007012
8.1807,0.022387
8.1907,0.031021
8.2007,0.000000
8.2107,0.044035
8.2207,0.007506
8.2307,0.016361
8.2407,0.000000
8.2507,0.000000
8.2607,0.014811
8.2707,0.000000
8.2807,0.000000
8.2907,0.006039
8.3007,0.000000
8.3107,0.025944
8.3207,0.000000
8.3307,0.000000
8.3407,0.012558
8.3507,0.018603
8.3607,0.000000
8.3707,0.017001
8.3807,0.000000
8.3907,0.000297
8.4007,0.012074
8.4107,0.015212
8.4207,0.005730
8.4307,0.000000
8.4407,0.000000
8.4507,0.000000
8.4607,0.017483
8.4707,0.008095
8.4807,0.004357
8.4907,0.000000
8.5007,0.005564
8.5107,0.000000
8.5207,0.014044
8.5307,0.015234
8.5407,0.000000
8.5507,0.007866
8.5607,0.000000
8.5707,0.003241
8.5807,0.000000
8.5907,0.022666
8.6007,0.000000
8.6107,0.015636
8.6207,0.000000
8.6307,0.000000
8.6407,0.000000
8.6507,0.003542
8.6607,0.002715
8.6707,0.002987
8.6807,0.000000
8.6907,0.000000
8.7007,0.000000
8.7107,0.000000
8.7207,0.000000
8.7307,0.000000
8.7407,0.019437
8.7507,0.000000
8.7607,0.005238
8.7707,0.038187
8.7807,0.000000
8.7907,0.000000
8.8007,0.007674
8.8107,0.009081
8.8207,0.000000
8.8307,0.000000
8.8407,0.011749
8.8507,0.000000
8.8607,0.014980
8.8707,0.000000
8.8807,0.000056
8.8907,0.000000
8.9007,0.025756
8.9107,0.004482
8.9207,0.000000
8.9307,0.000000
8.9407,0.000000
8.9507,0.043145
8.9607,0.000000
8.9707,0.019492
8.9807,0.010226
8.9907,0.027717
9.0008,0.011323
9.0108,0.000061
9.0208,0.018360
9.0308,0.004136
9.0408,0.013589
9.0508,0.025708
9.0608,0.001665
9.0708,0.000000
9.0808,0.000000
9.0908,0.008110
9.1008,0.000000
9.1108,0.000000
9.1208,0.000000
9.1308,0.009150
9.1408,0.000000
9.1508,0.000000
9.1608,0.000000
9.1708,0.000000
9.1808,0.000000
9.1908,0.004526
9.2008,0.000000
9.2108,0.006666
9.2208,0.008111
9.2308,0.013329
9.2408,0.000000
9.2508,0.000000
9.2608,0.009988
9.2708,0.003805
9.2808,0.017585
9.2908,0.000000
9.3008,0.000000
9.3108,0.000000
9.3208,0.002998
9.3308,0.000646
9.3408,0.008443
9.3508,0.000000
9.3608,0.024702
9.3708,0.030442
9.3808,0.000000
9.3908,0.000812
9.4008,0.014364
9.4108,0.010536
9.4208,0.000000
9.4308,0.004588
9.4408,0.000000
9.4508,0.000000
9.4608,0.000000
9.4708,0.009144
9.4808,0.000000
9.4908,0.002935
9.5008,0.005746
9.5108,0.001366
9.5208,0.000000
9.5308,0.000000
9.5408,0.021259
9.5508,0.000000
9.5608,0.000386
9.5708,0.000000
9.5808,0.018368
9.5908,0.001401
9.6008,0.000000
9.6108,0.000128
9.6208,0.000000
9.6308,0.025066
9.6408,0.000000
9.6508,0.000000
9.6608,0.008975
9.6708,0.032150
9.6808,0.021545
9.6908,0.000000
9.7008,0.000000
9.7108,0.000000
9.7208,0.000000
9.7308,0.006857
9.7408,0.000000
9.7508,0.000000
9.7608,0.017132
9.7708,0.000000
9.7808,0.000000
9.7908,0.000000
9.8008,0.011020
9.8108,0.001916
9.8208,0.015903
9.8308,0.000000
9.8408,0.000000
9.8508,0.000000
9.8608,0.000000
9.8708,0.003764
9.8808,0.000000
9.8908,0.008617
9.9008,0.000000
9.9108,0.000000
9.9208,0.021127
9.9308,0.000000
9.9408,0.005805
9.9508,0.005737
9.9608,0.000000
9.9708,0.000000
9.9808,0.021979
9.9908,0.035333
10.0008,0.019165
10.0108,0.033946
10.0208,0.000000
10.0308,0.000000
10.0408,0.000000
10.0508,0.014487
10.0608,0.000000
10.0708,0.000000
10.0808,0.000000
10.0908,0.006418
10.1008,0.004097
10.1108,0.000000
10.1208,0.003237
10.1308,0.000000
10.1408,0.000000
10.1508,0.000000
10.1608,0.000000
10.1708,0.000000
10.1808,0.012427
10.1908,0.000000
10.2009,0.000000
10.2109,0.031826
10.2209,0.006899
10.2309,0.000000
10.2409,0.000000
10.2509,0.000000
10.2609,0.000000
10.2709,0.005537
10.2809,0.000000
10.2909,0.000000
10.3009,0.000000
10.3109,0.000000
10.3209,0.000779
10.3309,0.003279
10.3409,0.000000
10.3509,0.009903
10.3609,0.000000
10.3709,0.000000
10.3809,0.000000
10.3909,0.005123
10.4009,0.001366
10.4109,0.000000
10.4209,0.000000
10.4309,0.000000
10.4409,0.005058
10.4509,0.005726
10.4609,0.000000
10.4709,0.013746
10.4809,0.009415
10.4909,0.000000
10.5009,0.000000
10.5109,0.000000
10.5209,0.000000
10.5309,0.003744
10.5409,0.021304
10.5509,0.025588
10.5609,0.000000
10.5709,0.020352
10.5809,0.029160
10.5909,0.016041
10.6009,0.091061
10.6109,0.130629
10.6209,0.203760
10.6309,0.210005
10.6409,0.278845
10.6509,0.250708
10.6609,0.211126
10.6709,0.212321
10.6809,0.235542
10.6909,0.191167
10.7009,0.197516
10.7109,0.184057
10.7209,0.148800
10.7309,0.122499
10.7409,0.114192
10.7509,0.150965
10.7609,0.118051
10.7709,0.075159
10.7809,0.112976
10.7909,0.057931
10.8009,0.067871
10.8109,0.077348
10.8209,0.114873
10.8309,0.078271
10.8409,0.049414
10.8509,0.053533
10.8609,0.064896
10.8709,0.069622
10.8809,0.035604
10.8909,0.032485
10.9009,0.018141
10.9109,0.041999
10.9209,0.045700
10.9309,0.000000
10.9409,0.015215
10.9509,0.000000
10.9609,0.021030
10.9709,0.000000
10.9809,0.000000
10.9909,0.033752
11.0009,0.009239
11.0109,0.009955
11.0209,0.017730
11.0309,0.026463
11.0409,0.000574
11.0509,0.000180
11.0609,0.000000
11.0709,0.025414
11.0809,0.004134
11.0909,0.000000
11.1009,0.011390
11.1109,0.036886
11.1209,0.004872
11.1309,0.000000
11.1409,0.037843
11.1509,0.026520
11.1609,0.023654
11.1709,0.000000
11.1809,0.000000
11.1909,0.000000
11.2009,0.018899
11.2109,0.002764
11.2209,0.000000
11.2309,0.022750
11.2409,0.000000
11.2509,0.000000
11.2609,0.000000
11.2709,0.009593
11.2809,0.009692
11.2909,0.000000
11.3009,0.000000
11.3109,0.047758
11.3209,0.000000
11.3309,0.000000
11.3409,0.013100
11.3509,0.000000
11.3609,0.000000
11.3709,0.020623
11.3809,0.011124
11.3909,0.008922
11.4010,0.003460
11.4110,0.000000
11.4210,0.000000
11.4310,0.000000
11.4410,0.015354
11.4510,0.007776
11.4610,0.000000
11.4710,0.014301
11.4810,0.000000
11.4910,0.000000
11.5010,0.000000
11.5110,0.000000
11.5210,0.034731
11.5310,0.000000
11.5410,0.000000
11.5510,0.009226
11.5610,0.000000
11.5710,0.002831
11.5810,0.025760
11.5910,0.011809
11.6010,0.000000
11.6110,0.000000
11.6210,0.009569
11.6310,0.011446
11.6410,0.000388
11.6510,0.006504
11.6610,0.006521
11.6710,0.000000
11.6810,0.000000
11.6910,0.013376
11.7010,0.005260
11.7110,0.000000
11.7210,0.000000
11.7310,0.000000
11.7410,0.000000
11.7510,0.021676
11.7610,0.057646
11.7710,0.000000
11.7810,0.005483
11.7910,0.001256
11.8010,0.000000
11.8110,0.009775
11.8210,0.002698
11.8310,0.000000
11.8410,0.000528
11.8510,0.010020
11.8610,0.008308
11.8710,0.003397
11.8810,0.000000
11.8910,0.050746
11.9010,0.006472
11.9110,0.013725
11.9210,0.000000
11.9310,0.003413
11.9410,0.003270
11.9510,0.000000
11.9610,0.000000
11.9710,0.000000
11.9810,0.000000
11.9910,0.000000
12.0010,0.000790
12.0110,0.025153
12.0210,0.002349
12.0310,0.000000
12.0410,0.000000
12.0510,0.000000
12.0610,0.000000
12.0710,0.005480
12.0810,0.024356
12.0910,0.000000
12.1010,0.001371
12.1110,0.000000
12.1210,0.000000
12.1310,0.003412
12.1410,0.000000
12.1510,0.000000
12.1610,0.000000
12.1710,0.001163
12.1810,0.019206
12.1910,0.012732
12.2010,0.026856
12.2110,0.000000
12.2210,0.015315
12.2310,0.000000
12.2410,0.012767
12.2510,0.029595
12.2610,0.008971
12.2710,0.029913
12.2810,0.000000
12.2910,0.000000
12.3010,0.000000
12.3110,0.000626
12.3210,0.004854
12.3310,0.000469
12.3410,0.000000
12.3510,0.000000
12.3610,0.006213
12.3710,0.000000
12.3810,0.000000
12.3910,0.000000
12.4010,0.000000
12.4110,0.000000
12.4210,0.000000
12.4310,0.000000
12.4410,0.000000
12.4510,0.000000
12.4610,0.039442
12.4710,0.000000
12.4810,0.021766
12.4910,0.000000
12.5010,0.000000
12.5110,0.010576
12.5210,0.000000
12.5310,0.000000
12.5410,0.032217
12.5510,0.000000
12.5610,0.000000
12.5710,0.003421
12.5810,0.025344
12.5910,0.000000
12.6011,0.047898
12.6111,0.013664
12.6211,0.000000
12.6311,0.000000
12.6411,0.004265
12.6511,0.000000
12.6611,0.009861
12.6711,0.000000
12.6811,0.000000
12.6911,0.000000
12.7011,0.015334
12.7111,0.000000
12.7211,0.018815
12.7311,0.019342
12.7411,0.000000
12.7511,0.000000
12.7611,0.010006
12.7711,0.000000
12.7811,0.000000
12.7911,0.034365
12.8011,0.000000
12.8111,0.000000
12.8211,0.005131
12.8311,0.000000
12.8411,0.026751
12.8511,0.000000
12.8611,0.000000
12.8711,0.006034
12.8811,0.003591
12.8911,0.004141
12.9011,0.004895
12.9111,0.002963
12.9211,0.000000
12.9311,0.014988
12.9411,0.000000
12.9511,0.014478
12.9611,0.024980
12.9711,0.000000
12.9811,0.043281
12.9911,0.000000
13.0011,0.000000
13.0111,0.009720
13.0211,0.007948
13.0311,0.001293
13.0411,0.014729
13.0511,0.004547
13.0611,0.037183
13.0711,0.000000
13.0811,0.000000
13.0911,0.000000
13.1011,0.008484
13.1111,0.008747
13.1211,0.003717
13.1311,0.000000
13.1411,0.019956
13.1511,0.034866
13.1611,0.000526
13.1711,0.032591
13.1811,0.015593
13.1911,0.039936
13.2011,0.008508
13.2111,0.002459
13.2211,0.015163
13.2311,0.000000
13.2411,0.007328
13.2511,0.023953
13.2611,0.014751
13.2711,0.000000
13.2811,0.003607
13.2911,0.013638
13.3011,0.013040
13.3111,0.013501
13.3211,0.006110
13.3311,0.000000
13.3411,0.000000
13.3511,0.008301
13.3611,0.014966
13.3711,0.012635
13.3811,0.000000
13.3911,0.000000
13.4011,0.000000
13.4111,0.000000
13.4211,0.001467
13.4311,0.024447
13.4411,0.001796
13.4511,0.034346
13.4611,0.000000
13.4711,0.000562
13.4811,0.000000
13.4911,0.000000
13.5011,0.000000
13.5111,0.000000
13.5211,0.000000
13.5311,0.001535
13.5411,0.000000
13.5511,0.000000
13.5611,0.007378
13.5711,0.000000
13.5811,0.001459
13.5911,0.015265
13.6011,0.016822
13.6111,0.009298
13.6211,0.000000
13.6311,0.000000
13.6411,0.000000
13.6511,0.029762
13.6611,0.004915
13.6711,0.000000
13.6811,0.010146
13.6911,0.000895
13.7011,0.004064
13.7111,0.000000
13.7211,0.000000
13.7311,0.017928
13.7411,0.000000
13.7511,0.008615
13.7611,0.000000
13.7711,0.000000
13.7811,0.000000
13.7911,0.000000
13.8012,0.001827
13.8112,0.013320
13.8212,0.014544
13.8312,0.000000
13.8412,0.006795
13.8512,0.013114
13.8612,0.003941
13.8712,0.009044
13.8812,0.000000
13.8912,0.000000
13.9012,0.024589
13.9112,0.000000
13.9212,0.040016
13.9312,0.000000
13.9412,0.028148
13.9512,0.000000
13.9612,0.015524
13.9712,0.000000
13.9812,0.002082
13.9912,0.010720
14.0012,0.000000
14.0112,0.014420
14.0212,0.000000
14.0312,0.003205
14.0412,0.000000
14.0512,0.000000
14.0612,0.022744
14.0712,0.012504
14.0812,0.015958
14.0912,0.000960
14.1012,0.030173
14.1112,0.005192
14.1212,0.000000
14.1312,0.015393
14.1412,0.016607
14.1512,0.011333
14.1612,0.000000
14.1712,0.005066
14.1812,0.025080
14.1912,0.008596
14.2012,0.000000
14.2112,0.000000
14.2212,0.000000
14.2312,0.000000
14.2412,0.000000
14.2512,0.034030
14.2612,0.000000
14.2712,0.000000
14.2812,0.000000
14.2912,0.015596
14.3012,0.000000
14.3112,0.000000
14.3212,0.000000
14.3312,0.010580
14.3412,0.000000
14.3512,0.000000
14.3612,0.000000
14.3712,0.000000
14.3812,0.004956
14.3912,0.016740
14.4012,0.026385
14.4112,0.000000
14.4212,0.011165
14.4312,0.000000
14.4412,0.052622
14.4512,0.024904
14.4612,0.030634
14.4712,0.014444
14.4812,0.006874
14.4912,0.000000
14.5012,0.000000
14.5112,0.000000
14.5212,0.011116
14.5312,0.028087
14.5412,0.000000
14.5512,0.000000
14.5612,0.000000
14.5712,0.004404
14.5812,0.022127
14.5912,0.023028
14.6012,0.024812
14.6112,0.007477
14.6212,0.001623
14.6312,0.023081
14.6412,0.000000
14.6512,0.000000
14.6612,0.030795
14.6712,0.000000
14.6812,0.000000
14.6912,0.011364
14.7012,0.001489
14.7112,0.020690
14.7212,0.027462
14.7312,0.008634
14.7412,0.025021
14.7512,0.000000
14.7612,0.000000
14.7712,0.043293
14.7812,0.034973
14.7912,0.000000
14.8012,0.000000
14.8112,0.002449
14.8212,0.007497
14.8312,0.022933
14.8412,0.033105
14.8512,0.000673
14.8612,0.020196
14.8712,0.011668
14.8812,0.000000
14.8912,0.000000
14.9012,0.018333
14.9112,0.010893
14.9212,0.007013
14.9312,0.000000
14.9412,0.035264
14.9512,0.002744
14.9612,0.000000
14.9712,0.000000
14.9812,0.012195
14.9912,0.012730
15.0013,0.000000
15.0113,0.008327
15.0213,0.012017
15.0313,0.002519
15.0413,0.000000
15.0513,0.017304
15.0613,0.015077
15.0713,0.010218
15.0813,0.000000
15.0913,0.000000
15.1013,0.001377
15.1113,0.016732
15.1213,0.018727
15.1313,0.010519
15.1413,0.000000
15.1513,0.000000
15.1613,0.000000
15.1713,0.000000
15.1813,0.019931
15.1913,0.000000
15.2013,0.000000
15.2113,0.036990
15.2213,0.027922
15.2313,0.000000
15.2413,0.026438
15.2513,0.000000
15.2613,0.000000
15.2713,0.000000
15.2813,0.000000
15.2913,0.011156
15.3013,0.001917
15.3113,0.011065
15.3213,0.000000
15.3313,0.006736
15.3413,0.001421
15.3513,0.000000
15.3613,0.008694
15.3713,0.001729
15.3813,0.000000
15.3913,0.000000
15.4013,0.000000
15.4113,0.000000
15.4213,0.031661
15.4313,0.037625
15.4413,0.000000
15.4513,0.008787
15.4613,0.017189
15.4713,0.000000
15.4813,0.016706
15.4913,0.029775
15.5013,0.000000
15.5113,0.002408
15.5213,0.035221
15.5313,0.000000
15.5413,0.000000
15.5513,0.000000
15.5613,0.018934
15.5713,0.021442
15.5813,0.002922
15.5913,0.000580
15.6013,0.000000
15.6113,0.025614
15.6213,0.000000
15.6313,0.000000
15.6413,0.017489
15.6513,0.003557
15.6613,0.018069
15.6713,0.010861
15.6813,0.003668
15.6913,0.005588
15.7013,0.000000
15.7113,0.000000
15.7213,0.019513
15.7313,0.000000
15.7413,0.000000
15.7513,0.000000
15.7613,0.002761
15.7713,0.025246
15.7813,0.009849
15.7913,0.000000
15.8013,0.011675
15.8113,0.000000
15.8213,0.009169
15.8313,0.000000
15.8413,0.000000
15.8513,0.000000
15.8613,0.000000
15.8713,0.005539
15.8813,0.000000
15.8913,0.000000
15.9013,0.013177
15.9113,0.019959
15.9213,0.010441
15.9313,0.000000
15.9413,0.000000
15.9513,0.000000
15.9613,0.016027
15.9713,0.000000
15.9813,0.015913
15.9913,0.011464
16.0013,0.022279
16.0113,0.019137
16.0213,0.009768
16.0313,0.000000
16.0413,0.010982
16.0513,0.002079
16.0613,0.000000
16.0713,0.024520
16.0813,0.000000
16.0913,0.000000
16.1013,0.020233
16.1113,0.000000
16.1213,0.000000
16.1313,0.000000
16.1413,0.000000
16.1513,0.000000
16.1613,0.011179
16.1713,0.000000
16.1813,0.000000
16.1913,0.005458
16.2014,0.000000
16.2114,0.000000
16.2214,0.023083
16.2314,0.001288
16.2414,0.027173
16.2514,0.000000
16.2614,0.018125
16.2714,0.000000
16.2814,0.001938
16.2914,0.000000
16.3014,0.000000
16.3114,0.000000
16.3214,0.000000
16.3314,0.002868
16.3414,0.000000
16.3514,0.004222
16.3614,0.000000
16.3714,0.012631
16.3814,0.030557
16.3914,0.026758
16.4014,0.034270
16.4114,0.000764
16.4214,0.000000
16.4314,0.008777
16.4414,0.000000
16.4514,0.000000
16.4614,0.014747
16.4714,0.000000
16.4814,0.000000
16.4914,0.000000
16.5014,0.000000
16.5114,0.000213
16.5214,0.000429
16.5314,0.024642
16.5414,0.000000
16.5514,0.000000
16.5614,0.000000
16.5714,0.022611
16.5814,0.000000
16.5914,0.000000
16.6014,0.018895
16.6114,0.023846
16.6214,0.026507
16.6314,0.000000
16.6414,0.008692
16.6514,0.004862
16.6614,0.000000
16.6714,0.001198
16.6814,0.023144
16.6914,0.018695
16.7014,0.016144
16.7114,0.003724
16.7214,0.040871
16.7314,0.000000
16.7414,0.000000
16.7514,0.000000
16.7614,0.001039
16.7714,0.023457
16.7814,0.000000
16.7914,0.008842
16.8014,0.000000
16.8114,0.019466
16.8214,0.001230
16.8314,0.000000
16.8414,0.038370
16.8514,0.019258
16.8614,0.000000
16.8714,0.000000
16.8814,0.049254
16.8914,0.035619
16.9014,0.016613
16.9114,0.000000
16.9214,0.023979
16.9314,0.000000
16.9414,0.023823
16.9514,0.000000
16.9614,0.008799
16.9714,0.000000
16.9814,0.000000
16.9914,0.011200
17.0014,0.000000
17.0114,0.042704
17.0214,0.000000
17.0314,0.000000
17.0414,0.011252
17.0514,0.023255
17.0614,0.000000
17.0714,0.000000
17.0814,0.000000
17.0914,0.000000
17.1014,0.005547
17.1114,0.000000
17.1214,0.007665
17.1314,0.006568
17.1414,0.014838
17.1514,0.000000
17.1614,0.000000
17.1714,0.002813
17.1814,0.000000
17.1914,0.004553
17.2014,0.000000
17.2114,0.011560
17.2214,0.000000
17.2314,0.000000
17.2414,0.020323
17.2514,0.000000
17.2614,0.018904
17.2714,0.000000
17.2814,0.000000
17.2914,0.000000
17.3014,0.002103
17.3114,0.013133
17.3214,0.023267
17.3314,0.021832
17.3414,0.015529
17.3514,0.000000
17.3614,0.000000
17.3714,0.014180
17.3814,0.025584
17.3914,0.000000
17.4015,0.023292
17.4115,0.000000
17.4215,0.007019
17.4315,0.000000
17.4415,0.000000
17.4515,0.000563
17.4615,0.000000
17.4715,0.008029
17.4815,0.001092
17.4915,0.016836
17.5015,0.028627
17.5115,0.002285
17.5215,0.000000
17.5315,0.000000
17.5415,0.030569
17.5515,0.028267
17.5615,0.015973
17.5715,0.001077
17.5815,0.014673
17.5915,0.023480
17.6015,0.000000
17.6115,0.000536
17.6215,0.000000
17.6315,0.000000
17.6415,0.027797
17.6515,0.019414
17.6615,0.002430
17.6715,0.000000
17.6815,0.000000
17.6915,0.001843
17.7015,0.000000
17.7115,0.000590
17.7215,0.004367
17.7315,0.000000
17.7415,0.000000
17.7515,0.000000
17.7615,0.000000
17.7715,0.033234
17.7815,0.000000
17.7915,0.000000
17.8015,0.032099
17.8115,0.000000
17.8215,0.016198
17.8315,0.000000
17.8415,0.010247
17.8515,0.000000
17.8615,0.018006
17.8715,0.000000
17.8815,0.000000
17.8915,0.004626
17.9015,0.000000
17.9115,0.000000
17.9215,0.000000
17.9315,0.051638
17.9415,0.000000
17.9515,0.004339
17.9615,0.000000
17.9715,0.033056
17.9815,0.000000
17.9915,0.001823
18.0015,0.012352
18.0115,0.000000
18.0215,0.000000
18.0315,0.000000
18.0415,0.000000
18.0515,0.000000
18.0615,0.016753
18.0715,0.007253
18.0815,0.009932
18.0915,0.005945
18.1015,0.017278
18.1115,0.023477
18.1215,0.000000
18.1315,0.014750
18.1415,0.000000
18.1515,0.000000
18.1615,0.032875
18.1715,0.000000
18.1815,0.004545
18.1915,0.000000
18.2015,0.000000
18.2115,0.000000
18.2215,0.011572
18.2315,0.000000
18.2415,0.000000
18.2515,0.000000
18.2615,0.020984
18.2715,0.015634
18.2815,0.000000
18.2915,0.012314
18.3015,0.000000
18.3115,0.000000
18.3215,0.000000
18.3315,0.011578
18.3415,0.000000
18.3515,0.009043
18.3615,0.044961
18.3715,0.003296
18.3815,0.000643
18.3915,0.000000
18.4015,0.008608
18.4115,0.000000
18.4215,0.030620
18.4315,0.017661
18.4415,0.000000
18.4515,0.000568
18.4615,0.000000
18.4715,0.005386
18.4815,0.001104
18.4915,0.004115
18.5015,0.000000
18.5115,0.000000
18.5215,0.020629
18.5315,0.000000
18.5415,0.000000
18.5515,0.000000
18.5615,0.043407
18.5715,0.015280
18.5815,0.000000
18.5915,0.000000
18.6016,0.012237
18.6116,0.000000
18.6216,0.000000
18.6316,0.007170
18.6416,0.028701
18.6516,0.000000
18.6616,0.028206
18.6716,0.000000
18.6816,0.000000
18.6916,0.013389
18.7016,0.009727
18.7116,0.013251
18.7216,0.012548
18.7316,0.003452
18.7416,0.000000
18.7516,0.000000
18.7616,0.000000
18.7716,0.000000
18.7816,0.000000
18.7916,0.000000
18.8016,0.000000
18.8116,0.000000
18.8216,0.000000
18.8316,0.000000
18.8416,0.000000
18.8516,0.000000
18.8616,0.000000
18.8716,0.027943
18.8816,0.000000
18.8916,0.000000
18.9016,0.000000
18.9116,0.023383
18.9216,0.007586
18.9316,0.000000
18.9416,0.000000
18.9516,0.003233
18.9616,0.000000
18.9716,0.006853
18.9816,0.000000
18.9916,0.009354
19.0016,0.008743
19.0116,0.000000
19.0216,0.000000
19.0316,0.000000
19.0416,0.000000
19.0516,0.001415
19.0616,0.000000
19.0716,0.000000
19.0816,0.000000
19.0916,0.021362
19.1016,0.000000
19.1116,0.042360
19.1216,0.000629
19.1316,0.006329
19.1416,0.000706
19.1516,0.006148
19.1616,0.019668
19.1716,0.019876
19.1816,0.000000
19.1916,0.015399
19.2016,0.008949
19.2116,0.000646
19.2216,0.030826
19.2316,0.031550
19.2416,0.016283
19.2516,0.000000
19.2616,0.000000
19.2716,0.013579
19.2816,0.024472
19.2916,0.000000
19.3016,0.019553
19.3116,0.000000
19.3216,0.000000
19.3316,0.008449
19.3416,0.016369
19.3516,0.000000
19.3616,0.000000
19.3716,0.030818
19.3816,0.000000
19.3916,0.020871
19.4016,0.000000
19.4116,0.007488
19.4216,0.006975
19.4316,0.015721
19.4416,0.026874
19.4516,0.000000
19.4616,0.009374
19.4716,0.000000
19.4816,0.000000
19.4916,0.000000
19.5016,0.007368
19.5116,0.030184
19.5216,0.033461
19.5316,0.000000
19.5416,0.005500
19.5516,0.016974
19.5616,0.013777
19.5716,0.000000
19.5816,0.001370
19.5916,0.000000
19.6016,0.000000
19.6116,0.000000
19.6216,0.000000
19.6316,0.000000
19.6416,0.000000
19.6516,0.015526
19.6616,0.009293
19.6716,0.033779
19.6816,0.006651
19.6916,0.000000
19.7016,0.000000
19.7116,0.000853
19.7216,0.009952
19.7316,0.000000
19.7416,0.000000
19.7516,0.000000
19.7616,0.000324
19.7716,0.013325
19.7816,0.000000
19.7916,0.004772
19.8017,0.003980
19.8117,0.000000
19.8217,0.000000
19.8317,0.000000
19.8417,0.002535
19.8517,0.020283
19.8617,0.021560
19.8717,0.000000
19.8817,0.000000
19.8917,0.000000
19.9017,0.001965
19.9117,0.010758
19.9217,0.028277
19.9317,0.000000
19.9417,0.000000
19.9517,0.002594
19.9617,0.000000
19.9717,0.003100
19.9817,0.011214
19.9917,0.000000
20.0017,0.002387
20.0117,0.000000
20.0217,0.024758
20.0317,0.003720
20.0417,0.000000
20.0517,0.000000
20.0617,0.007005
20.0717,0.024443
20.0817,0.000000
20.0917,0.000000
20.1017,0.000000
20.1117,0.027999
20.1217,0.000000
20.1317,0.023141
20.1417,0.000000
20.1517,0.000000
20.1617,0.000000
20.1717,0.004313
20.1817,0.000000
20.1917,0.019051
20.2017,0.019782
20.2117,0.000000
20.2217,0.012014
20.2317,0.000000
20.2417,0.000929
20.2517,0.027453
20.2617,0.000000
20.2717,0.016678
20.2817,0.008228
20.2917,0.000000
20.3017,0.006613
20.3117,0.004471
20.3217,0.000000
20.3317,0.000000
20.3417,0.000000
20.3517,0.000000
20.3617,0.024211
20.3717,0.010459
20.3817,0.000000
20.3917,0.000000
20.4017,0.004205
20.4117,0.013394
20.4217,0.000000
20.4317,0.000000
20.4417,0.000000
20.4517,0.010243
20.4617,0.004227
20.4717,0.000000
20.4817,0.031583
20.4917,0.000000
20.5017,0.003487
20.5117,0.000000
20.5217,0.019917
20.5317,0.010293
20.5417,0.005664
20.5517,0.000000
20.5617,0.019693
20.5717,0.013624
20.5817,0.018269
20.5917,0.000667
20.6017,0.000000
20.6117,0.000000
20.6217,0.041022
20.6317,0.000000
20.6417,0.000000
20.6517,0.000000
20.6617,0.000000
20.6717,0.022677
20.6817,0.000000
20.6917,0.000000
20.7017,0.003429
20.7117,0.022829
20.7217,0.012836
20.7317,0.029142
20.7417,0.006224
20.7517,0.000000
20.7617,0.015400
20.7717,0.000000
20.7817,0.000000
20.7917,0.017573
20.8017,0.003790
20.8117,0.017352
20.8217,0.000000
20.8317,0.023126
20.8417,0.012066
20.8517,0.000000
20.8617,0.003732
20.8717,0.006245
20.8817,0.000000
20.8917,0.000000
20.9017,0.005960
20.9117,0.000000
20.9217,0.000000
20.9317,0.005308
20.9417,0.015049
20.9517,0.019234
20.9617,0.009582
20.9717,0.014730
20.9817,0.017775
20.9917,0.001434
21.0018,0.000000
21.0118,0.020876
21.0218,0.000000
21.0318,0.000000
21.0418,0.000000
21.0518,0.044722
21.0618,0.007930
21.0718,0.000000
21.0818,0.000000
21.0918,0.000000
21.1018,0.009763
21.1118,0.005027
21.1218,0.000000
21.1318,0.005709
21.1418,0.000000
21.1518,0.018844
21.1618,0.001013
21.1718,0.000000
21.1818,0.012401
21.1918,0.006898
21.2018,0.000000
21.2118,0.013142
21.2218,0.011324
21.2318,0.021633
21.2418,0.012782
21.2518,0.000000
21.2618,0.000000
21.2718,0.003360
21.2818,0.006152
21.2918,0.000922
21.3018,0.000000
21.3118,0.012219
21.3218,0.000000
21.3318,0.012343
21.3418,0.030612
21.3518,0.000000
21.3618,0.007893
21.3718,0.000590
21.3818,0.009461
21.3918,0.001862
21.4018,0.000000
21.4118,0.000000
21.4218,0.028628
21.4318,0.007894
21.4418,0.014949
21.4518,0.007183
21.4618,0.017564
21.4718,0.000000
21.4818,0.001497
21.4918,0.009099
21.5018,0.023268
21.5118,0.048115
21.5218,0.007335
21.5318,0.000000
21.5418,0.000000
21.5518,0.000000
21.5618,0.000000
21.5718,0.000000
21.5818,0.000000
21.5918,0.012901
21.6018,0.001357
21.6118,0.000000
21.6218,0.000000
21.6318,0.018907
21.6418,0.009213
21.6518,0.000000
21.6618,0.000000
21.6718,0.000000
21.6818,0.007807
21.6918,0.000000
21.7018,0.003455
21.7118,0.012338
21.7218,0.002785
21.7318,0.011694
21.7418,0.000000
21.7518,0.000000
21.7618,0.008592
21.7718,0.012283
21.7818,0.009342
21.7918,0.002369
21.8018,0.000000
21.8118,0.003798
21.8218,0.006827
21.8318,0.007907
21.8418,0.046929
21.8518,0.000000
21.8618,0.058068
21.8718,0.000000
21.8818,0.006942
21.8918,0.000000
21.9018,0.005512
21.9118,0.017678
21.9218,0.000586
21.9318,0.017515
21.9418,0.000000
21.9518,0.000000
21.9618,0.011281
21.9718,0.000551
21.9818,0.000000
21.9918,0.000000
22.0018,0.007318
22.0118,0.000000
22.0218,0.006754
22.0318,0.021395
22.0418,0.037081
22.0518,0.025281
22.0618,0.002911
22.0718,0.004638
22.0818,0.000000
22.0918,0.000000
22.1018,0.015697
22.1118,0.000000
22.1218,0.006590
22.1318,0.000000
22.1418,0.024666
22.1518,0.000000
22.1618,0.019584
22.1718,0.000000
22.1818,0.000000
22.1918,0.023905
22.2019,0.000000
22.2119,0.000000
22.2219,0.000000
22.2319,0.015421
22.2419,0.013691
22.2519,0.000000
22.2619,0.000000
22.2719,0.012114
22.2819,0.023687
22.2919,0.000000
22.3019,0.009976
22.3119,0.015722
22.3219,0.038754
22.3319,0.000000
22.3419,0.000000
22.3519,0.000000
22.3619,0.014895
22.3719,0.000000
22.3819,0.005620
22.3919,0.002193
22.4019,0.000031
22.4119,0.001933
22.4219,0.018538
22.4319,0.000000
22.4419,0.000000
22.4519,0.000000
22.4619,0.004078
22.4719,0.000000
22.4819,0.019246
22.4919,0.000000
22.5019,0.000000
22.5119,0.000000
22.5219,0.031022
22.5319,0.000000
22.5419,0.000000
22.5519,0.000648
22.5619,0.000000
22.5719,0.008832
22.5819,0.000000
22.5919,0.004608
22.6019,0.002121
22.6119,0.000000
22.6219,0.000000
22.6319,0.003170
22.6419,0.000000
22.6519,0.000000
22.6619,0.008806
22.6719,0.021414
22.6819,0.042289
22.6919,0.000000
22.7019,0.000000
22.7119,0.009401
22.7219,0.033659
22.7319,0.027589
22.7419,0.000000
22.7519,0.000000
22.7619,0.015307
22.7719,0.016555
22.7819,0.010654
22.7919,0.000000
22.8019,0.010493
22.8119,0.016728
22.8219,0.000000
22.8319,0.023944
22.8419,0.017855
22.8519,0.000000
22.8619,0.016648
22.8719,0.014636
22.8819,0.015321
22.8919,0.028368
22.9019,0.000000
22.9119,0.005967
22.9219,0.000000
22.9319,0.020085
22.9419,0.018353
22.9519,0.024409
22.9619,0.000000
22.9719,0.017317
22.9819,0.018337
22.9919,0.000000
23.0019,0.019007
23.0119,0.008335
23.0219,0.000000
23.0319,0.010521
23.0419,0.000000
23.0519,0.000000
23.0619,0.006598
23.0719,0.000000
23.0819,0.025269
23.0919,0.003271
23.1019,0.014013
23.1119,0.009159
23.1219,0.018377
23.1319,0.000000
23.1419,0.003574
23.1519,0.000000
23.1619,0.011766
23.1719,0.004605
23.1819,0.000000
23.1919,0.000000
23.2019,0.029673
23.2119,0.000000
23.2219,0.012769
23.2319,0.022346
23.2419,0.010419
23.2519,0.035478
23.2619,0.016893
23.2719,0.006914
23.2819,0.000000
23.2919,0.007248
23.3019,0.012270
23.3119,0.000063
23.3219,0.000000
23.3319,0.000000
23.3419,0.003337
23.3519,0.000000
23.3619,0.000000
23.3719,0.000000
23.3819,0.014994
23.3919,0.020773
23.4020,0.001421
23.4120,0.032966
23.4220,0.024253
23.4320,0.008636
23.4420,0.000000
23.4520,0.000000
23.4620,0.010125
23.4720,0.000000
23.4820,0.009868
23.4920,0.011204
23.5020,0.000000
23.5120,0.019724
23.5220,0.000000
23.5320,0.000384
23.5420,0.000000
23.5520,0.000000
23.5620,0.038848
23.5720,0.000000
23.5820,0.007879
23.5920,0.000000
23.6020,0.000000
23.6120,0.010061
23.6220,0.000000
23.6320,0.005743
23.6420,0.017815
23.6520,0.004223
23.6620,0.005909
23.6720,0.000000
23.6820,0.012723
23.6920,0.000000
23.7020,0.000000
23.7120,0.014890
23.7220,0.020394
23.7320,0.026660
23.7420,0.039075
23.7520,0.013924
23.7620,0.009251
23.7720,0.019648
23.7820,0.000000
23.7920,0.000000
23.8020,0.000000
23.8120,0.022990
23.8220,0.000000
23.8320,0.008381
23.8420,0.010319
23.8520,0.004397
23.8620,0.000000
23.8720,0.006169
23.8820,0.000000
23.8920,0.030652
23.9020,0.020464
23.9120,0.000000
23.9220,0.031783
23.9320,0.006187
23.9420,0.000000
23.9520,0.000000
23.9620,0.029435
23.9720,0.000000
23.9820,0.000000
23.9920,0.000000
24.0020,0.000000
24.0120,0.000000
24.0220,0.000000
24.0320,0.000000
24.0420,0.031289
24.0520,0.000000
24.0620,0.014139
24.0720,0.019648
24.0820,0.000000
24.0920,0.000000
24.1020,0.013785
24.1120,0.000000
24.1220,0.012593
24.1320,0.030192
24.1420,0.000000
24.1520,0.000000
24.1620,0.000000
24.1720,0.000000
24.1820,0.000000
24.1920,0.000000
24.2020,0.000000
24.2120,0.002968
24.2220,0.017161
24.2320,0.000000
24.2420,0.020127
24.2520,0.000000
24.2620,0.000000
24.2720,0.000000
24.2820,0.008325
24.2920,0.015488
24.3020,0.026284
24.3120,0.005224
24.3220,0.013554
24.3320,0.024638
24.3420,0.000000
24.3520,0.000000
24.3620,0.049876
24.3720,0.015415
24.3820,0.009193
24.3920,0.016086
24.4020,0.000000
24.4120,0.000000
24.4220,0.000000
24.4320,0.007535
24.4420,0.000000
24.4520,0.001717
24.4620,0.000000
24.4720,0.000000
24.4820,0.015930
24.4920,0.000000
24.5020,0.000000
24.5120,0.000000
24.5220,0.000000
24.5320,0.003633
24.5420,0.022230
24.5520,0.000000
24.5620,0.000000
24.5720,0.000000
24.5820,0.000000
24.5920,0.001294
24.6021,0.013807
24.6121,0.000000
24.6221,0.009910
24.6321,0.000000
24.6421,0.000000
24.6521,0.001215
24.6621,0.011289
24.6721,0.000000
24.6821,0.000000
24.6921,0.000000
24.7021,0.000000
24.7121,0.010873
24.7221,0.019356
24.7321,0.018206
24.7421,0.000000
24.7521,0.020208
24.7621,0.000000
24.7721,0.032092
24.7821,0.000000
24.7921,0.000000
24.8021,0.024578
24.8121,0.000000
24.8221,0.002101
24.8321,0.000000
24.8421,0.042545
24.8521,0.032793
24.8621,0.027838
24.8721,0.001590
24.8821,0.017653
24.8921,0.000000
24.9021,0.020200
24.9121,0.000000
24.9221,0.028525
24.9321,0.000000
24.9421,0.000000
24.9521,0.000000
24.9621,0.003464
24.9721,0.000000
24.9821,0.008771
24.9921,0.000000
25.0021,0.014234
25.0121,0.027331
25.0221,0.001396
25.0321,0.039930
25.0421,0.020296
25.0521,0.038488
25.0621,0.000000
25.0721,0.000000
25.0821,0.000000
25.0921,0.000000
25.1021,0.000000
25.1121,0.000000
25.1221,0.018444
25.1321,0.000000
25.1421,0.016720
25.1521,0.039340
25.1621,0.000000
25.1721,0.006976
25.1821,0.000000
25.1921,0.014887
25.2021,0.000000
25.2121,0.000000
25.2221,0.020181
25.2321,0.000000
25.2421,0.000000
25.2521,0.022350
25.2621,0.000000
25.2721,0.001417
25.2821,0.010488
25.2921,0.002157
25.3021,0.045674
25.3121,0.013209
25.3221,0.000000
25.3321,0.010848
25.3421,0.003779
25.3521,0.000799
25.3621,0.004388
25.3721,0.000000
25.3821,0.003832
25.3921,0.000000
25.4021,0.000000
25.4121,0.020524
25.4221,0.000000
25.4321,0.002545
25.4421,0.000000
25.4521,0.000000
25.4621,0.000000
25.4721,0.017069
25.4821,0.021415
25.4921,0.000467
25.5021,0.000000
25.5121,0.000000
25.5221,0.014318
25.5321,0.000000
25.5421,0.000000
25.5521,0.000527
25.5621,0.000000
25.5721,0.000000
25.5821,0.000000
25.5921,0.006058
25.6021,0.000000
25.6121,0.009185
25.6221,0.002638
25.6321,0.018856
25.6421,0.000000
25.6521,0.004189
25.6621,0.011489
25.6721,0.000000
25.6821,0.020290
25.6921,0.000000
25.7021,0.000000
25.7121,0.000000
25.7221,0.000000
25.7321,0.000000
25.7421,0.014967
25.7521,0.000000
25.7621,0.000000
25.7721,0.000000
25.7821,0.000000
25.7921,0.005584
25.8022,0.015866
25.8122,0.000000
25.8222,0.021798
25.8322,0.000000
25.8422,0.000000
25.8522,0.000000
25.8622,0.027529
25.8722,0.002406
25.8822,0.000000
25.8922,0.017130
25.9022,0.033227
25.9122,0.000000
25.9222,0.000000
25.9322,0.015557
25.9422,0.035357
25.9522,0.015277
25.9622,0.000000
25.9722,0.013584
25.9822,0.007276
25.9922,0.000000
26.0022,0.023199
26.0122,0.007890
26.0222,0.023669
26.0322,0.000000
26.0422,0.007178
26.0522,0.000000
26.0622,0.004458
26.0722,0.026590
26.0822,0.000000
26.0922,0.000000
26.1022,0.017199
26.1122,0.000000
26.1222,0.021083
26.1322,0.000000
26.1422,0.000921
26.1522,0.012386
26.1622,0.003784
26.1722,0.000000
26.1822,0.050807
26.1922,0.003822
26.2022,0.000000
26.2122,0.005656
26.2222,0.007725
26.2322,0.017891
26.2422,0.016689
26.2522,0.000000
26.2622,0.000000
26.2722,0.008305
26.2822,0.000000
26.2922,0.021874
26.3022,0.000000
26.3122,0.011429
26.3222,0.000000
26.3322,0.000000
26.3422,0.000000
26.3522,0.012889
26.3622,0.000000
26.3722,0.013834
26.3822,0.000000
26.3922,0.000000
26.4022,0.000640
26.4122,0.002769
26.4222,0.000000
26.4322,0.012669
26.4422,0.000000
26.4522,0.009790
26.4622,0.000000
26.4722,0.010556
26.4822,0.000000
26.4922,0.000000
26.5022,0.007683
26.5122,0.000000
26.5222,0.026258
26.5322,0.001218
26.5422,0.000000
26.5522,0.000000
26.5622,0.000000
26.5722,0.019313
26.5822,0.013924
26.5922,0.000000
26.6022,0.005221
26.6122,0.000000
26.6222,0.015487
26.6322,0.009357
26.6422,0.012600
26.6522,0.000000
26.6622,0.000000
26.6722,0.011971
26.6822,0.027924
26.6922,0.019908
26.7022,0.028470
26.7122,0.002917
26.7222,0.000000
26.7322,0.000000
26.7422,0.024832
26.7522,0.000000
26.7622,0.027086
26.7722,0.000000
26.7822,0.034621
26.7922,0.000000
26.8022,0.013006
26.8122,0.042931
26.8222,0.000000
26.8322,0.000000
26.8422,0.000000
26.8522,0.000000
26.8622,0.000000
26.8722,0.000000
26.8822,0.000000
26.8922,0.000000
26.9022,0.008096
26.9122,0.000000
26.9222,0.000000
26.9322,0.025317
26.9422,0.000000
26.9522,0.034770
26.9622,0.000000
26.9722,0.003616
26.9822,0.023025
26.9922,0.028518
27.0023,0.008457
27.0123,0.000000
27.0223,0.000000
27.0323,0.000000
27.0423,0.034007
27.0523,0.000000
27.0623,0.005825
27.0723,0.000000
27.0823,0.000000
27.0923,0.000475
27.1023,0.000000
27.1123,0.000000
27.1223,0.000000
27.1323,0.000000
27.1423,0.027887
27.1523,0.000000
27.1623,0.016154
27.1723,0.000000
27.1823,0.000000
27.1923,0.000000
27.2023,0.022252
27.2123,0.015818
27.2223,0.000000
27.2323,0.005207
27.2423,0.021631
27.2523,0.024429
27.2623,0.000000
27.2723,0.000000
27.2823,0.000000
27.2923,0.013791
27.3023,0.037780
27.3123,0.000000
27.3223,0.000000
27.3323,0.043189
27.3423,0.007303
27.3523,0.000000
27.3623,0.000000
27.3723,0.017999
27.3823,0.000000
27.3923,0.014298
27.4023,0.000000
27.4123,0.000000
27.4223,0.000000
27.4323,0.000000
27.4423,0.006011
27.4523,0.011462
27.4623,0.044390
27.4723,0.000000
27.4823,0.000000
27.4923,0.000000
27.5023,0.019429
27.5123,0.020411
27.5223,0.000000
27.5323,0.037183
27.5423,0.000000
27.5523,0.018539
27.5623,0.026181
27.5723,0.000000
27.5823,0.010397
27.5923,0.000000
27.6023,0.014836
27.6123,0.000000
27.6223,0.010214
27.6323,0.013590
27.6423,0.020162
27.6523,0.016024
27.6623,0.001006
27.6723,0.000000
27.6823,0.000000
27.6923,0.000000
27.7023,0.000000
27.7123,0.000000
27.7223,0.000000
27.7323,0.006675
27.7423,0.046998
27.7523,0.049650
27.7623,0.139513
27.7723,0.191074
27.7823,0.175544
27.7923,0.266220
27.8023,0.243924
27.8123,0.209709
27.8223,0.208488
27.8323,0.221127
27.8423,0.171245
27.8523,0.177373
27.8623,0.169972
27.8723,0.137314
27.8823,0.159242
27.8923,0.137931
27.9023,0.116277
27.9123,0.154071
27.9223,0.121037
27.9323,0.064280
27.9423,0.079973
27.9523,0.124232
27.9623,0.055498
27.9723,0.068184
27.9823,0.083410
27.9923,0.067681
28.0023,0.065368
28.0123,0.059782
28.0223,0.042796
28.0323,0.024248
28.0423,0.042823
28.0523,0.024528
28.0623,0.020170
28.0723,0.052829
28.0823,0.016832
28.0923,0.052164
28.1023,0.024039
28.1123,0.014701
28.1223,0.000000
28.1323,0.078868
28.1423,0.073288
28.1523,0.073015
28.1623,0.176887
28.1723,0.205912
28.1823,0.238593
28.1923,0.320249
28.2024,0.240353
28.2124,0.256690
28.2224,0.248050
28.2324,0.253264
28.2424,0.263329
28.2524,0.204279
28.2624,0.203249
28.2724,0.231332
28.2824,0.169443
28.2924,0.165886
28.3024,0.123887
28.3124,0.170719
28.3224,0.112501
28.3324,0.120625
28.3424,0.111134
28.3524,0.099916
28.3624,0.082665
28.3724,0.087447
28.3824,0.107854
28.3924,0.110876
28.4024,0.060722
28.4124,0.050276
28.4224,0.038714
28.4324,0.096921
28.4424,0.046558
28.4524,0.060326
28.4624,0.049137
28.4724,0.072996
28.4824,0.025716
28.4924,0.007441
28.5024,0.058277
28.5124,0.038730
28.5224,0.028556
28.5324,0.046041
28.5424,0.025887
28.5524,0.043307
28.5624,0.018037
28.5724,0.028518
28.5824,0.020566
28.5924,0.004157
28.6024,0.005338
28.6124,0.001080
28.6224,0.012131
28.6324,0.000000
28.6424,0.013824
28.6524,0.012623
28.6624,0.008550
28.6724,0.008383
28.6824,0.000000
28.6924,0.000000
28.7024,0.000000
28.7124,0.000726
28.7224,0.000000
28.7324,0.004137
28.7424,0.000000
28.7524,0.000000
28.7624,0.042252
28.7724,0.000000
28.7824,0.027432
28.7924,0.000000
28.8024,0.031689
28.8124,0.000000
28.8224,0.004078
28.8324,0.000000
28.8424,0.047551
28.8524,0.000000
28.8624,0.015510
28.8724,0.008648
28.8824,0.000025
28.8924,0.009755
28.9024,0.024857
28.9124,0.012381
28.9224,0.003242
28.9324,0.009634
28.9424,0.034728
28.9524,0.000000
28.9624,0.000000
28.9724,0.000000
28.9824,0.000000
28.9924,0.000000
29.0024,0.000000
29.0124,0.000000
29.0224,0.004564
29.0324,0.004360
29.0424,0.000000
29.0524,0.017971
29.0624,0.009693
29.0724,0.028529
29.0824,0.015301
29.0924,0.000000
29.1024,0.023547
29.1124,0.004967
29.1224,0.014402
29.1324,0.013003
29.1424,0.000000
29.1524,0.001887
29.1624,0.000000
29.1724,0.000000
29.1824,0.000000
29.1924,0.000000
29.2024,0.003602
29.2124,0.019556
29.2224,0.014341
29.2324,0.000000
29.2424,0.000000
29.2524,0.000000
29.2624,0.000000
29.2724,0.000000
29.2824,0.000000
29.2924,0.024752
29.3024,0.033437
29.3124,0.013576
29.3224,0.000000
29.3324,0.000000
29.3424,0.000000
29.3524,0.011017
29.3624,0.014941
29.3724,0.012401
29.3824,0.021775
29.3924,0.034975
29.4025,0.000000
29.4125,0.050497
29.4225,0.000000
29.4325,0.000000
29.4425,0.003601
29.4525,0.009884
29.4625,0.000000
29.4725,0.000000
29.4825,0.039647
29.4925,0.000000
29.5025,0.000000
29.5125,0.030435
29.5225,0.015285
29.5325,0.019705
29.5425,0.003526
29.5525,0.000000
29.5625,0.001524
29.5725,0.000000
29.5825,0.004362
29.5925,0.011762
29.6025,0.019358
29.6125,0.000000
29.6225,0.013466
29.6325,0.000000
29.6425,0.017400
29.6525,0.012143
29.6625,0.000000
29.6725,0.009547
29.6825,0.019615
29.6925,0.001416
29.7025,0.000000
29.7125,0.003200
29.7225,0.009944
29.7325,0.000000
29.7425,0.000000
29.7525,0.009389
29.7625,0.014820
29.7725,0.038696
29.7825,0.011983
29.7925,0.000000
29.8025,0.036716
29.8125,0.018990
29.8225,0.000000
29.8325,0.000000
29.8425,0.000000
29.8525,0.015086
29.8625,0.000000
29.8725,0.000000
29.8825,0.014059
29.8925,0.000000
29.9025,0.013442
29.9125,0.015605
29.9225,0.000000
29.9325,0.000000
29.9425,0.000000
29.9525,0.000000
29.9625,0.000000
29.9725,0.003953
29.9825,0.000000
29.9925,0.017497
30.0025,0.001846
30.0125,0.004680
30.0225,0.000000
30.0325,0.013375
30.0425,0.023230
30.0525,0.000000
30.0625,0.013699
30.0725,0.013896
30.0825,0.007522
30.0925,0.030187
30.1025,0.000000
30.1125,0.000000
30.1225,0.000000
30.1325,0.013050
30.1425,0.000000
30.1525,0.000000
30.1625,0.029937
30.1725,0.032571
30.1825,0.000000
30.1925,0.000000
30.2025,0.033543
30.2125,0.008473
30.2225,0.007573
30.2325,0.001890
30.2425,0.000000
30.2525,0.000000
30.2625,0.012199
30.2725,0.000000
30.2825,0.007794
30.2925,0.000241
30.3025,0.000000
30.3125,0.029180
30.3225,0.010693
30.3325,0.005952
30.3425,0.009990
30.3525,0.000000
30.3625,0.000000
30.3725,0.000000
30.3825,0.002244
30.3925,0.005866
30.4025,0.002544
30.4125,0.021215
30.4225,0.000000
30.4325,0.000000
30.4425,0.007458
30.4525,0.004751
30.4625,0.000000
30.4725,0.021538
30.4825,0.027778
30.4925,0.007661
30.5025,0.000000
30.5125,0.002875
30.5225,0.006126
30.5325,0.000000
30.5425,0.024250
30.5525,0.000000
30.5625,0.037882
30.5725,0.014096
30.5825,0.004969
30.5925,0.016568
30.6026,0.027556
30.6126,0.016183
30.6226,0.000000
30.6326,0.000000
30.6426,0.000000
30.6526,0.000000
30.6626,0.003136
30.6726,0.000000
30.6826,0.000000
30.6926,0.018519
30.7026,0.000000
30.7126,0.034112
30.7226,0.000000
30.7326,0.000000
30.7426,0.000000
30.7526,0.013010
30.7626,0.020727
30.7726,0.000000
30.7826,0.000000
30.7926,0.027545
30.8026,0.000000
30.8126,0.018184
30.8226,0.000000
30.8326,0.007148
30.8426,0.019385
30.8526,0.008573
30.8626,0.000000
30.8726,0.025130
30.8826,0.005204
30.8926,0.066285
30.9026,0.000000
30.9126,0.000000
30.9226,0.017897
30.9326,0.000000
30.9426,0.014267
30.9526,0.000000
30.9626,0.000974
30.9726,0.008232
30.9826,0.000000
30.9926,0.004173
31.0026,0.000000
31.0126,0.007107
31.0226,0.026018
31.0326,0.000000
31.0426,0.000000
31.0526,0.021419
31.0626,0.000000
31.0726,0.015131
31.0826,0.000996
31.0926,0.000000
31.1026,0.026397
31.1126,0.016707
31.1226,0.005035
31.1326,0.000000
31.1426,0.012821
31.1526,0.000000
31.1626,0.000000
31.1726,0.000132
31.1826,0.034151
31.1926,0.000000
31.2026,0.000000
31.2126,0.026454
31.2226,0.013063
31.2326,0.013734
31.2426,0.026792
31.2526,0.031018
31.2626,0.000000
31.2726,0.000000
31.2826,0.015164
31.2926,0.000000
31.3026,0.000000
31.3126,0.000000
31.3226,0.010510
31.3326,0.007238
31.3426,0.000000
31.3526,0.000000
31.3626,0.021765
31.3726,0.004603
31.3826,0.020121
31.3926,0.000000
31.4026,0.001023
31.4126,0.000000
31.4226,0.000651
31.4326,0.016978
31.4426,0.006659
31.4526,0.000326
31.4626,0.000230
31.4726,0.000000
31.4826,0.000000
31.4926,0.020183
31.5026,0.000000
31.5126,0.020528
31.5226,0.014875
31.5326,0.015826
31.5426,0.005992
31.5526,0.000000
31.5626,0.000000
31.5726,0.011527
31.5826,0.000000
31.5926,0.022388
31.6026,0.000000
31.6126,0.000000
31.6226,0.000000
31.6326,0.002580
31.6426,0.000404
31.6526,0.059151
31.6626,0.106892
31.6726,0.103591
31.6826,0.163452
31.6926,0.250165
31.7026,0.293502
31.7126,0.269606
31.7226,0.236037
31.7326,0.245875
31.7426,0.196617
31.7526,0.201675
31.7626,0.167112
31.7726,0.174802
31.7826,0.146865
31.7926,0.167314
31.8027,0.150401
31.8127,0.121820
31.8227,0.141785
31.8327,0.095587
31.8427,0.103366
31.8527,0.084680
31.8627,0.101383
31.8727,0.092388
31.8827,0.097518
31.8927,0.069325
31.9027,0.008759
31.9127,0.048905
31.9227,0.079872
31.9327,0.041269
31.9427,0.008387
31.9527,0.047116
31.9627,0.044905
31.9727,0.019124
31.9827,0.024790
31.9927,0.011256
32.0027,0.033428
32.0127,0.022774
32.0227,0.000000
32.0327,0.017643
32.0427,0.002915
32.0527,0.040859
32.0627,0.029242
32.0727,0.009681
32.0827,0.012187
32.0927,0.027931
32.1027,0.005612
32.1127,0.021533
32.1227,0.033702
32.1327,0.000000
32.1427,0.035410
32.1527,0.029602
32.1627,0.009170
32.1727,0.000000
32.1827,0.008063
32.1927,0.000000
32.2027,0.000000
32.2127,0.012368
32.2227,0.000000
32.2327,0.000000
32.2427,0.000000
32.2527,0.000000
32.2627,0.013503
32.2727,0.000000
32.2827,0.024718
32.2927,0.000000
32.3027,0.000000
32.3127,0.000000
32.3227,0.001582
32.3327,0.001596
32.3427,0.014064
32.3527,0.001848
32.3627,0.038268
32.3727,0.008732
32.3827,0.000000
32.3927,0.000000
32.4027,0.010005
32.4127,0.000000
32.4227,0.011014
32.4327,0.016398
32.4427,0.016804
32.4527,0.000000
32.4627,0.016788
32.4727,0.005988
32.4827,0.000000
32.4927,0.000000
32.5027,0.008615
32.5127,0.000000
32.5227,0.005541
32.5327,0.026117
32.5427,0.017440
32.5527,0.001554
32.5627,0.004285
32.5727,0.000000
32.5827,0.000000
32.5927,0.000000
32.6027,0.004566
32.6127,0.012326
32.6227,0.000000
32.6327,0.000000
32.6427,0.001221
32.6527,0.024179
32.6627,0.016188
32.6727,0.000000
32.6827,0.036874
32.6927,0.048595
32.7027,0.000000
32.7127,0.000000
32.7227,0.012493
32.7327,0.000000
32.7427,0.015295
32.7527,0.001836
32.7627,0.006698
32.7727,0.000000
32.7827,0.000000
32.7927,0.000000
32.8027,0.026732
32.8127,0.016951
32.8227,0.012125
32.8327,0.006274
32.8427,0.000000
32.8527,0.000000
32.8627,0.000000
32.8727,0.000000
32.8827,0.000000
32.8927,0.000000
32.9027,0.000887
32.9127,0.000891
32.9227,0.016337
32.9327,0.037139
32.9427,0.012345
32.9527,0.000000
32.9627,0.032407
32.9727,0.000000
32.9827,0.000000
32.9927,0.000000
33.0028,0.014620
33.0128,0.003035
33.0228,0.000000
33.0328,0.000000
33.0428,0.000000
33.0528,0.000000
33.0628,0.027919
33.0728,0.000000
33.0828,0.031853
33.0928,0.000000
33.1028,0.008840
33.1128,0.004088
33.1228,0.015834
33.1328,0.004582
33.1428,0.017732
33.1528,0.009976
33.1628,0.000000
33.1728,0.013189
33.1828,0.000000
33.1928,0.000000
33.2028,0.012492
33.2128,0.016588
33.2228,0.000000
33.2328,0.000000
33.2428,0.000000
33.2528,0.000000
33.2628,0.000000
33.2728,0.014257
33.2828,0.000000
33.2928,0.025700
33.3028,0.000000
33.3128,0.000000
33.3228,0.000000
33.3328,0.017669
33.3428,0.000000
33.3528,0.000000
33.3628,0.000000
33.3728,0.000000
33.3828,0.000633
33.3928,0.000000
33.4028,0.018930
33.4128,0.000000
33.4228,0.009990
33.4328,0.003110
33.4428,0.025268
33.4528,0.000000
33.4628,0.000000
33.4728,0.013411
33.4828,0.000000
33.4928,0.008971
33.5028,0.042082
33.5128,0.000000
33.5228,0.027570
33.5328,0.000000
33.5428,0.024078
33.5528,0.012349
33.5628,0.010806
33.5728,0.000000
33.5828,0.000000
33.5928,0.000000
33.6028,0.000113
33.6128,0.000000
33.6228,0.003438
33.6328,0.000000
33.6428,0.000408
33.6528,0.022728
33.6628,0.016993
33.6728,0.000414
33.6828,0.046124
33.6928,0.000000
33.7028,0.000000
33.7128,0.000000
33.7228,0.000000
33.7328,0.032181
33.7428,0.000000
33.7528,0.000000
33.7628,0.015696
33.7728,0.007006
33.7828,0.014952
33.7928,0.000000
33.8028,0.000000
33.8128,0.000000
33.8228,0.009987
33.8328,0.000000
33.8428,0.006983
33.8528,0.000000
33.8628,0.007652
33.8728,0.000000
33.8828,0.000000
33.8928,0.002519
33.9028,0.000000
33.9128,0.011109
33.9228,0.015717
33.9328,0.009028
33.9428,0.000000
33.9528,0.000000
33.9628,0.000000
33.9728,0.000000
33.9828,0.000000
33.9928,0.016654
34.0028,0.012576
34.0128,0.000000
34.0228,0.010652
34.0328,0.005919
34.0428,0.000000
34.0528,0.020668
34.0628,0.000000
34.0728,0.000950
34.0828,0.000000
34.0928,0.000000
34.1028,0.000000
34.1128,0.000000
34.1228,0.001496
34.1328,0.000000
34.1428,0.000000
34.1528,0.000000
34.1628,0.031909
34.1728,0.000000
34.1828,0.000000
34.1928,0.000000
34.2029,0.000000
34.2129,0.009266
34.2229,0.011135
34.2329,0.017003
34.2429,0.000000
34.2529,0.000000
34.2629,0.029402
34.2729,0.000000
34.2829,0.001130
34.2929,0.007740
34.3029,0.033726
34.3129,0.000000
34.3229,0.000000
34.3329,0.000000
34.3429,0.000000
34.3529,0.000000
34.3629,0.014996
34.3729,0.021707
34.3829,0.000000
34.3929,0.011997
34.4029,0.000000
34.4129,0.010018
34.4229,0.020781
34.4329,0.000000
34.4429,0.019386
34.4529,0.000000
34.4629,0.011817
34.4729,0.018606
34.4829,0.016744
34.4929,0.000000
34.5029,0.000000
34.5129,0.005439
34.5229,0.007975
34.5329,0.002086
34.5429,0.025725
34.5529,0.000000
34.5629,0.000000
34.5729,0.000000
34.5829,0.011182
34.5929,0.009983
34.6029,0.060275
34.6129,0.018474
34.6229,0.005965
34.6329,0.004588
34.6429,0.000000
34.6529,0.002349
34.6629,0.004972
34.6729,0.000000
34.6829,0.003544
34.6929,0.001818
34.7029,0.031572
34.7129,0.000000
34.7229,0.000000
34.7329,0.004834
34.7429,0.001338
34.7529,0.000000
34.7629,0.000000
34.7729,0.000000
34.7829,0.000000
34.7929,0.000000
34.8029,0.013179
34.8129,0.000000
34.8229,0.000000
34.8329,0.009742
34.8429,0.000000
34.8529,0.046965
34.8629,0.004480
34.8729,0.000000
34.8829,0.000000
34.8929,0.000000
34.9029,0.000000
34.9129,0.009666
34.9229,0.000000
34.9329,0.000000
34.9429,0.020569
34.9529,0.000000
34.9629,0.012087
34.9729,0.000000
34.9829,0.000000
34.9929,0.000000
35.0029,0.005396
35.0129,0.000000
35.0229,0.037254
35.0329,0.000000
35.0429,0.020444
35.0529,0.015809
35.0629,0.005578
35.0729,0.000980
35.0829,0.033389
35.0929,0.044477
35.1029,0.000000
35.1129,0.002840
35.1229,0.000000
35.1329,0.000000
35.1429,0.008336
35.1529,0.004493
35.1629,0.000000
35.1729,0.008208
35.1829,0.005097
35.1929,0.000000
35.2029,0.000000
35.2129,0.007628
35.2229,0.028960
35.2329,0.007171
35.2429,0.014049
35.2529,0.000000
35.2629,0.000000
35.2729,0.010944
35.2829,0.000000
35.2929,0.003730
35.3029,0.008882
35.3129,0.000000
35.3229,0.005749
35.3329,0.001041
35.3429,0.000000
35.3529,0.000000
35.3629,0.000000
35.3729,0.023481
35.3829,0.018439
35.3929,0.000000
35.4030,0.000000
35.4130,0.000000
35.4230,0.000000
35.4330,0.005179
35.4430,0.019035
35.4530,0.040731
35.4630,0.000000
35.4730,0.011721
35.4830,0.009762
35.4930,0.000000
35.5030,0.000000
35.5130,0.004957
35.5230,0.038158
35.5330,0.004843
35.5430,0.000000
35.5530,0.000000
35.5630,0.000000
35.5730,0.000333
35.5830,0.012301
35.5930,0.000000
35.6030,0.000000
35.6130,0.004984
35.6230,0.000000
35.6330,0.000000
35.6430,0.000000
35.6530,0.007205
35.6630,0.000000
35.6730,0.016748
35.6830,0.017144
35.6930,0.000000
35.7030,0.000000
35.7130,0.002299
35.7230,0.000000
35.7330,0.000000
35.7430,0.034454
35.7530,0.012858
35.7630,0.000000
35.7730,0.000000
35.7830,0.000000
35.7930,0.000000
35.8030,0.000000
35.8130,0.000000
35.8230,0.000000
35.8330,0.000000
35.8430,0.000000
35.8530,0.000000
35.8630,0.000941
35.8730,0.027381
35.8830,0.000000
35.8930,0.000000
35.9030,0.000000
35.9130,0.000000
35.9230,0.000000
35.9330,0.017282
35.9430,0.000000
35.9530,0.016910
35.9630,0.026383
35.9730,0.000000
35.9830,0.000000
35.9930,0.023970
36.0030,0.003406
36.0130,0.009387
36.0230,0.018594
36.0330,0.016137
36.0430,0.007386
36.0530,0.025135
36.0630,0.000000
36.0730,0.009349
36.0830,0.000000
36.0930,0.018370
36.1030,0.000000
36.1130,0.000000
36.1230,0.011789
36.1330,0.000000
36.1430,0.000000
36.1530,0.022769
36.1630,0.017393
36.1730,0.000000
36.1830,0.000000
36.1930,0.009598
36.2030,0.011925
36.2130,0.009303
36.2230,0.008475
36.2330,0.000000
36.2430,0.000000
36.2530,0.000000
36.2630,0.000000
36.2730,0.005787
36.2830,0.006083
36.2930,0.014217
36.3030,0.000000
36.3130,0.000000
36.3230,0.000000
36.3330,0.000000
36.3430,0.003348
36.3530,0.000000
36.3630,0.021244
36.3730,0.000000
36.3830,0.028668
36.3930,0.009437
36.4030,0.000000
36.4130,0.037705
36.4230,0.004778
36.4330,0.002990
36.4430,0.000000
36.4530,0.008398
36.4630,0.009458
36.4730,0.000000
36.4830,0.000000
36.4930,0.002083
36.5030,0.010489
36.5130,0.010794
36.5230,0.002962
36.5330,0.000000
36.5430,0.000000
36.5530,0.000000
36.5630,0.010667
36.5730,0.000000
36.5830,0.000000
36.5930,0.004279
36.6031,0.000071
36.6131,0.000000
36.6231,0.000000
36.6331,0.004840
36.6431,0.000000
36.6531,0.000000
36.6631,0.020843
36.6731,0.009096
36.6831,0.000000
36.6931,0.000000
36.7031,0.028790
36.7131,0.000000
36.7231,0.000718
36.7331,0.011955
36.7431,0.003873
36.7531,0.000000
36.7631,0.000000
36.7731,0.000000
36.7831,0.011844
36.7931,0.023776
36.8031,0.000000
36.8131,0.031730
36.8231,0.000000
36.8331,0.016647
36.8431,0.000000
36.8531,0.000000
36.8631,0.000000
36.8731,0.000000
36.8831,0.009434
36.8931,0.000561
36.9031,0.000000
36.9131,0.020124
36.9231,0.000036
36.9331,0.005036
36.9431,0.055998
36.9531,0.000000
36.9631,0.000000
36.9731,0.008657
36.9831,0.013214
36.9931,0.005418
37.0031,0.002824
37.0131,0.026680
37.0231,0.024430
37.0331,0.000000
37.0431,0.000000
37.0531,0.007726
37.0631,0.000000
37.0731,0.015933
37.0831,0.007633
37.0931,0.048061
37.1031,0.026519
37.1131,0.000000
37.1231,0.000000
37.1331,0.000000
37.1431,0.000000
37.1531,0.002049
37.1631,0.000000
37.1731,0.029541
37.1831,0.020842
37.1931,0.000000
37.2031,0.000000
37.2131,0.026737
37.2231,0.030863
37.2331,0.000000
37.2431,0.000000
37.2531,0.000000
37.2631,0.007761
37.2731,0.000000
37.2831,0.008140
37.2931,0.035105
37.3031,0.000000
37.3131,0.000000
37.3231,0.000000
37.3331,0.000000
37.3431,0.000000
37.3531,0.000000
37.3631,0.009360
37.3731,0.002717
37.3831,0.005382
37.3931,0.000000
37.4031,0.000000
37.4131,0.000000
37.4231,0.000000
37.4331,0.007542
37.4431,0.000000
37.4531,0.005183
37.4631,0.000000
37.4731,0.000000
37.4831,0.000000
37.4931,0.000000
37.5031,0.005002
37.5131,0.008228
37.5231,0.000000
37.5331,0.007359
37.5431,0.020516
37.5531,0.000000
37.5631,0.000016
37.5731,0.000000
37.5831,0.000000
37.5931,0.004869
37.6031,0.017198
37.6131,0.000000
37.6231,0.048049
37.6331,0.005650
37.6431,0.000000
37.6531,0.023169
37.6631,0.000000
37.6731,0.005912
37.6831,0.000000
37.6931,0.000000
37.7031,0.017319
37.7131,0.000000
37.7231,0.031062
37.7331,0.000000
37.7431,0.000000
37.7531,0.000000
37.7631,0.052029
37.7731,0.015010
37.7831,0.009970
37.7931,0.010565
37.8032,0.000000
37.8132,0.049128
37.8232,0.008246
37.8332,0.006558
37.8432,0.017728
37.8532,0.000000
37.8632,0.000000
37.8732,0.000000
37.8832,0.017844
37.8932,0.000000
37.9032,0.000000
37.9132,0.000000
37.9232,0.000000
37.9332,0.000000
37.9432,0.009761
37.9532,0.000000
37.9632,0.025404
37.9732,0.008425
37.9832,0.006228
37.9932,0.000147
38.0032,0.000000
38.0132,0.000000
38.0232,0.006513
38.0332,0.000000
38.0432,0.003397
38.0532,0.000000
38.0632,0.008126
38.0732,0.009469
38.0832,0.000000
38.0932,0.001212
38.1032,0.000000
38.1132,0.000000
38.1232,0.000000
38.1332,0.050345
38.1432,0.013957
38.1532,0.025058
38.1632,0.010951
38.1732,0.003698
38.1832,0.016117
38.1932,0.000000
38.2032,0.008469
38.2132,0.021188
38.2232,0.012590
38.2332,0.022370
38.2432,0.003287
38.2532,0.030457
38.2632,0.000000
38.2732,0.038118
38.2832,0.010325
38.2932,0.000000
38.3032,0.000000
38.3132,0.000000
38.3232,0.000000
38.3332,0.000000
38.3432,0.000000
38.3532,0.023270
38.3632,0.001993
38.3732,0.001263
38.3832,0.000000
38.3932,0.000000
38.4032,0.000000
38.4132,0.029120
38.4232,0.000000
38.4332,0.000000
38.4432,0.025437
38.4532,0.006976
38.4632,0.002173
38.4732,0.006125
38.4832,0.017170
38.4932,0.001798
38.5032,0.000000
38.5132,0.013197
38.5232,0.007602
38.5332,0.021088
38.5432,0.000000
38.5532,0.000000
38.5632,0.007058
38.5732,0.000000
38.5832,0.000000
38.5932,0.003552
38.6032,0.016110
38.6132,0.000000
38.6232,0.009866
38.6332,0.007261
38.6432,0.000189
38.6532,0.002447
38.6632,0.024284
38.6732,0.000000
38.6832,0.013915
38.6932,0.000000
38.7032,0.000000
38.7132,0.021527
38.7232,0.000000
38.7332,0.000000
38.7432,0.042504
38.7532,0.018460
38.7632,0.000000
38.7732,0.000000
38.7832,0.000000
38.7932,0.023615
38.8032,0.000000
38.8132,0.000000
38.8232,0.012840
38.8332,0.000000
38.8432,0.000000
38.8532,0.000000
38.8632,0.000000
38.8732,0.000000
38.8832,0.006367
38.8932,0.009968
38.9032,0.000000
38.9132,0.029894
38.9232,0.006113
38.9332,0.000000
38.9432,0.029174
38.9532,0.000000
38.9632,0.003220
38.9732,0.000000
38.9832,0.011235
38.9932,0.000000
39.0033,0.000000
39.0133,0.000000
39.0233,0.000000
39.0333,0.019293
39.0433,0.000000
39.0533,0.000000
39.0633,0.001610
39.0733,0.000000
39.0833,0.017429
39.0933,0.000000
39.1033,0.010223
39.1133,0.000000
39.1233,0.000000
39.1333,0.000000
39.1433,0.000000
39.1533,0.000000
39.1633,0.029489
39.1733,0.004345
39.1833,0.007916
39.1933,0.000000
39.2033,0.013321
39.2133,0.029488
39.2233,0.015658
39.2333,0.000000
39.2433,0.000000
39.2533,0.001953
39.2633,0.000000
39.2733,0.045594
39.2833,0.000000
39.2933,0.000000
39.3033,0.000000
39.3133,0.004170
39.3233,0.024882
39.3333,0.002067
39.3433,0.000000
39.3533,0.000000
39.3633,0.021759
39.3733,0.000000
39.3833,0.000000
39.3933,0.000000
39.4033,0.000000
39.4133,0.000000
39.4233,0.000000
39.4333,0.017813
39.4433,0.000000
39.4533,0.034120
39.4633,0.025460
39.4733,0.000000
39.4833,0.024648
39.4933,0.028990
39.5033,0.000000
39.5133,0.000000
39.5233,0.000000
39.5333,0.006848
39.5433,0.000000
39.5533,0.007389
39.5633,0.000000
39.5733,0.000000
39.5833,0.000000
39.5933,0.000000
39.6033,0.000000
39.6133,0.000000
39.6233,0.000000
39.6333,0.001877
39.6433,0.000000
39.6533,0.019814
39.6633,0.000000
39.6733,0.027044
39.6833,0.004339
39.6933,0.001244
39.7033,0.000000
39.7133,0.011067
39.7233,0.000604
39.7333,0.015452
39.7433,0.028884
39.7533,0.000000
39.7633,0.011042
39.7733,0.010532
39.7833,0.008246
39.7933,0.000000
39.8033,0.000000
39.8133,0.000000
39.8233,0.000000
39.8333,0.000000
39.8433,0.000000
39.8533,0.000000
39.8633,0.007842
39.8733,0.001025
39.8833,0.003044
39.8933,0.000000
39.9033,0.001240
39.9133,0.000000
39.9233,0.014032
39.9333,0.000000
39.9433,0.006759
39.9533,0.000000
39.9633,0.012817
39.9733,0.000000
39.9833,0.000000
39.9933,0.000000
40.0033,0.000000
40.0133,0.000000
40.0233,0.026975
40.0333,0.000000
40.0433,0.000000
40.0533,0.006578
40.0633,0.000000
40.0733,0.014667
40.0833,0.000000
40.0933,0.000000
40.1033,0.021552
40.1133,0.011119
40.1233,0.000000
40.1333,0.000000
40.1433,0.000000
40.1533,0.046858
40.1633,0.000000
40.1733,0.021057
40.1833,0.000000
40.1933,0.000000
40.2034,0.000388
40.2134,0.000000
40.2234,0.014434
40.2334,0.014659
40.2434,0.000000
40.2534,0.000000
40.2634,0.000000
40.2734,0.000000
40.2834,0.000000
40.2934,0.000000
40.3034,0.000000
40.3134,0.000000
40.3234,0.000000
40.3334,0.000000
40.3434,0.000000
40.3534,0.000000
40.3634,0.004477
40.3734,0.000000
40.3834,0.000000
40.3934,0.000000
40.4034,0.000000
40.4134,0.001596
40.4234,0.000000
40.4334,0.034413
40.4434,0.002930
40.4534,0.000000
40.4634,0.008985
40.4734,0.038032
40.4834,0.004549
40.4934,0.000000
40.5034,0.007777
40.5134,0.000000
40.5234,0.000000
40.5334,0.030556
40.5434,0.026666
40.5534,0.000000
40.5634,0.000000
40.5734,0.002883
40.5834,0.000000
40.5934,0.000000
40.6034,0.000000
40.6134,0.000000
40.6234,0.000000
40.6334,0.014884
40.6434,0.021668
40.6534,0.000000
40.6634,0.000000
40.6734,0.011325
40.6834,0.000034
40.6934,0.031132
40.7034,0.000000
40.7134,0.015497
40.7234,0.000000
40.7334,0.000000
40.7434,0.040448
40.7534,0.042934
40.7634,0.000000
40.7734,0.008005
40.7834,0.000000
40.7934,0.000000
40.8034,0.000000
40.8134,0.000000
40.8234,0.033195
40.8334,0.000000
40.8434,0.000911
40.8534,0.000000
40.8634,0.003419
40.8734,0.000000
40.8834,0.000000
40.8934,0.000000
40.9034,0.023272
40.9134,0.000000
40.9234,0.000000
40.9334,0.000000
40.9434,0.000000
40.9534,0.000000
40.9634,0.017600
40.9734,0.000000
40.9834,0.000000
40.9934,0.005398
41.0034,0.000000
41.0134,0.043378
41.0234,0.000000
41.0334,0.007447
41.0434,0.014876
41.0534,0.000000
41.0634,0.002977
41.0734,0.000000
41.0834,0.004932
41.0934,0.001817
41.1034,0.000000
41.1134,0.000000
41.1234,0.033547
41.1334,0.010555
41.1434,0.000000
41.1534,0.000000
41.1634,0.000000
41.1734,0.013717
41.1834,0.000000
41.1934,0.000073
41.2034,0.000000
41.2134,0.000000
41.2234,0.014169
41.2334,0.019005
41.2434,0.015236
41.2534,0.000000
41.2634,0.000000
41.2734,0.004560
41.2834,0.000000
41.2934,0.000000
41.3034,0.000000
41.3134,0.026996
41.3234,0.000000
41.3334,0.000856
41.3434,0.000000
41.3534,0.000000
41.3634,0.000000
41.3734,0.014204
41.3834,0.000641
41.3934,0.000000
41.4035,0.000924
41.4135,0.000000
41.4235,0.008567
41.4335,0.000000
41.4435,0.000000
41.4535,0.009235
41.4635,0.000000
41.4735,0.000000
41.4835,0.021017
41.4935,0.000000
41.5035,0.008971
41.5135,0.017091
41.5235,0.021004
41.5335,0.039177
41.5435,0.000000
41.5535,0.000000
41.5635,0.014710
41.5735,0.016924
41.5835,0.000000
41.5935,0.008726
41.6035,0.049036
41.6135,0.001884
41.6235,0.016623
41.6335,0.028381
41.6435,0.045067
41.6535,0.004423
41.6635,0.022555
41.6735,0.000000
41.6835,0.000448
41.6935,0.000000
41.7035,0.000000
41.7135,0.000000
41.7235,0.007741
41.7335,0.008094
41.7435,0.000000
41.7535,0.028033
41.7635,0.000000
41.7735,0.004631
41.7835,0.000000
41.7935,0.001925
41.8035,0.016174
41.8135,0.013632
41.8235,0.012741
41.8335,0.010443
41.8435,0.000000
41.8535,0.020422
41.8635,0.000000
41.8735,0.000000
41.8835,0.000000
41.8935,0.006302
41.9035,0.000000
41.9135,0.000000
41.9235,0.029140
41.9335,0.000000
41.9435,0.000000
41.9535,0.000000
41.9635,0.012138
41.9735,0.000000
41.9835,0.000694
41.9935,0.000000
42.0035,0.023248
42.0135,0.001310
42.0235,0.002480
42.0335,0.014923
42.0435,0.000000
42.0535,0.000000
42.0635,0.003061
42.0735,0.000000
42.0835,0.000000
42.0935,0.000000
42.1035,0.000000
42.1135,0.000000
42.1235,0.009404
42.1335,0.013498
42.1435,0.032569
42.1535,0.000000
42.1635,0.002778
42.1735,0.000000
42.1835,0.005765
42.1935,0.007171
42.2035,0.016598
42.2135,0.016528
42.2235,0.009349
42.2335,0.027183
42.2435,0.000482
42.2535,0.000000
42.2635,0.000000
42.2735,0.000000
42.2835,0.000000
42.2935,0.000000
42.3035,0.000000
42.3135,0.006191
42.3235,0.006369
42.3335,0.000000
42.3435,0.000000
42.3535,0.032853
42.3635,0.011336
42.3735,0.008178
42.3835,0.000000
42.3935,0.005171
42.4035,0.000000
42.4135,0.000000
42.4235,0.000000
42.4335,0.000000
42.4435,0.000000
42.4535,0.000000
42.4635,0.000000
42.4735,0.000000
42.4835,0.000000
42.4935,0.000000
42.5035,0.014424
42.5135,0.037449
42.5235,0.018493
42.5335,0.020350
42.5435,0.011270
42.5535,0.004781
42.5635,0.001557
42.5735,0.000000
42.5835,0.012421
42.5935,0.011353
42.6036,0.000000
42.6136,0.009468
42.6236,0.000000
42.6336,0.000000
42.6436,0.013952
42.6536,0.007749
42.6636,0.000000
42.6736,0.000000
42.6836,0.003146
42.6936,0.000000
42.7036,0.000000
42.7136,0.000000
42.7236,0.000213
42.7336,0.019595
42.7436,0.008589
42.7536,0.000000
42.7636,0.000000
42.7736,0.000000
42.7836,0.035993
42.7936,0.001225
42.8036,0.003596
42.8136,0.000000
42.8236,0.000000
42.8336,0.000000
42.8436,0.000000
42.8536,0.002395
42.8636,0.002158
42.8736,0.010808
42.8836,0.000000
42.8936,0.000000
42.9036,0.000000
42.9136,0.000000
42.9236,0.000000
42.9336,0.001962
42.9436,0.000000
42.9536,0.003461
42.9636,0.009792
42.9736,0.001171
42.9836,0.012973
42.9936,0.000000
43.0036,0.000000
43.0136,0.016062
43.0236,0.000000
43.0336,0.000000
43.0436,0.000000
43.0536,0.000000
43.0636,0.000000
43.0736,0.033184
43.0836,0.005157
43.0936,0.000000
43.1036,0.000000
43.1136,0.007300
43.1236,0.000000
43.1336,0.038747
43.1436,0.007703
43.1536,0.010079
43.1636,0.004476
43.1736,0.020188
43.1836,0.000000
43.1936,0.000000
43.2036,0.018614
43.2136,0.027010
43.2236,0.000000
43.2336,0.000000
43.2436,0.003015
43.2536,0.008737
43.2636,0.002653
43.2736,0.000000
43.2836,0.000000
43.2936,0.000000
43.3036,0.000000
43.3136,0.000000
43.3236,0.000000
43.3336,0.010525
43.3436,0.015584
43.3536,0.000000
43.3636,0.000000
43.3736,0.000000
43.3836,0.000000
43.3936,0.008877
43.4036,0.009312
43.4136,0.019346
43.4236,0.018971
43.4336,0.000000
43.4436,0.051158
43.4536,0.027899
43.4636,0.000000
43.4736,0.002279
43.4836,0.000000
43.4936,0.000491
43.5036,0.030127
43.5136,0.050063
43.5236,0.000000
43.5336,0.006028
43.5436,0.010896
43.5536,0.035635
43.5636,0.000000
43.5736,0.047799
43.5836,0.000000
43.5936,0.000000
43.6036,0.000000
43.6136,0.000000
43.6236,0.007547
43.6336,0.000000
43.6436,0.002550
43.6536,0.011951
43.6636,0.026691
43.6736,0.012251
43.6836,0.025583
43.6936,0.000000
43.7036,0.007095
43.7136,0.000000
43.7236,0.000000
43.7336,0.006962
43.7436,0.008590
43.7536,0.000000
43.7636,0.000000
43.7736,0.000000
43.7836,0.000000
43.7936,0.013050
43.8037,0.000000
43.8137,0.001788
43.8237,0.000000
43.8337,0.019167
43.8437,0.020506
43.8537,0.000000
43.8637,0.051311
43.8737,0.000000
43.8837,0.018130
43.8937,0.000000
43.9037,0.013914
43.9137,0.012510
43.9237,0.000000
43.9337,0.000000
43.9437,0.033619
43.9537,0.000000
43.9637,0.007234
43.9737,0.006039
43.9837,0.000000
43.9937,0.000000
44.0037,0.014915
44.0137,0.000209
44.0237,0.019869
44.0337,0.004172
44.0437,0.001160
44.0537,0.006706
44.0637,0.000000
44.0737,0.028046
44.0837,0.000000
44.0937,0.000000
44.1037,0.023261
44.1137,0.004452
44.1237,0.000000
44.1337,0.007449
44.1437,0.011268
44.1537,0.000000
44.1637,0.016602
44.1737,0.000000
44.1837,0.004713
44.1937,0.014405
44.2037,0.011192
44.2137,0.000000
44.2237,0.000000
44.2337,0.000000
44.2437,0.023144
44.2537,0.000000
44.2637,0.021145
44.2737,0.000000
44.2837,0.007032
44.2937,0.000143
44.3037,0.049753
44.3137,0.021203
44.3237,0.020050
44.3337,0.036501
44.3437,0.005108
44.3537,0.000000
44.3637,0.000000
44.3737,0.005901
44.3837,0.000000
44.3937,0.000042
44.4037,0.004082
44.4137,0.000000
44.4237,0.000000
44.4337,0.000000
44.4437,0.000000
44.4537,0.031928
44.4637,0.000000
44.4737,0.000000
44.4837,0.000000
44.4937,0.016117
44.5037,0.003169
44.5137,0.000000
44.5237,0.000000
44.5337,0.000000
44.5437,0.000000
44.5537,0.000000
44.5637,0.000000
44.5737,0.000000
44.5837,0.017083
44.5937,0.019280
44.6037,0.000000
44.6137,0.000000
44.6237,0.000000
44.6337,0.000000
44.6437,0.004623
44.6537,0.008335
44.6637,0.007915
44.6737,0.027970
44.6837,0.001087
44.6937,0.000000
44.7037,0.000000
44.7137,0.029444
44.7237,0.009174
44.7337,0.003716
44.7437,0.008082
44.7537,0.002885
44.7637,0.007797
44.7737,0.000000
44.7837,0.018994
44.7937,0.000000
44.8037,0.000000
44.8137,0.000000
44.8237,0.000000
44.8337,0.022815
44.8437,0.000000
44.8537,0.000000
44.8637,0.005127
44.8737,0.000000
44.8837,0.027869
44.8937,0.019343
44.9037,0.000000
44.9137,0.000000
44.9237,0.000000
44.9337,0.000000
44.9437,0.000000
44.9537,0.014728
44.9637,0.000000
44.9737,0.000000
44.9837,0.000000
44.9937,0.000000
45.0038,0.009932
45.0138,0.000000
45.0238,0.023086
45.0338,0.000000
45.0438,0.003487
45.0538,0.000000
45.0638,0.000000
45.0738,0.007925
45.0838,0.000000
45.0938,0.000000
45.1038,0.000000
45.1138,0.023448
45.1238,0.000111
45.1338,0.019918
45.1438,0.011163
45.1538,0.019916
45.1638,0.000000
45.1738,0.000000
45.1838,0.013728
45.1938,0.002344
45.2038,0.000000
45.2138,0.013369
45.2238,0.005546
45.2338,0.011501
45.2438,0.000000
45.2538,0.017597
45.2638,0.000000
45.2738,0.019528
45.2838,0.017429
45.2938,0.012353
45.3038,0.000000
45.3138,0.012772
45.3238,0.019994
45.3338,0.010921
45.3438,0.003647
45.3538,0.012813
45.3638,0.000000
45.3738,0.027252
45.3838,0.000000
45.3938,0.000619
45.4038,0.000000
45.4138,0.000000
45.4238,0.005494
45.4338,0.000000
45.4438,0.038735
45.4538,0.000000
45.4638,0.000000
45.4738,0.000000
45.4838,0.003573
45.4938,0.018262
45.5038,0.009468
45.5138,0.026502
45.5238,0.000000
45.5338,0.011857
45.5438,0.000000
45.5538,0.004105
45.5638,0.019956
45.5738,0.000000
45.5838,0.035838
45.5938,0.000000
45.6038,0.000000
45.6138,0.000000
45.6238,0.001841
45.6338,0.000000
45.6438,0.000000
45.6538,0.001742
45.6638,0.000000
45.6738,0.011721
45.6838,0.000000
45.6938,0.040708
45.7038,0.009245
45.7138,0.003542
45.7238,0.011216
45.7338,0.000000
45.7438,0.000000
45.7538,0.032094
45.7638,0.000000
45.7738,0.000000
45.7838,0.000000
45.7938,0.026361
45.8038,0.000000
45.8138,0.000000
45.8238,0.046419
45.8338,0.000000
45.8438,0.000000
45.8538,0.000000
45.8638,0.000000
45.8738,0.000000
45.8838,0.000000
45.8938,0.017713
45.9038,0.000000
45.9138,0.022695
45.9238,0.019591
45.9338,0.009163
45.9438,0.002271
45.9538,0.004980
45.9638,0.025621
45.9738,0.000000
45.9838,0.013091
45.9938,0.000000
46.0038,0.014863
46.0138,0.000000
46.0238,0.012724
46.0338,0.000000
46.0438,0.000000
46.0538,0.000000
46.0638,0.025840
46.0738,0.009653
46.0838,0.009524
46.0938,0.015483
46.1038,0.000000
46.1138,0.010993
46.1238,0.000000
46.1338,0.000000
46.1438,0.000000
46.1538,0.000000
46.1638,0.000000
46.1738,0.000000
46.1838,0.000000
46.1938,0.000000
46.2039,0.002795
46.2139,0.000000
46.2239,0.007514
46.2339,0.000000
46.2439,0.003568
46.2539,0.000000
46.2639,0.018909
46.2739,0.017210
46.2839,0.000000
46.2939,0.009450
46.3039,0.026033
46.3139,0.000000
46.3239,0.000000
46.3339,0.013231
46.3439,0.000000
46.3539,0.000000
46.3639,0.000000
46.3739,0.013455
46.3839,0.000000
46.3939,0.000000
46.4039,0.000000
46.4139,0.020673
46.4239,0.000000
46.4339,0.000000
46.4439,0.000000
46.4539,0.012486
46.4639,0.013786
46.4739,0.022474
46.4839,0.000000
46.4939,0.000000
46.5039,0.043691
46.5139,0.000000
46.5239,0.000000
46.5339,0.000000
46.5439,0.009539
46.5539,0.009238
46.5639,0.000000
46.5739,0.000000
46.5839,0.000000
46.5939,0.000000
46.6039,0.000000
46.6139,0.032543
46.6239,0.000000
46.6339,0.000000
46.6439,0.000000
46.6539,0.000000
46.6639,0.007826
46.6739,0.000000
46.6839,0.020508
46.6939,0.010761
46.7039,0.000000
46.7139,0.000000
46.7239,0.019529
46.7339,0.000000
46.7439,0.000000
46.7539,0.018379
46.7639,0.000000
46.7739,0.015633
46.7839,0.000000
46.7939,0.000000
46.8039,0.020879
46.8139,0.000092
46.8239,0.010766
46.8339,0.000000
46.8439,0.006259
46.8539,0.000068
46.8639,0.004380
46.8739,0.036707
46.8839,0.023483
46.8939,0.014256
46.9039,0.014483
46.9139,0.000000
46.9239,0.000000
46.9339,0.000000
46.9439,0.000000
46.9539,0.000000
46.9639,0.000000
46.9739,0.000000
46.9839,0.000000
46.9939,0.000000
47.0039,0.000000
47.0139,0.027461
47.0239,0.000000
47.0339,0.020112
47.0439,0.000000
47.0539,0.000000
47.0639,0.000000
47.0739,0.000000
47.0839,0.032583
47.0939,0.000000
47.1039,0.000000
47.1139,0.008777
47.1239,0.000000
47.1339,0.002713
47.1439,0.000000
47.1539,0.000000
47.1639,0.000000
47.1739,0.014372
47.1839,0.000000
47.1939,0.000000
47.2039,0.002913
47.2139,0.001431
47.2239,0.010325
47.2339,0.000000
47.2439,0.000000
47.2539,0.007590
47.2639,0.000000
47.2739,0.015952
47.2839,0.000296
47.2939,0.000000
47.3039,0.000000
47.3139,0.000000
47.3239,0.000000
47.3339,0.013583
47.3439,0.000000
47.3539,0.005455
47.3639,0.000000
47.3739,0.000000
47.3839,0.023680
47.3939,0.000000
47.4040,0.000000
47.4140,0.000000
47.4240,0.000000
47.4340,0.025368
47.4440,0.000000
47.4540,0.000000
47.4640,0.000000
47.4740,0.000000
47.4840,0.004730
47.4940,0.000000
47.5040,0.000000
47.5140,0.005229
47.5240,0.002360
47.5340,0.006101
47.5440,0.000000
47.5540,0.005222
47.5640,0.000000
47.5740,0.012853
47.5840,0.000000
47.5940,0.000000
47.6040,0.001780
47.6140,0.024290
47.6240,0.001562
47.6340,0.003389
47.6440,0.006759
47.6540,0.022556
47.6640,0.000000
47.6740,0.000000
47.6840,0.000000
47.6940,0.011956
47.7040,0.004018
47.7140,0.000000
47.7240,0.000000
47.7340,0.003255
47.7440,0.003775
47.7540,0.008637
47.7640,0.000000
47.7740,0.000000
47.7840,0.000000
47.7940,0.000000
47.8040,0.000000
47.8140,0.028255
47.8240,0.000000
47.8340,0.008455
47.8440,0.016326
47.8540,0.017774
47.8640,0.004990
47.8740,0.023758
47.8840,0.032101
47.8940,0.000000
47.9040,0.008054
47.9140,0.022964
47.9240,0.000000
47.9340,0.000000
47.9440,0.000000
47.9540,0.008298
47.9640,0.000000
47.9740,0.025859
47.9840,0.009608
47.9940,0.010619
48.0040,0.000000
48.0140,0.000000
48.0240,0.026828
48.0340,0.000000
48.0440,0.000000
48.0540,0.003989
48.0640,0.012225
48.0740,0.009567
48.0840,0.000000
48.0940,0.020440
48.1040,0.000000
48.1140,0.009722
48.1240,0.002430
48.1340,0.000000
48.1440,0.000000
48.1540,0.000000
48.1640,0.000581
48.1740,0.000000
48.1840,0.013195
48.1940,0.000000
48.2040,0.028229
48.2140,0.000000
48.2240,0.016561
48.2340,0.017338
48.2440,0.002986
48.2540,0.001382
48.2640,0.000000
48.2740,0.000000
48.2840,0.003956
48.2940,0.000000
48.3040,0.021296
48.3140,0.000000
48.3240,0.000000
48.3340,0.000000
48.3440,0.011584
48.3540,0.009958
48.3640,0.017587
48.3740,0.018602
48.3840,0.014201
48.3940,0.014960
48.4040,0.010981
48.4140,0.013754
48.4240,0.000000
48.4340,0.000000
48.4440,0.000000
48.4540,0.022863
48.4640,0.000000
48.4740,0.000000
48.4840,0.000120
48.4940,0.000000
48.5040,0.006850
48.5140,0.000000
48.5240,0.000000
48.5340,0.003579
48.5440,0.000000
48.5540,0.023384
48.5640,0.000833
48.5740,0.020377
48.5840,0.006442
48.5940,0.000000
48.6041,0.000000
48.6141,0.016725
48.6241,0.007943
48.6341,0.037524
48.6441,0.014911
48.6541,0.000000
48.6641,0.005210
48.6741,0.007598
48.6841,0.020933
48.6941,0.023794
48.7041,0.000000
48.7141,0.000000
48.7241,0.000000
48.7341,0.000000
48.7441,0.000000
48.7541,0.027078
48.7641,0.027351
48.7741,0.017283
48.7841,0.022147
48.7941,0.000000
48.8041,0.000000
48.8141,0.000000
48.8241,0.000000
48.8341,0.000000
48.8441,0.000000
48.8541,0.003001
48.8641,0.002438
48.8741,0.000000
48.8841,0.010241
48.8941,0.000000
48.9041,0.000181
48.9141,0.000000
48.9241,0.019596
48.9341,0.000375
48.9441,0.012219
48.9541,0.000000
48.9641,0.003140
48.9741,0.010302
48.9841,0.000000
48.9941,0.021026
49.0041,0.000000
49.0141,0.003796
49.0241,0.032179
49.0341,0.017188
49.0441,0.000000
49.0541,0.000000
49.0641,0.022202
49.0741,0.000000
49.0841,0.000000
49.0941,0.000000
49.1041,0.010261
49.1141,0.000000
49.1241,0.011270
49.1341,0.000000
49.1441,0.000000
49.1541,0.000000
49.1641,0.010796
49.1741,0.000000
49.1841,0.025928
49.1941,0.017810
49.2041,0.000000
49.2141,0.024575
49.2241,0.005749
49.2341,0.003058
49.2441,0.015268
49.2541,0.000000
49.2641,0.000000
49.2741,0.000449
49.2841,0.000000
49.2941,0.037327
49.3041,0.000000
49.3141,0.000724
49.3241,0.003455
49.3341,0.022163
49.3441,0.000000
49.3541,0.000000
49.3641,0.025100
49.3741,0.001449
49.3841,0.014575
49.3941,0.015421
49.4041,0.018540
49.4141,0.000000
49.4241,0.000000
49.4341,0.000000
49.4441,0.000000
49.4541,0.001119
49.4641,0.000000
49.4741,0.000000
49.4841,0.000908
49.4941,0.024173
49.5041,0.000000
49.5141,0.000000
49.5241,0.022904
49.5341,0.000000
49.5441,0.026629
49.5541,0.000000
49.5641,0.001856
49.5741,0.028096
49.5841,0.000000
49.5941,0.000000
49.6041,0.000000
49.6141,0.000000
49.6241,0.047557
49.6341,0.000000
49.6441,0.000000
49.6541,0.000000
49.6641,0.004178
49.6741,0.008857
49.6841,0.000000
49.6941,0.000379
49.7041,0.035014
49.7141,0.000633
49.7241,0.005778
49.7341,0.034002
49.7441,0.000000
49.7541,0.000000
49.7641,0.000000
49.7741,0.000000
49.7841,0.000000
49.7941,0.002484
49.8042,0.003905
49.8142,0.000000
49.8242,0.004454
49.8342,0.004646
49.8442,0.000000
49.8542,0.005196
49.8642,0.010053
49.8742,0.000000
49.8842,0.026336
49.8942,0.000000
49.9042,0.000000
49.9142,0.003635
49.9242,0.009625
49.9342,0.013998
49.9442,0.010098
49.9542,0.000000
49.9642,0.001954
49.9742,0.000000
49.9842,0.003137
49.9942,0.001232
50.0042,0.000000
50.0142,0.000000
50.0242,0.000000
50.0342,0.014942
50.0442,0.005356
50.0542,0.000000
50.0642,0.014277
50.0742,0.000000
50.0842,0.000000
50.0942,0.000000
50.1042,0.000000
50.1142,0.000000
50.1242,0.000000
50.1342,0.030611
50.1442,0.006680
50.1542,0.036648
50.1642,0.004063
50.1742,0.010427
50.1842,0.000000
50.1942,0.000000
50.2042,0.000000
50.2142,0.011162
50.2242,0.000000
50.2342,0.006324
50.2442,0.005680
50.2542,0.000000
50.2642,0.000000
50.2742,0.000000
50.2842,0.019481
50.2942,0.000000
50.3042,0.005920
50.3142,0.000000
50.3242,0.019127
50.3342,0.000000
50.3442,0.005453
50.3542,0.000000
50.3642,0.007033
50.3742,0.000000
50.3842,0.000000
50.3942,0.006078
50.4042,0.004035
50.4142,0.000000
50.4242,0.000000
50.4342,0.002907
50.4442,0.021208
50.4542,0.000000
50.4642,0.018235
50.4742,0.000000
50.4842,0.023323
50.4942,0.000000
50.5042,0.000000
50.5142,0.000000
50.5242,0.000000
50.5342,0.000000
50.5442,0.025281
50.5542,0.000000
50.5642,0.000000
50.5742,0.010459
50.5842,0.021344
50.5942,0.013159
50.6042,0.019056
50.6142,0.000000
50.6242,0.000000
50.6342,0.036212
50.6442,0.030425
50.6542,0.012856
50.6642,0.019919
50.6742,0.015454
50.6842,0.000000
50.6942,0.000000
50.7042,0.026942
50.7142,0.012966
50.7242,0.000000
50.7342,0.027158
50.7442,0.006647
50.7542,0.013600
50.7642,0.006742
50.7742,0.009741
50.7842,0.011028
50.7942,0.023394
50.8042,0.025739
50.8142,0.000000
50.8242,0.006399
50.8342,0.022878
50.8442,0.000000
50.8542,0.000000
50.8642,0.000000
50.8742,0.000000
50.8842,0.000000
50.8942,0.000000
50.9042,0.018524
50.9142,0.000000
50.9242,0.022700
50.9342,0.000000
50.9442,0.000000
50.9542,0.001877
50.9642,0.014592
50.9742,0.020585
50.9842,0.000000
50.9942,0.017882
51.0043,0.000000
51.0143,0.015684
51.0243,0.000000
51.0343,0.008040
51.0443,0.020325
51.0543,0.015970
51.0643,0.000000
51.0743,0.000000
51.0843,0.012905
51.0943,0.012389
51.1043,0.004967
51.1143,0.000000
51.1243,0.021565
51.1343,0.024773
51.1443,0.002947
51.1543,0.004114
51.1643,0.009055
51.1743,0.026288
51.1843,0.004510
51.1943,0.000000
51.2043,0.006867
51.2143,0.000000
51.2243,0.000004
51.2343,0.000000
51.2443,0.009411
51.2543,0.021086
51.2643,0.018367
51.2743,0.017118
51.2843,0.000000
51.2943,0.002622
51.3043,0.021445
51.3143,0.015612
51.3243,0.026754
51.3343,0.000000
51.3443,0.000000
51.3543,0.000000
51.3643,0.000000
51.3743,0.000000
51.3843,0.008435
51.3943,0.007210
51.4043,0.004432
51.4143,0.006367
51.4243,0.000000
51.4343,0.000000
51.4443,0.000000
51.4543,0.000873
51.4643,0.000000
51.4743,0.000000
51.4843,0.000000
51.4943,0.019049
51.5043,0.004714
51.5143,0.018388
51.5243,0.000000
51.5343,0.000018
51.5443,0.008983
51.5543,0.000000
51.5643,0.000000
51.5743,0.000000
51.5843,0.000000
51.5943,0.015051
51.6043,0.022692
51.6143,0.000000
51.6243,0.000000
51.6343,0.016679
51.6443,0.001247
51.6543,0.000000
51.6643,0.000000
51.6743,0.000000
51.6843,0.000000
51.6943,0.000000
51.7043,0.012454
51.7143,0.000000
51.7243,0.000223
51.7343,0.042723
51.7443,0.002114
51.7543,0.000000
51.7643,0.000000
51.7743,0.012042
51.7843,0.009812
51.7943,0.000000
51.8043,0.000000
51.8143,0.000000
51.8243,0.000000
51.8343,0.032879
51.8443,0.011114
51.8543,0.000000
51.8643,0.022402
51.8743,0.003392
51.8843,0.000000
51.8943,0.029951
51.9043,0.000000
51.9143,0.000000
51.9243,0.000000
51.9343,0.020298
51.9443,0.000000
51.9543,0.024286
51.9643,0.001459
51.9743,0.012850
51.9843,0.000000
51.9943,0.009421
52.0043,0.005698
52.0143,0.000000
52.0243,0.000000
52.0343,0.006454
52.0443,0.000000
52.0543,0.016767
52.0643,0.003546
52.0743,0.008356
52.0843,0.000000
52.0943,0.000000
52.1043,0.000000
52.1143,0.012126
52.1243,0.000000
52.1343,0.045864
52.1443,0.000000
52.1543,0.000000
52.1643,0.000000
52.1743,0.000000
52.1843,0.000000
52.1943,0.018198
52.2044,0.009238
52.2144,0.009291
52.2244,0.022982
52.2344,0.008760
52.2444,0.000000
52.2544,0.012756
52.2644,0.000000
52.2744,0.000000
52.2844,0.000000
52.2944,0.000000
52.3044,0.000000
52.3144,0.000000
52.3244,0.000000
52.3344,0.000000
52.3444,0.020273
52.3544,0.023355
52.3644,0.000000
52.3744,0.001076
52.3844,0.028489
52.3944,0.000000
52.4044,0.000000
52.4144,0.015484
52.4244,0.000000
52.4344,0.022876
52.4444,0.000000
52.4544,0.000000
52.4644,0.014223
52.4744,0.001810
52.4844,0.001951
52.4944,0.000000
52.5044,0.000000
52.5144,0.015553
52.5244,0.000000
52.5344,0.012612
52.5444,0.004824
52.5544,0.000000
52.5644,0.024440
52.5744,0.000000
52.5844,0.000000
52.5944,0.000000
52.6044,0.001449
52.6144,0.013805
52.6244,0.000000
52.6344,0.015625
52.6444,0.001226
52.6544,0.009973
52.6644,0.043053
52.6744,0.000000
52.6844,0.000000
52.6944,0.003488
52.7044,0.006339
52.7144,0.015689
52.7244,0.000000
52.7344,0.000000
52.7444,0.000000
52.7544,0.000000
52.7644,0.000000
52.7744,0.000000
52.7844,0.037172
52.7944,0.000000
52.8044,0.006037
52.8144,0.000000
52.8244,0.004012
52.8344,0.000000
52.8444,0.018637
52.8544,0.018525
52.8644,0.000000
52.8744,0.025904
52.8844,0.013682
52.8944,0.025066
52.9044,0.000000
52.9144,0.017132
52.9244,0.000000
52.9344,0.000000
52.9444,0.039237
52.9544,0.000000
52.9644,0.000000
52.9744,0.000000
52.9844,0.000000
52.9944,0.000000
53.0044,0.000000
53.0144,0.005398
53.0244,0.009739
53.0344,0.000000
53.0444,0.000000
53.0544,0.019503
53.0644,0.030695
53.0744,0.022607
53.0844,0.000000
53.0944,0.021409
53.1044,0.033366
53.1144,0.000000
53.1244,0.019489
53.1344,0.004054
53.1444,0.000000
53.1544,0.001911
53.1644,0.007979
53.1744,0.020837
53.1844,0.019908
53.1944,0.000000
53.2044,0.000000
53.2144,0.001684
53.2244,0.028300
53.2344,0.000000
53.2444,0.000000
53.2544,0.000000
53.2644,0.000000
53.2744,0.017743
53.2844,0.000000
53.2944,0.000000
53.3044,0.000000
53.3144,0.036645
53.3244,0.000000
53.3344,0.009593
53.3444,0.028219
53.3544,0.000000
53.3644,0.034704
53.3744,0.000000
53.3844,0.026027
53.3944,0.021779
53.4045,0.000000
53.4145,0.000000
53.4245,0.000000
53.4345,0.000000
53.4445,0.010695
53.4545,0.008537
53.4645,0.001426
53.4745,0.000000
53.4845,0.024437
53.4945,0.005360
53.5045,0.000000
53.5145,0.002650
53.5245,0.036855
53.5345,0.011199
53.5445,0.000000
53.5545,0.000000
53.5645,0.008341
53.5745,0.000000
53.5845,0.000000
53.5945,0.000000
53.6045,0.027344
53.6145,0.014238
53.6245,0.000000
53.6345,0.015642
53.6445,0.000154
53.6545,0.006203
53.6645,0.004565
53.6745,0.000000
53.6845,0.000000
53.6945,0.004079
53.7045,0.000000
53.7145,0.000000
53.7245,0.000000
53.7345,0.016644
53.7445,0.006441
53.7545,0.013892
53.7645,0.008156
53.7745,0.000000
53.7845,0.013978
53.7945,0.010543
53.8045,0.000000
53.8145,0.001059
53.8245,0.014264
53.8345,0.000000
53.8445,0.019582
53.8545,0.010172
53.8645,0.000041
53.8745,0.027562
53.8845,0.000000
53.8945,0.000000
53.9045,0.000000
53.9145,0.006446
53.9245,0.021283
53.9345,0.000000
53.9445,0.059499
53.9545,0.000000
53.9645,0.006492
53.9745,0.000048
53.9845,0.000831
53.9945,0.000000
54.0045,0.019216
54.0145,0.000000
54.0245,0.000000
54.0345,0.000000
54.0445,0.026016
54.0545,0.022508
54.0645,0.000000
54.0745,0.014647
54.0845,0.000000
54.0945,0.000000
54.1045,0.000000
54.1145,0.016034
54.1245,0.009984
54.1345,0.017632
54.1445,0.000000
54.1545,0.000000
54.1645,0.000000
54.1745,0.000000
54.1845,0.017074
54.1945,0.006611
54.2045,0.001878
54.2145,0.022718
54.2245,0.000000
54.2345,0.012963
54.2445,0.000000
54.2545,0.026602
54.2645,0.009801
54.2745,0.017361
54.2845,0.000000
54.2945,0.039278
54.3045,0.035974
54.3145,0.007747
54.3245,0.021155
54.3345,0.000000
54.3445,0.000000
54.3545,0.014324
54.3645,0.000000
54.3745,0.023584
54.3845,0.018861
54.3945,0.004234
54.4045,0.003227
54.4145,0.017807
54.4245,0.004942
54.4345,0.000000
54.4445,0.000000
54.4545,0.017260
54.4645,0.006596
54.4745,0.049602
54.4845,0.000000
54.4945,0.005437
54.5045,0.005859
54.5145,0.011714
54.5245,0.000000
54.5345,0.000000
54.5445,0.014898
54.5545,0.000000
54.5645,0.014223
54.5745,0.001741
54.5845,0.007234
54.5945,0.020720
54.6046,0.000000
54.6146,0.000000
54.6246,0.000000
54.6346,0.000000
54.6446,0.000000
54.6546,0.000000
54.6646,0.003583
54.6746,0.018374
54.6846,0.000000
54.6946,0.001593
54.7046,0.020306
54.7146,0.000000
54.7246,0.009652
54.7346,0.028759
54.7446,0.000000
54.7546,0.004908
54.7646,0.020932
54.7746,0.000000
54.7846,0.024962
54.7946,0.011416
54.8046,0.031848
54.8146,0.010484
54.8246,0.033346
54.8346,0.005400
54.8446,0.000000
54.8546,0.000000
54.8646,0.018331
54.8746,0.017976
54.8846,0.000000
54.8946,0.032477
54.9046,0.000000
54.9146,0.008316
54.9246,0.007817
54.9346,0.000000
54.9446,0.000000
54.9546,0.042846
54.9646,0.000000
54.9746,0.011253
54.9846,0.000000
54.9946,0.000000
55.0046,0.000000
55.0146,0.016939
55.0246,0.000000
55.0346,0.022815
55.0446,0.000000
55.0546,0.002304
55.0646,0.007405
55.0746,0.000000
55.0846,0.003666
55.0946,0.006298
55.1046,0.020520
55.1146,0.000000
55.1246,0.000000
55.1346,0.011872
55.1446,0.025423
55.1546,0.000000
55.1646,0.000000
55.1746,0.000000
55.1846,0.000000
55.1946,0.007160
55.2046,0.000000
55.2146,0.017512
55.2246,0.003827
55.2346,0.018074
55.2446,0.000000
55.2546,0.000000
55.2646,0.023268
55.2746,0.000000
55.2846,0.000000
55.2946,0.000000
55.3046,0.004362
55.3146,0.000000
55.3246,0.008424
55.3346,0.005985
55.3446,0.005043
55.3546,0.024271
55.3646,0.000000
55.3746,0.000000
55.3846,0.014451
55.3946,0.009948
55.4046,0.000000
55.4146,0.000000
55.4246,0.007888
55.4346,0.000000
55.4446,0.000000
55.4546,0.000000
55.4646,0.000000
55.4746,0.000000
55.4846,0.002291
55.4946,0.000000
55.5046,0.024802
55.5146,0.000000
55.5246,0.016426
55.5346,0.007536
55.5446,0.039174
55.5546,0.009717
55.5646,0.000000
55.5746,0.018979
55.5846,0.030556
55.5946,0.000000
55.6046,0.011504
55.6146,0.015486
55.6246,0.000000
55.6346,0.000000
55.6446,0.000000
55.6546,0.000000
55.6646,0.027536
55.6746,0.000000
55.6846,0.000000
55.6946,0.000000
55.7046,0.005863
55.7146,0.001024
55.7246,0.000000
55.7346,0.004752
55.7446,0.000000
55.7546,0.000000
55.7646,0.012024
55.7746,0.010317
55.7846,0.003595
55.7946,0.000000
55.8047,0.000000
55.8147,0.014747
55.8247,0.000000
55.8347,0.015474
55.8447,0.000000
55.8547,0.003027
55.8647,0.000464
55.8747,0.018048
55.8847,0.000000
55.8947,0.000000
55.9047,0.000000
55.9147,0.000000
55.9247,0.004598
55.9347,0.000000
55.9447,0.000000
55.9547,0.010994
55.9647,0.000000
55.9747,0.001354
55.9847,0.000000
55.9947,0.000000
56.0047,0.000516
56.0147,0.000000
56.0247,0.002750
56.0347,0.000000
56.0447,0.000000
56.0547,0.000000
56.0647,0.017540
56.0747,0.000000
56.0847,0.002843
56.0947,0.032638
56.1047,0.019826
56.1147,0.009169
56.1247,0.004495
56.1347,0.000000
56.1447,0.000000
56.1547,0.000000
56.1647,0.010348
56.1747,0.007015
56.1847,0.014197
56.1947,0.021954
56.2047,0.000000
56.2147,0.003453
56.2247,0.000000
56.2347,0.040612
56.2447,0.000000
56.2547,0.011730
56.2647,0.000000
56.2747,0.000000
56.2847,0.000000
56.2947,0.000000
56.3047,0.000000
56.3147,0.020874
56.3247,0.009823
56.3347,0.000000
56.3447,0.008134
56.3547,0.014831
56.3647,0.000000
56.3747,0.007413
56.3847,0.018122
56.3947,0.000000
56.4047,0.009601
56.4147,0.006559
56.4247,0.033848
56.4347,0.010027
56.4447,0.000000
56.4547,0.000000
56.4647,0.036421
56.4747,0.000000
56.4847,0.010551
56.4947,0.000000
56.5047,0.019463
56.5147,0.020352
56.5247,0.000000
56.5347,0.000000
56.5447,0.000000
56.5547,0.000000
56.5647,0.001810
56.5747,0.001447
56.5847,0.000000
56.5947,0.000000
56.6047,0.003713
56.6147,0.005987
56.6247,0.007104
56.6347,0.000000
56.6447,0.007142
56.6547,0.000000
56.6647,0.015561
56.6747,0.000000
56.6847,0.020704
56.6947,0.027180
56.7047,0.002089
56.7147,0.007266
56.7247,0.014110
56.7347,0.000000
56.7447,0.000000
56.7547,0.003316
56.7647,0.036484
56.7747,0.000000
56.7847,0.029479
56.7947,0.000000
56.8047,0.000000
56.8147,0.021925
56.8247,0.036386
56.8347,0.007611
56.8447,0.020965
56.8547,0.000000
56.8647,0.000000
56.8747,0.000000
56.8847,0.000000
56.8947,0.010174
56.9047,0.003819
56.9147,0.031088
56.9247,0.036985
56.9347,0.000000
56.9447,0.000000
56.9547,0.020881
56.9647,0.022756
56.9747,0.007942
56.9847,0.012700
56.9947,0.009885
57.0048,0.000000
57.0148,0.000000
57.0248,0.000000
57.0348,0.000000
57.0448,0.004985
57.0548,0.000000
57.0648,0.000000
57.0748,0.000000
57.0848,0.013274
57.0948,0.000000
57.1048,0.000000
57.1148,0.000000
57.1248,0.000000
57.1348,0.000000
57.1448,0.018357
57.1548,0.000000
57.1648,0.011426
57.1748,0.013844
57.1848,0.005698
57.1948,0.014437
57.2048,0.000258
57.2148,0.024549
57.2248,0.014821
57.2348,0.017216
57.2448,0.000000
57.2548,0.004738
57.2648,0.000000
57.2748,0.025218
57.2848,0.000000
57.2948,0.000000
57.3048,0.000000
57.3148,0.000000
57.3248,0.000000
57.3348,0.032809
57.3448,0.015466
57.3548,0.000000
57.3648,0.000000
57.3748,0.000000
57.3848,0.000000
57.3948,0.000000
57.4048,0.006275
57.4148,0.000000
57.4248,0.000312
57.4348,0.000000
57.4448,0.002737
57.4548,0.000000
57.4648,0.000000
57.4748,0.014944
57.4848,0.000000
57.4948,0.007986
57.5048,0.000000
57.5148,0.000000
57.5248,0.005891
57.5348,0.018846
57.5448,0.000000
57.5548,0.038614
57.5648,0.000000
57.5748,0.000000
57.5848,0.002522
57.5948,0.008359
57.6048,0.000000
57.6148,0.000000
57.6248,0.011165
57.6348,0.002398
57.6448,0.000000
57.6548,0.008979
57.6648,0.000000
57.6748,0.000000
57.6848,0.000000
57.6948,0.000000
57.7048,0.000000
57.7148,0.000000
57.7248,0.000577
57.7348,0.000000
57.7448,0.017005
57.7548,0.000332
57.7648,0.000000
57.7748,0.029099
57.7848,0.000752
57.7948,0.000000
57.8048,0.028291
57.8148,0.024388
57.8248,0.000000
57.8348,0.000000
57.8448,0.000000
57.8548,0.000000
57.8648,0.005844
57.8748,0.015213
57.8848,0.011824
57.8948,0.000590
57.9048,0.016959
57.9148,0.000000
57.9248,0.032729
57.9348,0.000000
57.9448,0.000000
57.9548,0.000000
57.9648,0.000000
57.9748,0.000000
57.9848,0.000000
57.9948,0.002334
58.0048,0.000000
58.0148,0.002999
58.0248,0.000000
58.0348,0.013185
58.0448,0.012961
58.0548,0.000000
58.0648,0.000000
58.0748,0.005600
58.0848,0.000000
58.0948,0.000622
58.1048,0.000000
58.1148,0.047338
58.1248,0.000000
58.1348,0.000000
58.1448,0.000000
58.1548,0.000000
58.1648,0.000000
58.1748,0.000000
58.1848,0.000000
58.1948,0.000000
58.2049,0.017333
58.2149,0.000000
58.2249,0.019358
58.2349,0.000729
58.2449,0.016715
58.2549,0.000000
58.2649,0.028702
58.2749,0.008477
58.2849,0.000000
58.2949,0.011145
58.3049,0.000488
58.3149,0.000000
58.3249,0.001728
58.3349,0.013522
58.3449,0.000000
58.3549,0.000000
58.3649,0.012288
58.3749,0.004468
58.3849,0.000000
58.3949,0.000000
58.4049,0.030617
58.4149,0.000000
58.4249,0.027253
58.4349,0.014309
58.4449,0.000000
58.4549,0.000000
58.4649,0.000000
58.4749,0.000000
58.4849,0.008112
58.4949,0.000000
58.5049,0.003204
58.5149,0.003198
58.5249,0.017747
58.5349,0.000000
58.5449,0.007970
58.5549,0.005192
58.5649,0.015761
58.5749,0.000000
58.5849,0.000000
58.5949,0.000000
58.6049,0.000000
58.6149,0.000000
58.6249,0.000000
58.6349,0.000000
58.6449,0.000000
58.6549,0.001718
58.6649,0.000000
58.6749,0.000000
58.6849,0.020332
58.6949,0.000000
58.7049,0.000000
58.7149,0.000000
58.7249,0.000000
58.7349,0.000000
58.7449,0.000000
58.7549,0.000000
58.7649,0.000000
58.7749,0.035496
58.7849,0.000000
58.7949,0.014213
58.8049,0.009714
58.8149,0.032389
58.8249,0.058730
58.8349,0.131057
58.8449,0.152598
58.8549,0.171582
58.8649,0.218349
58.8749,0.283352
58.8849,0.196988
58.8949,0.238357
58.9049,0.227730
58.9149,0.190444
58.9249,0.193214
58.9349,0.186570
58.9449,0.143071
58.9549,0.168693
58.9649,0.147794
58.9749,0.129184
58.9849,0.123904
58.9949,0.125394
59.0049,0.145564
59.0149,0.106606
59.0249,0.102499
59.0349,0.084185
59.0449,0.108215
59.0549,0.041353
59.0649,0.030674
59.0749,0.059338
59.0849,0.063508
59.0949,0.000710
59.1049,0.042781
59.1149,0.035723
59.1249,0.048816
59.1349,0.039884
59.1449,0.000000
59.1549,0.007027
59.1649,0.009463
59.1749,0.035024
59.1849,0.026406
59.1949,0.006615
59.2049,0.018686
59.2149,0.000000
59.2249,0.050029
59.2349,0.022202
59.2449,0.024862
59.2549,0.034450
59.2649,0.027016
59.2749,0.008437
59.2849,0.003769
59.2949,0.029590
59.3049,0.006248
59.3149,0.000000
59.3249,0.040088
59.3349,0.000000
59.3449,0.000000
59.3549,0.021300
59.3649,0.000000
59.3749,0.010615
59.3849,0.035216
59.3949,0.000000
59.4050,0.001296
59.4150,0.028532
59.4250,0.013922
59.4350,0.000000
59.4450,0.044345
59.4550,0.000000
59.4650,0.008227
59.4750,0.030663
59.4850,0.018533
59.4950,0.024581
59.5050,0.000000
59.5150,0.022747
59.5250,0.003629
59.5350,0.000000
59.5450,0.004462
59.5550,0.003845
59.5650,0.034004
59.5750,0.007204
59.5850,0.000000
59.5950,0.000000
59.6050,0.000000
59.6150,0.000000
59.6250,0.000000
59.6350,0.000000
59.6450,0.000000
59.6550,0.013231
59.6650,0.000000
59.6750,0.000000
59.6850,0.000000
59.6950,0.000000
59.7050,0.000000
59.7150,0.000000
59.7250,0.035322
59.7350,0.014981
59.7450,0.000000
59.7550,0.004251
59.7650,0.000000
59.7750,0.000000
59.7850,0.018590
59.7950,0.015358
59.8050,0.000000
59.8150,0.004103
59.8250,0.006087
59.8350,0.000000
59.8450,0.037771
59.8550,0.035815
59.8650,0.000000
59.8750,0.000000
59.8850,0.000000
59.8950,0.000000
59.9050,0.000000
59.9150,0.009133
59.9250,0.035314
59.9350,0.027909
59.9450,0.014212
59.9550,0.000000
59.9650,0.000000
59.9750,0.019160
59.9850,0.029153
59.9950,0.009971
60.0050,0.000000
60.0150,0.024345
60.0250,0.013568
60.0350,0.020477
60.0450,0.000000
60.0550,0.006182
60.0650,0.031944
60.0750,0.009496
60.0850,0.017070
60.0950,0.000656
60.1050,0.001911
60.1150,0.025247
60.1250,0.000000
60.1350,0.000000
60.1450,0.000000
60.1550,0.000423
60.1650,0.000000
60.1750,0.013160
60.1850,0.000000
60.1950,0.015367
60.2050,0.000000
60.2150,0.015436
60.2250,0.024064
60.2350,0.007894
60.2450,0.000541
60.2550,0.015574
60.2650,0.022886
60.2750,0.009413
60.2850,0.010758
60.2950,0.029825
60.3050,0.013701
60.3150,0.000000
60.3250,0.022800
60.3350,0.000000
60.3450,0.000599
60.3550,0.001924
60.3650,0.017440
60.3750,0.031479
60.3850,0.000440
60.3950,0.031163
60.4050,0.002963
60.4150,0.025239
60.4250,0.003572
60.4350,0.000000
60.4450,0.034598
60.4550,0.000000
60.4650,0.000000
60.4750,0.000000
60.4850,0.022811
60.4950,0.027062
60.5050,0.006716
60.5150,0.000000
60.5250,0.000000
60.5350,0.000000
60.5450,0.000000
60.5550,0.000000
60.5650,0.009103
60.5750,0.000000
60.5850,0.005251
60.5950,0.000000
60.6051,0.030225
60.6151,0.000000
60.6251,0.015664
60.6351,0.003396
60.6451,0.007245
60.6551,0.000000
60.6651,0.000000
60.6751,0.000000
60.6851,0.000456
60.6951,0.023871
60.7051,0.007799
60.7151,0.000000
60.7251,0.001572
60.7351,0.000000
60.7451,0.000000
60.7551,0.000000
60.7651,0.013747
60.7751,0.000000
60.7851,0.000000
60.7951,0.017678
60.8051,0.008441
60.8151,0.023024
60.8251,0.025845
60.8351,0.000000
60.8451,0.005189
60.8551,0.000000
60.8651,0.000000
60.8751,0.000000
60.8851,0.000000
60.8951,0.000000
60.9051,0.000000
60.9151,0.000000
60.9251,0.044040
60.9351,0.000000
60.9451,0.020469
60.9551,0.000000
60.9651,0.000000
60.9751,0.000000
60.9851,0.013730
60.9951,0.000000
61.0051,0.014902
61.0151,0.031344
61.0251,0.000000
61.0351,0.021030
61.0451,0.000458
61.0551,0.000000
61.0651,0.000000
61.0751,0.003208
61.0851,0.007221
61.0951,0.000000
61.1051,0.000571
61.1151,0.014824
61.1251,0.017974
61.1351,0.000000
61.1451,0.007892
61.1551,0.019304
61.1651,0.015344
61.1751,0.016046
61.1851,0.002043
61.1951,0.000000
61.2051,0.004898
61.2151,0.000000
61.2251,0.020018
61.2351,0.000000
61.2451,0.000000
61.2551,0.000000
61.2651,0.008454
61.2751,0.011836
61.2851,0.026802
61.2951,0.001400
61.3051,0.000000
61.3151,0.000000
61.3251,0.000000
61.3351,0.009359
61.3451,0.000000
61.3551,0.000000
61.3651,0.029208
61.3751,0.003237
61.3851,0.000000
61.3951,0.000000
61.4051,0.000000
61.4151,0.000000
61.4251,0.029658
61.4351,0.000000
61.4451,0.000000
61.4551,0.000000
61.4651,0.016584
61.4751,0.030683
61.4851,0.008068
61.4951,0.000000
61.5051,0.000000
61.5151,0.032210
61.5251,0.000000
61.5351,0.002529
61.5451,0.004330
61.5551,0.000000
61.5651,0.017963
61.5751,0.015368
61.5851,0.000000
61.5951,0.000000
61.6051,0.000000
61.6151,0.013470
61.6251,0.000000
61.6351,0.007224
61.6451,0.000000
61.6551,0.001281
61.6651,0.008927
61.6751,0.004902
61.6851,0.000000
61.6951,0.005887
61.7051,0.003905
61.7151,0.000000
61.7251,0.000000
61.7351,0.033848
61.7451,0.000000
61.7551,0.024606
61.7651,0.000000
61.7751,0.014583
61.7851,0.032108
61.7951,0.000000
61.8052,0.000000
61.8152,0.000000
61.8252,0.000000
61.8352,0.005794
61.8452,0.000000
61.8552,0.000000
61.8652,0.035182
61.8752,0.000000
61.8852,0.000000
61.8952,0.014949
61.9052,0.015236
61.9152,0.025425
61.9252,0.034702
61.9352,0.006233
61.9452,0.000000
61.9552,0.000000
61.9652,0.000000
61.9752,0.003754
61.9852,0.000000
61.9952,0.000000
62.0052,0.001185
62.0152,0.013982
62.0252,0.000000
62.0352,0.016142
62.0452,0.011098
62.0552,0.020686
62.0652,0.039122
62.0752,0.047052
62.0852,0.013170
62.0952,0.000000
62.1052,0.001113
62.1152,0.028319
62.1252,0.000000
62.1352,0.026058
62.1452,0.000000
62.1552,0.004088
62.1652,0.000000
62.1752,0.000000
62.1852,0.000000
62.1952,0.023454
62.2052,0.000000
62.2152,0.029025
62.2252,0.000000
62.2352,0.000000
62.2452,0.004565
62.2552,0.012223
62.2652,0.003386
62.2752,0.002717
62.2852,0.028853
62.2952,0.001708
62.3052,0.000000
62.3152,0.000000
62.3252,0.022925
62.3352,0.000000
62.3452,0.000000
62.3552,0.018934
62.3652,0.036975
62.3752,0.004524
62.3852,0.000000
62.3952,0.000000
62.4052,0.000000
62.4152,0.000000
62.4252,0.000000
62.4352,0.016393
62.4452,0.000000
62.4552,0.024468
62.4652,0.000000
62.4752,0.000000
62.4852,0.023002
62.4952,0.000388
62.5052,0.000000
62.5152,0.000604
62.5252,0.026400
62.5352,0.005509
62.5452,0.022491
62.5552,0.000000
62.5652,0.019609
62.5752,0.004278
62.5852,0.015886
62.5952,0.017400
62.6052,0.000000
62.6152,0.001295
62.6252,0.017230
62.6352,0.020097
62.6452,0.022562
62.6552,0.001885
62.6652,0.027724
62.6752,0.000000
62.6852,0.000000
62.6952,0.000000
62.7052,0.021525
62.7152,0.000000
62.7252,0.000000
62.7352,0.000000
62.7452,0.013247
62.7552,0.000000
62.7652,0.009883
62.7752,0.000000
62.7852,0.000000
62.7952,0.000000
62.8052,0.003713
62.8152,0.000000
62.8252,0.000000
62.8352,0.007225
62.8452,0.011028
62.8552,0.016818
62.8652,0.002965
62.8752,0.000000
62.8852,0.008383
62.8952,0.011812
62.9052,0.000000
62.9152,0.000000
62.9252,0.044553
62.9352,0.000000
62.9452,0.008886
62.9552,0.018829
62.9652,0.000000
62.9752,0.000000
62.9852,0.000000
62.9952,0.000004
63.0053,0.016191
63.0153,0.000000
63.0253,0.055991
63.0353,0.000000
63.0453,0.024795
63.0553,0.009791
63.0653,0.001953
63.0753,0.026474
63.0853,0.000000
63.0953,0.007653
63.1053,0.000000
63.1153,0.000000
63.1253,0.000000
63.1353,0.000000
63.1453,0.000000
63.1553,0.006998
63.1653,0.000000
63.1753,0.000000
63.1853,0.013665
63.1953,0.008135
63.2053,0.000000
63.2153,0.054917
63.2253,0.018324
63.2353,0.044006
63.2453,0.000000
63.2553,0.004495
63.2653,0.000000
63.2753,0.000000
63.2853,0.000000
63.2953,0.053919
63.3053,0.000000
63.3153,0.000000
63.3253,0.000000
63.3353,0.009607
63.3453,0.000000
63.3553,0.016534
63.3653,0.000000
63.3753,0.000000
63.3853,0.000000
63.3953,0.000000
63.4053,0.000000
63.4153,0.000000
63.4253,0.000000
63.4353,0.017481
63.4453,0.039140
63.4553,0.006108
63.4653,0.000000
63.4753,0.001153
63.4853,0.000000
63.4953,0.016009
63.5053,0.005182
63.5153,0.000000
63.5253,0.019763
63.5353,0.017403
63.5453,0.026911
63.5553,0.000000
63.5653,0.005418
63.5753,0.000000
63.5853,0.000000
63.5953,0.007146
63.6053,0.000000
63.6153,0.006162
63.6253,0.003024
63.6353,0.000000
63.6453,0.025154
63.6553,0.000000
63.6653,0.002391
63.6753,0.000000
63.6853,0.009345
63.6953,0.000000
63.7053,0.017230
63.7153,0.000000
63.7253,0.007753
63.7353,0.000000
63.7453,0.011086
63.7553,0.000000
63.7653,0.007188
63.7753,0.000000
63.7853,0.000000
63.7953,0.000000
63.8053,0.003456
63.8153,0.010378
63.8253,0.005469
63.8353,0.000000
63.8453,0.033078
63.8553,0.005991
63.8653,0.000000
63.8753,0.007636
63.8853,0.004608
63.8953,0.000000
63.9053,0.000000
63.9153,0.017728
63.9253,0.031101
63.9353,0.000000
63.9453,0.022150
63.9553,0.000359
63.9653,0.004260
63.9753,0.024330
63.9853,0.000000
63.9953,0.014666
64.0053,0.023085
64.0153,0.000000
64.0253,0.000000
64.0353,0.029519
64.0453,0.000000
64.0553,0.007536
64.0653,0.018416
64.0753,0.007139
64.0853,0.010163
64.0953,0.000000
64.1053,0.008329
64.1153,0.000000
64.1253,0.000000
64.1353,0.000640
64.1453,0.000000
64.1553,0.010387
64.1653,0.000000
64.1753,0.006531
64.1853,0.008224
64.1953,0.000000
64.2054,0.000000
64.2154,0.000000
64.2254,0.011514
64.2354,0.006223
64.2454,0.000000
64.2554,0.001902
64.2654,0.004715
64.2754,0.003952
64.2854,0.000000
64.2954,0.002803
64.3054,0.016519
64.3154,0.009665
64.3254,0.007407
64.3354,0.029568
64.3454,0.003020
64.3554,0.000000
64.3654,0.000000
64.3754,0.003168
64.3854,0.000000
64.3954,0.000000
64.4054,0.008355
64.4154,0.021081
64.4254,0.000000
64.4354,0.001783
64.4454,0.000000
64.4554,0.000675
64.4654,0.002548
64.4754,0.000000
64.4854,0.025060
64.4954,0.022392
64.5054,0.038579
64.5154,0.000000
64.5254,0.000000
64.5354,0.000000
64.5454,0.000000
64.5554,0.012862
64.5654,0.015633
64.5754,0.012159
64.5854,0.000000
64.5954,0.000000
64.6054,0.035216
64.6154,0.000000
64.6254,0.025497
64.6354,0.007282
64.6454,0.000000
64.6554,0.000000
64.6654,0.000000
64.6754,0.007517
64.6854,0.000000
64.6954,0.027979
64.7054,0.000000
64.7154,0.012608
64.7254,0.011155
64.7354,0.029194
64.7454,0.000000
64.7554,0.001909
64.7654,0.000000
64.7754,0.001857
64.7854,0.020520
64.7954,0.003950
64.8054,0.041628
64.8154,0.009355
64.8254,0.000000
64.8354,0.008204
64.8454,0.000000
64.8554,0.000000
64.8654,0.000000
64.8754,0.000290
64.8854,0.000000
64.8954,0.021692
64.9054,0.000000
64.9154,0.000000
64.9254,0.028068
64.9354,0.000000
64.9454,0.000692
64.9554,0.003917
64.9654,0.000000
64.9754,0.009002
64.9854,0.001992
64.9954,0.008994
65.0054,0.000000
65.0154,0.000000
65.0254,0.000000
65.0354,0.000000
65.0454,0.000000
65.0554,0.020907
65.0654,0.028044
65.0754,0.020569
65.0854,0.017233
65.0954,0.001079
65.1054,0.018278
65.1154,0.006401
65.1254,0.035055
65.1354,0.000000
65.1454,0.012107
65.1554,0.000000
65.1654,0.012210
65.1754,0.000000
65.1854,0.000000
65.1954,0.000000
65.2054,0.004538
65.2154,0.006381
65.2254,0.044109
65.2354,0.000000
65.2454,0.013906
65.2554,0.002896
65.2654,0.012400
65.2754,0.002586
65.2854,0.019793
65.2954,0.000000
65.3054,0.000000
65.3154,0.007513
65.3254,0.000000
65.3354,0.023611
65.3454,0.000000
65.3554,0.000000
65.3654,0.048609
65.3754,0.000000
65.3854,0.000000
65.3954,0.013464
65.4055,0.014678
65.4155,0.020504
65.4255,0.000000
65.4355,0.009650
65.4455,0.000000
65.4555,0.000000
65.4655,0.000866
65.4755,0.000000
65.4855,0.016613
65.4955,0.000000
65.5055,0.000000
65.5155,0.000000
65.5255,0.000000
65.5355,0.020532
65.5455,0.000000
65.5555,0.000000
65.5655,0.000000
65.5755,0.000000
65.5855,0.002868
65.5955,0.000000
65.6055,0.000000
65.6155,0.009472
65.6255,0.027851
65.6355,0.000872
65.6455,0.000000
65.6555,0.000000
65.6655,0.000000
65.6755,0.021062
65.6855,0.001693
65.6955,0.000000
65.7055,0.021581
65.7155,0.017169
65.7255,0.010829
65.7355,0.000000
65.7455,0.000000
65.7555,0.016082
65.7655,0.006831
65.7755,0.003693
65.7855,0.016119
65.7955,0.002508
65.8055,0.021665
65.8155,0.002912
65.8255,0.001479
65.8355,0.016063
65.8455,0.000000
65.8555,0.000000
65.8655,0.000068
65.8755,0.010627
65.8855,0.016657
65.8955,0.016756
65.9055,0.000000
65.9155,0.000000
65.9255,0.000000
65.9355,0.004498
65.9455,0.000000
65.9555,0.000410
65.9655,0.051294
65.9755,0.000000
65.9855,0.002823
65.9955,0.006801
66.0055,0.009116
66.0155,0.000000
66.0255,0.009281
66.0355,0.000000
66.0455,0.000000
66.0555,0.017135
66.0655,0.011963
66.0755,0.000000
66.0855,0.000000
66.0955,0.000000
66.1055,0.000000
66.1155,0.013724
66.1255,0.014399
66.1355,0.000000
66.1455,0.000000
66.1555,0.002065
66.1655,0.004399
66.1755,0.000000
66.1855,0.008792
66.1955,0.000000
66.2055,0.012265
66.2155,0.000000
66.2255,0.000000
66.2355,0.000000
66.2455,0.000000
66.2555,0.001867
66.2655,0.000000
66.2755,0.003651
66.2855,0.005346
66.2955,0.020983
66.3055,0.003331
66.3155,0.000000
66.3255,0.000000
66.3355,0.000000
66.3455,0.005814
66.3555,0.014278
66.3655,0.000000
66.3755,0.004595
66.3855,0.000000
66.3955,0.012929
66.4055,0.015589
66.4155,0.000000
66.4255,0.018578
66.4355,0.004540
66.4455,0.000000
66.4555,0.000000
66.4655,0.000571
66.4755,0.000000
66.4855,0.000000
66.4955,0.000000
66.5055,0.000000
66.5155,0.024238
66.5255,0.001006
66.5355,0.040551
66.5455,0.006679
66.5555,0.010600
66.5655,0.000000
66.5755,0.000000
66.5855,0.001308
66.5955,0.000000
66.6056,0.000000
66.6156,0.007563
66.6256,0.007916
66.6356,0.000000
66.6456,0.005107
66.6556,0.009954
66.6656,0.000000
66.6756,0.000000
66.6856,0.007946
66.6956,0.000000
66.7056,0.000038
66.7156,0.029420
66.7256,0.000000
66.7356,0.014812
66.7456,0.009800
66.7556,0.000000
66.7656,0.009369
66.7756,0.018026
66.7856,0.000000
66.7956,0.000000
66.8056,0.000470
66.8156,0.017598
66.8256,0.000000
66.8356,0.000000
66.8456,0.000000
66.8556,0.000442
66.8656,0.018840
66.8756,0.001906
66.8856,0.000000
66.8956,0.000000
66.9056,0.000000
66.9156,0.000000
66.9256,0.021662
66.9356,0.029479
66.9456,0.000000
66.9556,0.010478
66.9656,0.015461
66.9756,0.000000
66.9856,0.000000
66.9956,0.000000
67.0056,0.034217
67.0156,0.029744
67.0256,0.000000
67.0356,0.000000
67.0456,0.013914
67.0556,0.009791
67.0656,0.022392
67.0756,0.000000
67.0856,0.013024
67.0956,0.000000
67.1056,0.011217
67.1156,0.000000
67.1256,0.034211
67.1356,0.008053
67.1456,0.000000
67.1556,0.002483
67.1656,0.000000
67.1756,0.000000
67.1856,0.034648
67.1956,0.028777
67.2056,0.000000
67.2156,0.012598
67.2256,0.036926
67.2356,0.022264
67.2456,0.000000
67.2556,0.000000
67.2656,0.000000
67.2756,0.013946
67.2856,0.022371
67.2956,0.022495
67.3056,0.012619
67.3156,0.006342
67.3256,0.000000
67.3356,0.005755
67.3456,0.000000
67.3556,0.009453
67.3656,0.000000
67.3756,0.009339
67.3856,0.023816
67.3956,0.006789
67.4056,0.005912
67.4156,0.016434
67.4256,0.031866
67.4356,0.000000
67.4456,0.009378
67.4556,0.027202
67.4656,0.012047
67.4756,0.000000
67.4856,0.000000
67.4956,0.013519
67.5056,0.000000
67.5156,0.025926
67.5256,0.033443
67.5356,0.000000
67.5456,0.000000
67.5556,0.000000
67.5656,0.000000
67.5756,0.027650
67.5856,0.000000
67.5956,0.013364
67.6056,0.024981
67.6156,0.014746
67.6256,0.007856
67.6356,0.000000
67.6456,0.033282
67.6556,0.000000
67.6656,0.017069
67.6756,0.000000
67.6856,0.000000
67.6956,0.000000
67.7056,0.000000
67.7156,0.000000
67.7256,0.000000
67.7356,0.011264
67.7456,0.013268
67.7556,0.000000
67.7656,0.000000
67.7756,0.000000
67.7856,0.004579
67.7956,0.024803
67.8057,0.024815
67.8157,0.000000
67.8257,0.035841
67.8357,0.000000
67.8457,0.000000
67.8557,0.000000
67.8657,0.000000
67.8757,0.006007
67.8857,0.000000
67.8957,0.000000
67.9057,0.000000
67.9157,0.000000
67.9257,0.000000
67.9357,0.018277
67.9457,0.032460
67.9557,0.033573
67.9657,0.012368
67.9757,0.000000
67.9857,0.000000
67.9957,0.013611
68.0057,0.000000
68.0157,0.007414
68.0257,0.034748
68.0357,0.003903
68.0457,0.041001
68.0557,0.000000
68.0657,0.008054
68.0757,0.005647
68.0857,0.000000
68.0957,0.014430
68.1057,0.027555
68.1157,0.039648
68.1257,0.007403
68.1357,0.000000
68.1457,0.008586
68.1557,0.013355
68.1657,0.000000
68.1757,0.003872
68.1857,0.000000
68.1957,0.000000
68.2057,0.018315
68.2157,0.025002
68.2257,0.000000
68.2357,0.000000
68.2457,0.000000
68.2557,0.033090
68.2657,0.015674
68.2757,0.000000
68.2857,0.000000
68.2957,0.000000
68.3057,0.000000
68.3157,0.018653
68.3257,0.018241
68.3357,0.004850
68.3457,0.000000
68.3557,0.000000
68.3657,0.000791
68.3757,0.000000
68.3857,0.000000
68.3957,0.010045
68.4057,0.000000
68.4157,0.000000
68.4257,0.000000
68.4357,0.028176
68.4457,0.015216
68.4557,0.000000
68.4657,0.007242
68.4757,0.000000
68.4857,0.019390
68.4957,0.007808
68.5057,0.023018
68.5157,0.000000
68.5257,0.000000
68.5357,0.004942
68.5457,0.008883
68.5557,0.043206
68.5657,0.000000
68.5757,0.000000
68.5857,0.000000
68.5957,0.004281
68.6057,0.031199
68.6157,0.015773
68.6257,0.000000
68.6357,0.027608
68.6457,0.027106
68.6557,0.004735
68.6657,0.000000
68.6757,0.000000
68.6857,0.008437
68.6957,0.017938
68.7057,0.000000
68.7157,0.000000
68.7257,0.019764
68.7357,0.027032
68.7457,0.007749
68.7557,0.020673
68.7657,0.008195
68.7757,0.017336
68.7857,0.002612
68.7957,0.008639
68.8057,0.000000
68.8157,0.012998
68.8257,0.000000
68.8357,0.012978
68.8457,0.000000
68.8557,0.006660
68.8657,0.000000
68.8757,0.000000
68.8857,0.006623
68.8957,0.013578
68.9057,0.019688
68.9157,0.000000
68.9257,0.000000
68.9357,0.000000
68.9457,0.000000
68.9557,0.028203
68.9657,0.024124
68.9757,0.000000
68.9857,0.030786
68.9957,0.023049
69.0058,0.000000
69.0158,0.000000
69.0258,0.000000
69.0358,0.000000
69.0458,0.000313
69.0558,0.000280
69.0658,0.000000
69.0758,0.000000
69.0858,0.004683
69.0958,0.011200
69.1058,0.000000
69.1158,0.000000
69.1258,0.018403
69.1358,0.000000
69.1458,0.000000
69.1558,0.000000
69.1658,0.014967
69.1758,0.000000
69.1858,0.000000
69.1958,0.016926
69.2058,0.010981
69.2158,0.000000
69.2258,0.000000
69.2358,0.000000
69.2458,0.000000
69.2558,0.000000
69.2658,0.000000
69.2758,0.000000
69.2858,0.018006
69.2958,0.000000
69.3058,0.000000
69.3158,0.000000
69.3258,0.002232
69.3358,0.000000
69.3458,0.000000
69.3558,0.000000
69.3658,0.000000
69.3758,0.000000
69.3858,0.000000
69.3958,0.019766
69.4058,0.004750
69.4158,0.000000
69.4258,0.019710
69.4358,0.008033
69.4458,0.000000
69.4558,0.000000
69.4658,0.000000
69.4758,0.010709
69.4858,0.016047
69.4958,0.000000
69.5058,0.011856
69.5158,0.011173
69.5258,0.025111
69.5358,0.017107
69.5458,0.024334
69.5558,0.008791
69.5658,0.008189
69.5758,0.000000
69.5858,0.014765
69.5958,0.000000
69.6058,0.000000
69.6158,0.009718
69.6258,0.025348
69.6358,0.000000
69.6458,0.017398
69.6558,0.000000
69.6658,0.017767
69.6758,0.000000
69.6858,0.013067
69.6958,0.000000
69.7058,0.000000
69.7158,0.000000
69.7258,0.023791
69.7358,0.000000
69.7458,0.000000
69.7558,0.007177
69.7658,0.000000
69.7758,0.028140
69.7858,0.027687
69.7958,0.018689
69.8058,0.000000
69.8158,0.029964
69.8258,0.024218
69.8358,0.000000
69.8458,0.025899
69.8558,0.000000
69.8658,0.000000
69.8758,0.000000
69.8858,0.002627
69.8958,0.000000
69.9058,0.000000
69.9158,0.000000
69.9258,0.000000
69.9358,0.000750
69.9458,0.023104
69.9558,0.000000
69.9658,0.015525
69.9758,0.003874
69.9858,0.006734
69.9958,0.000000
70.0058,0.000000
70.0158,0.008008
70.0258,0.009339
70.0358,0.000000
70.0458,0.000000
70.0558,0.001536
70.0658,0.013585
70.0758,0.018092
70.0858,0.021660
70.0958,0.006685
70.1058,0.000000
70.1158,0.000000
70.1258,0.000000
70.1358,0.000000
70.1458,0.000000
70.1558,0.000000
70.1658,0.001656
70.1758,0.000000
70.1858,0.000000
70.1958,0.013961
70.2059,0.000000
70.2159,0.000000
70.2259,0.001711
70.2359,0.000000
70.2459,0.019914
70.2559,0.000000
70.2659,0.000027
70.2759,0.000000
70.2859,0.002811
70.2959,0.000000
70.3059,0.000000
70.3159,0.021983
70.3259,0.000000
70.3359,0.000000
70.3459,0.000000
70.3559,0.026532
70.3659,0.000000
70.3759,0.022216
70.3859,0.000000
70.3959,0.021413
70.4059,0.007333
70.4159,0.009982
70.4259,0.000000
70.4359,0.000000
70.4459,0.019264
70.4559,0.019040
70.4659,0.043586
70.4759,0.000000
70.4859,0.008744
70.4959,0.000000
70.5059,0.000000
70.5159,0.000000
70.5259,0.006882
70.5359,0.000000
70.5459,0.000606
70.5559,0.014977
70.5659,0.020304
70.5759,0.012467
70.5859,0.008134
70.5959,0.000000
70.6059,0.000000
70.6159,0.009702
70.6259,0.000000
70.6359,0.002144
70.6459,0.000000
70.6559,0.000000
70.6659,0.000000
70.6759,0.000000
70.6859,0.000000
70.6959,0.000000
70.7059,0.000000
70.7159,0.000000
70.7259,0.000000
70.7359,0.014467
70.7459,0.002655
70.7559,0.000000
70.7659,0.017530
70.7759,0.000000
70.7859,0.000000
70.7959,0.000000
70.8059,0.034319
70.8159,0.004232
70.8259,0.003523
70.8359,0.008395
70.8459,0.000000
70.8559,0.000000
70.8659,0.008190
70.8759,0.000000
70.8859,0.039698
70.8959,0.000000
70.9059,0.016977
70.9159,0.014508
70.9259,0.002571
70.9359,0.005839
70.9459,0.000000
70.9559,0.000000
70.9659,0.006285
70.9759,0.007712
70.9859,0.010542
70.9959,0.001136
71.0059,0.017467
71.0159,0.000000
71.0259,0.026431
71.0359,0.000000
71.0459,0.000000
71.0559,0.012256
71.0659,0.000000
71.0759,0.013482
71.0859,0.000000
71.0959,0.002126
71.1059,0.000000
71.1159,0.000000
71.1259,0.040519
71.1359,0.000000
71.1459,0.000000
71.1559,0.000000
71.1659,0.002363
71.1759,0.000000
71.1859,0.018334
71.1959,0.017679
71.2059,0.000000
71.2159,0.000000
71.2259,0.000000
71.2359,0.000000
71.2459,0.000000
71.2559,0.000000
71.2659,0.025583
71.2759,0.006171
71.2859,0.000822
71.2959,0.000000
71.3059,0.003271
71.3159,0.000000
71.3259,0.004295
71.3359,0.013088
71.3459,0.016166
71.3559,0.002320
71.3659,0.009215
71.3759,0.000000
71.3859,0.020386
71.3959,0.000000
71.4060,0.000000
71.4160,0.022259
71.4260,0.000000
71.4360,0.000000
71.4460,0.000000
71.4560,0.025051
71.4660,0.000000
71.4760,0.001843
71.4860,0.000000
71.4960,0.000000
71.5060,0.000000
71.5160,0.017289
71.5260,0.000969
71.5360,0.018190
71.5460,0.023114
71.5560,0.000538
71.5660,0.000000
71.5760,0.006789
71.5860,0.010263
71.5960,0.000000
71.6060,0.004249
71.6160,0.000000
71.6260,0.000000
71.6360,0.000000
71.6460,0.000000
71.6560,0.022602
71.6660,0.000000
71.6760,0.020588
71.6860,0.002358
71.6960,0.000000
71.7060,0.003434
71.7160,0.000000
71.7260,0.010929
71.7360,0.000000
71.7460,0.015393
71.7560,0.025804
71.7660,0.000000
71.7760,0.000000
71.7860,0.000000
71.7960,0.038849
71.8060,0.000000
71.8160,0.000000
71.8260,0.040326
71.8360,0.000000
71.8460,0.000000
71.8560,0.000000
71.8660,0.002577
71.8760,0.000823
71.8860,0.000000
71.8960,0.000000
71.9060,0.000955
71.9160,0.023830
71.9260,0.005999
71.9360,0.000000
71.9460,0.000000
71.9560,0.013855
71.9660,0.030241
71.9760,0.000000
71.9860,0.020054
71.9960,0.000000
72.0060,0.000000
72.0160,0.000000
72.0260,0.024015
72.0360,0.026160
72.0460,0.000000
72.0560,0.000000
72.0660,0.000000
72.0760,0.013717
72.0860,0.000000
72.0960,0.000000
72.1060,0.003685
72.1160,0.000000
72.1260,0.010035
72.1360,0.000000
72.1460,0.006067
72.1560,0.000000
72.1660,0.000000
72.1760,0.017931
72.1860,0.018917
72.1960,0.000000
72.2060,0.004940
72.2160,0.007887
72.2260,0.008469
72.2360,0.031061
72.2460,0.007502
72.2560,0.000000
72.2660,0.007702
72.2760,0.000000
72.2860,0.000000
72.2960,0.021955
72.3060,0.009615
72.3160,0.000000
72.3260,0.000000
72.3360,0.013638
72.3460,0.000000
72.3560,0.000000
72.3660,0.047907
72.3760,0.000000
72.3860,0.019488
72.3960,0.027008
72.4060,0.000000
72.4160,0.004795
72.4260,0.037059
72.4360,0.008271
72.4460,0.042579
72.4560,0.000000
72.4660,0.032348
72.4760,0.000300
72.4860,0.000000
72.4960,0.011521
72.5060,0.000000
72.5160,0.000000
72.5260,0.008733
72.5360,0.000000
72.5460,0.000000
72.5560,0.013008
72.5660,0.017848
72.5760,0.006430
72.5860,0.004966
72.5960,0.007242
72.6061,0.017240
72.6161,0.000000
72.6261,0.000000
72.6361,0.000000
72.6461,0.003524
72.6561,0.000000
72.6661,0.000000
72.6761,0.000000
72.6861,0.018237
72.6961,0.000000
72.7061,0.000000
72.7161,0.009516
72.7261,0.000000
72.7361,0.015856
72.7461,0.000000
72.7561,0.000000
72.7661,0.025571
72.7761,0.022271
72.7861,0.000000
72.7961,0.007123
72.8061,0.000000
72.8161,0.011143
72.8261,0.000000
72.8361,0.015693
72.8461,0.021509
72.8561,0.000000
72.8661,0.001219
72.8761,0.021887
72.8861,0.000000
72.8961,0.000000
72.9061,0.011911
72.9161,0.000000
72.9261,0.000000
72.9361,0.000000
72.9461,0.031436
72.9561,0.037132
72.9661,0.000000
72.9761,0.000000
72.9861,0.000000
72.9961,0.032434
73.0061,0.015158
73.0161,0.026354
73.0261,0.017976
73.0361,0.000000
73.0461,0.000000
73.0561,0.000000
73.0661,0.000000
73.0761,0.000000
73.0861,0.000000
73.0961,0.011529
73.1061,0.002444
73.1161,0.021956
73.1261,0.004533
73.1361,0.000000
73.1461,0.003392
73.1561,0.000000
73.1661,0.000000
73.1761,0.011578
73.1861,0.018330
73.1961,0.001298
73.2061,0.000000
73.2161,0.000000
73.2261,0.021005
73.2361,0.008866
73.2461,0.005241
73.2561,0.000000
73.2661,0.000000
73.2761,0.000000
73.2861,0.004549
73.2961,0.000000
73.3061,0.000000
73.3161,0.030921
73.3261,0.000000
73.3361,0.000000
73.3461,0.000000
73.3561,0.000000
73.3661,0.000000
73.3761,0.000000
73.3861,0.007805
73.3961,0.000000
73.4061,0.000000
73.4161,0.002693
73.4261,0.000000
73.4361,0.000000
73.4461,0.000000
73.4561,0.000000
73.4661,0.006177
73.4761,0.003923
73.4861,0.020284
73.4961,0.000000
73.5061,0.004286
73.5161,0.044030
73.5261,0.000000
73.5361,0.000000
73.5461,0.000000
73.5561,0.000000
73.5661,0.000000
73.5761,0.009602
73.5861,0.011685
73.5961,0.005873
73.6061,0.014474
73.6161,0.000000
73.6261,0.008800
73.6361,0.000240
73.6461,0.002248
73.6561,0.000000
73.6661,0.000000
73.6761,0.000000
73.6861,0.005772
73.6961,0.008961
73.7061,0.000000
73.7161,0.000000
73.7261,0.000000
73.7361,0.009055
73.7461,0.001091
73.7561,0.000000
73.7661,0.015590
73.7761,0.011610
73.7861,0.000000
73.7961,0.000885
73.8062,0.000000
73.8162,0.002511
73.8262,0.000000
73.8362,0.003549
73.8462,0.012816
73.8562,0.000000
73.8662,0.000000
73.8762,0.035215
73.8862,0.020807
73.8962,0.000000
73.9062,0.000000
73.9162,0.000000
73.9262,0.008521
73.9362,0.000000
73.9462,0.011995
73.9562,0.018467
73.9662,0.000000
73.9762,0.000000
73.9862,0.022482
73.9962,0.000039
74.0062,0.001678
74.0162,0.000000
74.0262,0.003475
74.0362,0.000000
74.0462,0.000000
74.0562,0.024120
74.0662,0.031664
74.0762,0.018328
74.0862,0.015639
74.0962,0.031772
74.1062,0.000000
74.1162,0.000000
74.1262,0.000000
74.1362,0.005361
74.1462,0.000000
74.1562,0.000000
74.1662,0.000102
74.1762,0.000000
74.1862,0.015144
74.1962,0.000802
74.2062,0.000000
74.2162,0.006938
74.2262,0.028472
74.2362,0.000521
74.2462,0.017765
74.2562,0.000000
74.2662,0.010183
74.2762,0.000000
74.2862,0.000000
74.2962,0.000000
74.3062,0.008580
74.3162,0.000000
74.3262,0.000000
74.3362,0.008462
74.3462,0.007785
74.3562,0.002025
74.3662,0.016792
74.3762,0.000000
74.3862,0.005064
74.3962,0.000000
74.4062,0.000000
74.4162,0.006124
74.4262,0.040799
74.4362,0.013361
74.4462,0.009875
74.4562,0.013922
74.4662,0.000000
74.4762,0.005745
74.4862,0.016389
74.4962,0.001520
74.5062,0.000000
74.5162,0.000000
74.5262,0.000000
74.5362,0.000000
74.5462,0.017991
74.5562,0.027030
74.5662,0.034831
74.5762,0.000000
74.5862,0.000000
74.5962,0.000000
74.6062,0.000000
74.6162,0.000000
74.6262,0.000000
74.6362,0.015741
74.6462,0.000000
74.6562,0.018955
74.6662,0.024614
74.6762,0.005132
74.6862,0.022124
74.6962,0.000000
74.7062,0.000000
74.7162,0.003409
74.7262,0.004018
74.7362,0.025726
74.7462,0.000000
74.7562,0.000000
74.7662,0.000000
74.7762,0.000000
74.7862,0.000000
74.7962,0.000000
74.8062,0.000000
74.8162,0.026056
74.8262,0.000000
74.8362,0.014673
74.8462,0.022898
74.8562,0.000000
74.8662,0.004678
74.8762,0.010367
74.8862,0.007398
74.8962,0.001479
74.9062,0.000000
74.9162,0.011924
74.9262,0.000000
74.9362,0.000516
74.9462,0.003165
74.9562,0.015408
74.9662,0.034703
74.9762,0.000000
74.9862,0.000946
74.9962,0.000000
75.0063,0.026666
75.0163,0.000789
75.0263,0.000000
75.0363,0.000940
75.0463,0.001850
75.0563,0.000000
75.0663,0.021383
75.0763,0.011605
75.0863,0.014115
75.0963,0.000000
75.1063,0.000000
75.1163,0.000000
75.1263,0.014399
75.1363,0.009031
75.1463,0.000000
75.1563,0.012020
75.1663,0.000000
75.1763,0.000000
75.1863,0.002839
75.1963,0.000000
75.2063,0.000000
75.2163,0.027938
75.2263,0.024593
75.2363,0.041215
75.2463,0.008110
75.2563,0.011606
75.2663,0.000000
75.2763,0.000000
75.2863,0.015694
75.2963,0.024516
75.3063,0.014160
75.3163,0.000000
75.3263,0.007049
75.3363,0.000000
75.3463,0.000000
75.3563,0.029452
75.3663,0.000000
75.3763,0.039037
75.3863,0.009892
75.3963,0.000000
75.4063,0.001228
75.4163,0.000000
75.4263,0.000000
75.4363,0.001319
75.4463,0.000000
75.4563,0.000000
75.4663,0.000000
75.4763,0.000000
75.4863,0.000000
75.4963,0.000000
75.5063,0.030084
75.5163,0.007301
75.5263,0.010725
75.5363,0.000203
75.5463,0.009113
75.5563,0.021165
75.5663,0.007341
75.5763,0.029526
75.5863,0.000000
75.5963,0.010780
75.6063,0.012672
75.6163,0.000000
75.6263,0.000769
75.6363,0.000000
75.6463,0.000000
75.6563,0.000000
75.6663,0.000000
75.6763,0.000000
75.6863,0.009216
75.6963,0.000000
75.7063,0.033480
75.7163,0.010215
75.7263,0.000000
75.7363,0.011650
75.7463,0.017907
75.7563,0.006644
75.7663,0.000000
75.7763,0.040271
75.7863,0.011511
75.7963,0.000000
75.8063,0.003764
75.8163,0.000000
75.8263,0.000116
75.8363,0.000000
75.8463,0.000978
75.8563,0.000000
75.8663,0.000000
75.8763,0.006974
75.8863,0.000000
75.8963,0.000000
75.9063,0.014764
75.9163,0.000000
75.9263,0.000000
75.9363,0.000000
75.9463,0.000000
75.9563,0.002324
75.9663,0.011510
75.9763,0.000000
75.9863,0.010977
75.9963,0.001894
76.0063,0.000000
76.0163,0.003142
76.0263,0.021498
76.0363,0.000000
76.0463,0.036094
76.0563,0.000000
76.0663,0.000000
76.0763,0.002492
76.0863,0.014960
76.0963,0.000000
76.1063,0.005609
76.1163,0.038155
76.1263,0.003702
76.1363,0.053685
76.1463,0.022763
76.1563,0.000928
76.1663,0.005248
76.1763,0.000000
76.1863,0.004492
76.1963,0.010108
76.2064,0.000000
76.2164,0.000000
76.2264,0.023783
76.2364,0.017523
76.2464,0.000000
76.2564,0.003078
76.2664,0.018487
76.2764,0.016627
76.2864,0.000000
76.2964,0.017678
76.3064,0.000272
76.3164,0.006996
76.3264,0.000000
76.3364,0.000000
76.3464,0.000000
76.3564,0.009658
76.3664,0.000000
76.3764,0.011703
76.3864,0.019911
76.3964,0.000000
76.4064,0.000000
76.4164,0.000000
76.4264,0.000000
76.4364,0.000000
76.4464,0.010020
76.4564,0.000000
76.4664,0.000000
76.4764,0.000000
76.4864,0.000000
76.4964,0.016622
76.5064,0.001680
76.5164,0.017844
76.5264,0.000000
76.5364,0.009589
76.5464,0.000000
76.5564,0.000000
76.5664,0.024351
76.5764,0.000000
76.5864,0.008854
76.5964,0.000000
76.6064,0.000650
76.6164,0.000000
76.6264,0.000000
76.6364,0.006937
76.6464,0.019915
76.6564,0.000000
76.6664,0.000000
76.6764,0.000000
76.6864,0.000000
76.6964,0.000000
76.7064,0.000000
76.7164,0.000000
76.7264,0.000000
76.7364,0.000000
76.7464,0.009938
76.7564,0.015159
76.7664,0.000000
76.7764,0.000000
76.7864,0.007258
76.7964,0.000000
76.8064,0.000000
76.8164,0.021968
76.8264,0.008110
76.8364,0.002212
76.8464,0.002950
76.8564,0.015295
76.8664,0.000000
76.8764,0.000000
76.8864,0.000000
76.8964,0.000000
76.9064,0.000000
76.9164,0.001745
76.9264,0.000000
76.9364,0.000000
76.9464,0.029754
76.9564,0.016932
76.9664,0.000000
76.9764,0.001675
76.9864,0.024774
76.9964,0.000000
77.0064,0.000000
77.0164,0.004084
77.0264,0.007450
77.0364,0.008793
77.0464,0.014900
77.0564,0.000000
77.0664,0.000000
77.0764,0.000000
77.0864,0.010473
77.0964,0.000000
77.1064,0.000000
77.1164,0.002597
77.1264,0.000000
77.1364,0.000000
77.1464,0.001340
77.1564,0.000000
77.1664,0.030168
77.1764,0.001599
77.1864,0.010550
77.1964,0.000000
77.2064,0.000000
77.2164,0.000000
77.2264,0.019457
77.2364,0.013460
77.2464,0.000000
77.2564,0.000000
77.2664,0.000000
77.2764,0.019082
77.2864,0.000000
77.2964,0.014157
77.3064,0.007170
77.3164,0.002643
77.3264,0.000000
77.3364,0.021395
77.3464,0.002042
77.3564,0.000000
77.3664,0.000000
77.3764,0.000000
77.3864,0.021606
77.3964,0.025637
77.4065,0.019553
77.4165,0.000000
77.4265,0.000000
77.4365,0.000000
77.4465,0.000000
77.4565,0.000000
77.4665,0.024974
77.4765,0.024903
77.4865,0.000000
77.4965,0.000000
77.5065,0.000000
77.5165,0.021395
77.5265,0.004169
77.5365,0.000000
77.5465,0.000000
77.5565,0.000000
77.5665,0.000000
77.5765,0.037297
77.5865,0.030933
77.5965,0.000000
77.6065,0.000000
77.6165,0.003042
77.6265,0.000000
77.6365,0.011307
77.6465,0.015383
77.6565,0.000000
77.6665,0.023044
77.6765,0.000000
77.6865,0.010942
77.6965,0.000000
77.7065,0.016605
77.7165,0.000000
77.7265,0.013290
77.7365,0.000000
77.7465,0.001322
77.7565,0.022405
77.7665,0.000000
77.7765,0.000000
77.7865,0.000000
77.7965,0.000000
77.8065,0.000000
77.8165,0.001913
77.8265,0.002847
77.8365,0.008334
77.8465,0.000000
77.8565,0.000000
77.8665,0.000000
77.8765,0.000000
77.8865,0.000000
77.8965,0.000000
77.9065,0.005941
77.9165,0.000000
77.9265,0.000000
77.9365,0.000000
77.9465,0.000000
77.9565,0.021335
77.9665,0.000000
77.9765,0.000000
77.9865,0.000000
77.9965,0.000000
78.0065,0.000000
78.0165,0.031434
78.0265,0.010075
78.0365,0.012009
78.0465,0.000000
78.0565,0.007575
78.0665,0.000000
78.0765,0.014658
78.0865,0.003403
78.0965,0.000000
78.1065,0.000701
78.1165,0.026378
78.1265,0.003012
78.1365,0.000000
78.1465,0.006051
78.1565,0.008803
78.1665,0.000000
78.1765,0.000000
78.1865,0.000000
78.1965,0.001747
78.2065,0.000000
78.2165,0.000000
78.2265,0.000000
78.2365,0.017692
78.2465,0.027899
78.2565,0.000000
78.2665,0.000000
78.2765,0.000000
78.2865,0.008360
78.2965,0.001732
78.3065,0.000000
78.3165,0.001688
78.3265,0.000000
78.3365,0.028604
78.3465,0.000000
78.3565,0.004635
78.3665,0.009173
78.3765,0.007893
78.3865,0.000000
78.3965,0.024629
78.4065,0.000000
78.4165,0.000000
78.4265,0.011944
78.4365,0.000000
78.4465,0.000000
78.4565,0.000000
78.4665,0.000000
78.4765,0.011468
78.4865,0.016279
78.4965,0.001590
78.5065,0.018983
78.5165,0.000000
78.5265,0.001366
78.5365,0.024263
78.5465,0.017583
78.5565,0.025853
78.5665,0.000000
78.5765,0.016509
78.5865,0.000000
78.5965,0.010713
78.6066,0.023596
78.6166,0.000000
78.6266,0.000000
78.6366,0.033256
78.6466,0.008786
78.6566,0.000000
78.6666,0.000000
78.6766,0.000000
78.6866,0.003757
78.6966,0.000000
78.7066,0.000945
78.7166,0.000545
78.7266,0.000000
78.7366,0.008819
78.7466,0.003401
78.7566,0.005819
78.7666,0.000000
78.7766,0.000881
78.7866,0.003111
78.7966,0.004937
78.8066,0.008561
78.8166,0.005090
78.8266,0.033295
78.8366,0.000000
78.8466,0.000000
78.8566,0.030473
78.8666,0.000000
78.8766,0.016769
78.8866,0.002439
78.8966,0.000000
78.9066,0.017752
78.9166,0.009332
78.9266,0.000000
78.9366,0.003123
78.9466,0.000000
78.9566,0.022881
78.9666,0.031565
78.9766,0.033731
78.9866,0.006435
78.9966,0.000000
79.0066,0.005792
79.0166,0.000000
79.0266,0.042219
79.0366,0.021498
79.0466,0.005481
79.0566,0.017947
79.0666,0.000000
79.0766,0.000000
79.0866,0.000000
79.0966,0.001495
79.1066,0.000000
79.1166,0.009347
79.1266,0.000235
79.1366,0.008530
79.1466,0.014600
79.1566,0.000000
79.1666,0.015640
79.1766,0.000000
79.1866,0.009316
79.1966,0.018400
79.2066,0.018524
79.2166,0.002325
79.2266,0.003213
79.2366,0.016054
79.2466,0.000000
79.2566,0.000000
79.2666,0.000000
79.2766,0.000000
79.2866,0.000000
79.2966,0.000000
79.3066,0.001568
79.3166,0.000000
79.3266,0.019248
79.3366,0.010314
79.3466,0.000000
79.3566,0.000000
79.3666,0.000000
79.3766,0.000000
79.3866,0.045338
79.3966,0.000000
79.4066,0.000000
79.4166,0.000000
79.4266,0.004847
79.4366,0.004134
79.4466,0.000000
79.4566,0.016130
79.4666,0.006654
79.4766,0.016886
79.4866,0.021662
79.4966,0.000000
79.5066,0.012341
79.5166,0.000000
79.5266,0.004489
79.5366,0.000000
79.5466,0.000000
79.5566,0.000000
79.5666,0.018549
79.5766,0.000000
79.5866,0.013510
79.5966,0.000000
79.6066,0.000000
79.6166,0.032479
79.6266,0.042509
79.6366,0.000000
79.6466,0.000000
79.6566,0.000000
79.6666,0.040591
79.6766,0.000000
79.6866,0.019344
79.6966,0.005395
79.7066,0.000000
79.7166,0.000000
79.7266,0.000000
79.7366,0.041704
79.7466,0.004637
79.7566,0.018979
79.7666,0.000000
79.7766,0.000000
79.7866,0.014019
79.7966,0.000000
79.8067,0.000000
79.8167,0.000000
79.8267,0.014876
79.8367,0.007173
79.8467,0.012301
79.8567,0.015679
79.8667,0.000000
79.8767,0.018058
79.8867,0.000000
79.8967,0.011263
79.9067,0.000000
79.9167,0.000000
79.9267,0.041684
79.9367,0.010998
79.9467,0.011004
79.9567,0.000000
79.9667,0.000000
79.9767,0.000000
79.9867,0.000000
79.9967,0.034460
80.0067,0.018341
80.0167,0.001961
80.0267,0.001183
80.0367,0.013647
80.0467,0.000000
80.0567,0.000000
80.0667,0.013381
80.0767,0.001296
80.0867,0.000000
80.0967,0.000000
80.1067,0.016090
80.1167,0.000000
80.1267,0.007205
80.1367,0.000000
80.1467,0.000000
80.1567,0.000000
80.1667,0.000000
80.1767,0.010387
80.1867,0.000000
80.1967,0.000000
80.2067,0.010936
80.2167,0.012135
80.2267,0.000000
80.2367,0.000000
80.2467,0.000000
80.2567,0.000247
80.2667,0.025811
80.2767,0.006461
80.2867,0.038956
80.2967,0.003953
80.3067,0.000000
80.3167,0.000000
80.3267,0.002567
80.3367,0.005811
80.3467,0.000000
80.3567,0.000000
80.3667,0.000000
80.3767,0.018533
80.3867,0.000000
80.3967,0.002824
80.4067,0.000000
80.4167,0.007780
80.4267,0.000000
80.4367,0.000000
80.4467,0.016960
80.4567,0.000000
80.4667,0.000000
80.4767,0.012441
80.4867,0.024781
80.4967,0.000000
80.5067,0.000000
80.5167,0.019506
80.5267,0.020722
80.5367,0.023053
80.5467,0.046108
80.5567,0.000000
80.5667,0.006703
80.5767,0.000000
80.5867,0.000000
80.5967,0.000000
80.6067,0.000000
80.6167,0.000000
80.6267,0.000000
80.6367,0.007899
80.6467,0.000000
80.6567,0.000000
80.6667,0.015582
80.6767,0.000000
80.6867,0.000000
80.6967,0.000000
80.7067,0.020683
80.7167,0.004869
80.7267,0.000000
80.7367,0.000000
80.7467,0.045191
80.7567,0.035629
80.7667,0.025976
80.7767,0.000000
80.7867,0.000000
80.7967,0.007212
80.8067,0.000000
80.8167,0.000000
80.8267,0.026254
80.8367,0.000000
80.8467,0.000000
80.8567,0.017148
80.8667,0.000000
80.8767,0.000000
80.8867,0.000000
80.8967,0.000000
80.9067,0.003959
80.9167,0.003091
80.9267,0.022100
80.9367,0.000000
80.9467,0.000000
80.9567,0.022411
80.9667,0.017617
80.9767,0.000000
80.9867,0.005257
80.9967,0.000000
81.0068,0.000000
81.0168,0.039550
81.0268,0.000000
81.0368,0.005310
81.0468,0.000000
81.0568,0.013256
81.0668,0.000000
81.0768,0.030203
81.0868,0.032353
81.0968,0.010182
81.1068,0.002068
81.1168,0.000000
81.1268,0.000000
81.1368,0.007366
81.1468,0.001615
81.1568,0.017671
81.1668,0.000000
81.1768,0.027505
81.1868,0.000000
81.1968,0.000000
81.2068,0.006527
81.2168,0.007678
81.2268,0.000000
81.2368,0.000000
81.2468,0.000000
81.2568,0.000000
81.2668,0.000000
81.2768,0.005354
81.2868,0.000000
81.2968,0.000000
81.3068,0.023470
81.3168,0.037155
81.3268,0.000000
81.3368,0.018347
81.3468,0.006981
81.3568,0.000000
81.3668,0.000000
81.3768,0.000000
81.3868,0.005824
81.3968,0.000000
81.4068,0.002411
81.4168,0.046277
81.4268,0.028676
81.4368,0.000000
81.4468,0.000000
81.4568,0.023274
81.4668,0.000000
81.4768,0.017840
81.4868,0.049246
81.4968,0.012158
81.5068,0.021312
81.5168,0.019225
81.5268,0.000000
81.5368,0.005223
81.5468,0.000000
81.5568,0.023219
81.5668,0.000000
81.5768,0.012618
81.5868,0.020371
81.5968,0.000000
81.6068,0.000000
81.6168,0.000000
81.6268,0.000000
81.6368,0.002815
81.6468,0.000000
81.6568,0.000000
81.6668,0.009844
81.6768,0.011116
81.6868,0.000000
81.6968,0.000000
81.7068,0.021075
81.7168,0.000000
81.7268,0.037122
81.7368,0.000000
81.7468,0.002444
81.7568,0.000000
81.7668,0.004381
81.7768,0.062578
81.7868,0.000000
81.7968,0.022974
81.8068,0.001631
81.8168,0.021128
81.8268,0.000000
81.8368,0.035008
81.8468,0.006138
81.8568,0.000000
81.8668,0.016260
81.8768,0.002590
81.8868,0.000000
81.8968,0.000000
81.9068,0.032869
81.9168,0.000000
81.9268,0.000000
81.9368,0.000000
81.9468,0.026360
81.9568,0.000000
81.9668,0.011599
81.9768,0.000000
81.9868,0.000000
81.9968,0.016223
82.0068,0.019854
82.0168,0.000000
82.0268,0.000000
82.0368,0.001746
82.0468,0.008012
82.0568,0.035483
82.0668,0.000000
82.0768,0.000000
82.0868,0.000000
82.0968,0.000000
82.1068,0.000000
82.1168,0.002408
82.1268,0.009491
82.1368,0.000044
82.1468,0.000000
82.1568,0.000000
82.1668,0.004543
82.1768,0.003057
82.1868,0.008548
82.1968,0.005826
82.2069,0.007089
82.2169,0.023738
82.2269,0.010300
82.2369,0.008651
82.2469,0.000000
82.2569,0.018963
82.2669,0.000000
82.2769,0.001426
82.2869,0.000000
82.2969,0.037618
82.3069,0.000000
82.3169,0.026786
82.3269,0.007653
82.3369,0.000000
82.3469,0.036655
82.3569,0.009248
82.3669,0.000000
82.3769,0.000000
82.3869,0.009621
82.3969,0.030838
82.4069,0.000000
82.4169,0.000000
82.4269,0.026262
82.4369,0.008968
82.4469,0.000000
82.4569,0.006169
82.4669,0.008074
82.4769,0.000000
82.4869,0.000000
82.4969,0.000000
82.5069,0.000000
82.5169,0.006385
82.5269,0.014190
82.5369,0.000000
82.5469,0.004607
82.5569,0.008783
82.5669,0.003045
82.5769,0.000000
82.5869,0.025557
82.5969,0.024199
82.6069,0.000000
82.6169,0.000000
82.6269,0.013893
82.6369,0.023087
82.6469,0.000000
82.6569,0.000000
82.6669,0.004935
82.6769,0.000000
82.6869,0.000000
82.6969,0.000000
82.7069,0.007509
82.7169,0.027965
82.7269,0.000000
82.7369,0.000000
82.7469,0.002800
82.7569,0.000000
82.7669,0.000000
82.7769,0.006030
82.7869,0.000000
82.7969,0.000000
82.8069,0.000000
82.8169,0.005804
82.8269,0.000000
82.8369,0.000000
82.8469,0.000000
82.8569,0.000000
82.8669,0.014195
82.8769,0.000000
82.8869,0.030043
82.8969,0.000000
82.9069,0.017424
82.9169,0.014306
82.9269,0.000000
82.9369,0.000000
82.9469,0.000000
82.9569,0.000000
82.9669,0.000000
82.9769,0.002805
82.9869,0.000000
82.9969,0.000000
83.0069,0.000000
83.0169,0.000000
83.0269,0.000000
83.0369,0.000000
83.0469,0.002438
83.0569,0.000000
83.0669,0.000087
83.0769,0.000000
83.0869,0.000000
83.0969,0.036735
83.1069,0.000000
83.1169,0.000000
83.1269,0.006158
83.1369,0.000000
83.1469,0.004389
83.1569,0.000000
83.1669,0.009898
83.1769,0.000000
83.1869,0.000000
83.1969,0.020663
83.2069,0.000000
83.2169,0.000000
83.2269,0.000000
83.2369,0.000000
83.2469,0.000000
83.2569,0.000000
83.2669,0.017545
83.2769,0.000000
83.2869,0.000000
83.2969,0.000000
83.3069,0.000000
83.3169,0.016034
83.3269,0.021781
83.3369,0.000000
83.3469,0.029161
83.3569,0.000000
83.3669,0.000000
83.3769,0.008510
83.3869,0.010117
83.3969,0.000000
83.4070,0.000000
83.4170,0.021102
83.4270,0.000000
83.4370,0.000000
83.4470,0.030488
83.4570,0.000000
83.4670,0.000000
83.4770,0.018452
83.4870,0.009504
83.4970,0.016092
83.5070,0.000000
83.5170,0.005780
83.5270,0.000000
83.5370,0.040904
83.5470,0.014569
83.5570,0.000000
83.5670,0.005146
83.5770,0.000977
83.5870,0.012582
83.5970,0.000000
83.6070,0.024574
83.6170,0.000000
83.6270,0.003691
83.6370,0.000000
83.6470,0.000771
83.6570,0.017784
83.6670,0.000000
83.6770,0.000000
83.6870,0.000000
83.6970,0.000000
83.7070,0.000000
83.7170,0.002912
83.7270,0.000000
83.7370,0.013448
83.7470,0.022114
83.7570,0.000192
83.7670,0.016086
83.7770,0.024884
83.7870,0.000000
83.7970,0.025830
83.8070,0.000000
83.8170,0.000000
83.8270,0.005372
83.8370,0.000000
83.8470,0.000000
83.8570,0.000000
83.8670,0.029472
83.8770,0.005014
83.8870,0.026672
83.8970,0.000000
83.9070,0.000000
83.9170,0.000000
83.9270,0.017424
83.9370,0.007391
83.9470,0.000000
83.9570,0.000000
83.9670,0.020284
83.9770,0.000000
83.9870,0.000000
83.9970,0.000000
84.0070,0.000000
84.0170,0.009902
84.0270,0.000000
84.0370,0.001453
84.0470,0.017201
84.0570,0.000000
84.0670,0.018976
84.0770,0.024131
84.0870,0.016264
84.0970,0.000000
84.1070,0.000000
84.1170,0.006224
84.1270,0.000000
84.1370,0.000000
84.1470,0.000000
84.1570,0.045784
84.1670,0.000000
84.1770,0.019236
84.1870,0.000000
84.1970,0.030632
84.2070,0.000000
84.2170,0.000954
84.2270,0.000000
84.2370,0.020099
84.2470,0.023998
84.2570,0.000000
84.2670,0.021146
84.2770,0.000000
84.2870,0.011377
84.2970,0.000000
84.3070,0.024053
84.3170,0.004485
84.3270,0.016766
84.3370,0.022280
84.3470,0.000000
84.3570,0.000000
84.3670,0.000000
84.3770,0.000000
84.3870,0.034687
84.3970,0.013604
84.4070,0.000000
84.4170,0.029366
84.4270,0.007002
84.4370,0.014948
84.4470,0.008830
84.4570,0.007556
84.4670,0.000000
84.4770,0.019925
84.4870,0.000000
84.4970,0.018288
84.5070,0.001792
84.5170,0.015038
84.5270,0.002851
84.5370,0.018788
84.5470,0.000291
84.5570,0.005057
84.5670,0.007286
84.5770,0.033816
84.5870,0.010805
84.5970,0.000000
84.6071,0.000000
84.6171,0.010764
84.6271,0.022675
84.6371,0.000000
84.6471,0.040318
84.6571,0.003161
84.6671,0.007570
84.6771,0.000000
84.6871,0.020079
84.6971,0.000000
84.7071,0.000000
84.7171,0.000000
84.7271,0.024890
84.7371,0.008383
84.7471,0.000000
84.7571,0.000000
84.7671,0.025372
84.7771,0.000000
84.7871,0.010087
84.7971,0.014493
84.8071,0.000000
84.8171,0.022759
84.8271,0.000000
84.8371,0.000000
84.8471,0.027708
84.8571,0.026045
84.8671,0.008870
84.8771,0.013112
84.8871,0.017603
84.8971,0.025742
84.9071,0.028034
84.9171,0.001939
84.9271,0.000000
84.9371,0.000000
84.9471,0.002290
84.9571,0.000000
84.9671,0.000000
84.9771,0.007862
84.9871,0.000000
84.9971,0.001537
85.0071,0.002691
85.0171,0.002074
85.0271,0.015322
85.0371,0.012935
85.0471,0.040008
85.0571,0.000000
85.0671,0.005028
85.0771,0.003874
85.0871,0.003027
85.0971,0.000000
85.1071,0.000000
85.1171,0.000116
85.1271,0.000000
85.1371,0.000000
85.1471,0.000000
85.1571,0.000000
85.1671,0.020382
85.1771,0.000000
85.1871,0.015656
85.1971,0.000000
85.2071,0.000000
85.2171,0.008380
85.2271,0.000000
85.2371,0.000000
85.2471,0.000000
85.2571,0.000000
85.2671,0.006861
85.2771,0.000000
85.2871,0.015984
85.2971,0.011075
85.3071,0.028826
85.3171,0.039277
85.3271,0.016844
85.3371,0.000000
85.3471,0.039107
85.3571,0.000000
85.3671,0.000000
85.3771,0.049196
85.3871,0.054297
85.3971,0.044873
85.4071,0.093966
85.4171,0.170422
85.4271,0.187821
85.4371,0.233072
85.4471,0.323008
85.4571,0.309547
85.4671,0.257369
85.4771,0.236455
85.4871,0.240440
85.4971,0.199718
85.5071,0.155914
85.5171,0.133197
85.5271,0.169028
85.5371,0.174278
85.5471,0.147344
85.5571,0.150882
85.5671,0.142513
85.5771,0.141494
85.5871,0.110873
85.5971,0.104011
85.6071,0.090443
85.6171,0.079033
85.6271,0.048467
85.6371,0.091418
85.6471,0.057433
85.6571,0.050859
85.6671,0.043922
85.6771,0.024812
85.6871,0.043038
85.6971,0.049863
85.7071,0.024188
85.7171,0.052183
85.7271,0.023783
85.7371,0.000000
85.7471,0.049733
85.7571,0.026225
85.7671,0.036048
85.7771,0.034521
85.7871,0.000000
85.7971,0.005779
85.8072,0.032328
85.8172,0.045419
85.8272,0.012323
85.8372,0.000000
85.8472,0.039393
85.8572,0.000000
85.8672,0.013336
85.8772,0.000000
85.8872,0.010872
85.8972,0.000000
85.9072,0.000000
85.9172,0.000000
85.9272,0.015898
85.9372,0.006522
85.9472,0.019072
85.9572,0.000000
85.9672,0.000000
85.9772,0.013610
85.9872,0.017581
85.9972,0.000000
86.0072,0.007443
86.0172,0.000000
86.0272,0.017764
86.0372,0.034747
86.0472,0.000000
86.0572,0.000000
86.0672,0.005666
86.0772,0.000757
86.0872,0.017657
86.0972,0.002093
86.1072,0.000000
86.1172,0.000000
86.1272,0.000000
86.1372,0.000000
86.1472,0.000000
86.1572,0.007264
86.1672,0.000000
86.1772,0.000000
86.1872,0.000000
86.1972,0.000000
86.2072,0.000000
86.2172,0.000000
86.2272,0.012286
86.2372,0.024778
86.2472,0.000000
86.2572,0.020271
86.2672,0.012590
86.2772,0.003338
86.2872,0.027571
86.2972,0.000000
86.3072,0.007308
86.3172,0.002293
86.3272,0.000948
86.3372,0.008315
86.3472,0.000884
86.3572,0.008433
86.3672,0.000000
86.3772,0.000000
86.3872,0.000000
86.3972,0.000000
86.4072,0.018265
86.4172,0.000000
86.4272,0.011765
86.4372,0.004797
86.4472,0.000000
86.4572,0.023580
86.4672,0.013264
86.4772,0.000044
86.4872,0.000000
86.4972,0.001697
86.5072,0.000000
86.5172,0.000000
86.5272,0.008333
86.5372,0.000000
86.5472,0.000000
86.5572,0.000000
86.5672,0.052271
86.5772,0.012132
86.5872,0.019756
86.5972,0.000000
86.6072,0.006520
86.6172,0.000000
86.6272,0.000000
86.6372,0.009099
86.6472,0.000000
86.6572,0.007078
86.6672,0.008571
86.6772,0.000000
86.6872,0.000000
86.6972,0.000000
86.7072,0.000000
86.7172,0.000000
86.7272,0.009174
86.7372,0.000000
86.7472,0.028839
86.7572,0.028708
86.7672,0.004252
86.7772,0.000000
86.7872,0.000000
86.7972,0.005702
86.8072,0.008851
86.8172,0.000000
86.8272,0.000000
86.8372,0.006350
86.8472,0.001243
86.8572,0.000000
86.8672,0.002035
86.8772,0.000000
86.8872,0.000000
86.8972,0.000000
86.9072,0.000000
86.9172,0.000000
86.9272,0.018823
86.9372,0.000000
86.9472,0.033181
86.9572,0.011280
86.9672,0.000000
86.9772,0.020876
86.9872,0.000000
86.9972,0.035520
87.0073,0.004072
87.0173,0.009766
87.0273,0.000557
87.0373,0.004786
87.0473,0.000000
87.0573,0.000000
87.0673,0.006114
87.0773,0.018446
87.0873,0.000000
87.0973,0.027729
87.1073,0.010820
87.1173,0.000000
87.1273,0.000000
87.1373,0.033555
87.1473,0.016897
87.1573,0.020521
87.1673,0.000000
87.1773,0.009999
87.1873,0.006289
87.1973,0.000000
87.2073,0.001967
87.2173,0.019981
87.2273,0.028793
87.2373,0.000000
87.2473,0.000000
87.2573,0.029585
87.2673,0.029811
87.2773,0.007207
87.2873,0.032267
87.2973,0.005897
87.3073,0.000000
87.3173,0.000000
87.3273,0.000000
87.3373,0.000082
87.3473,0.000000
87.3573,0.000000
87.3673,0.000000
87.3773,0.015443
87.3873,0.000000
87.3973,0.000000
87.4073,0.000000
87.4173,0.016577
87.4273,0.000000
87.4373,0.005038
87.4473,0.027954
87.4573,0.051179
87.4673,0.011527
87.4773,0.009744
87.4873,0.000000
87.4973,0.006633
87.5073,0.001116
87.5173,0.016060
87.5273,0.000000
87.5373,0.003613
87.5473,0.010894
87.5573,0.034174
87.5673,0.028148
87.5773,0.022789
87.5873,0.013088
87.5973,0.000000
87.6073,0.013078
87.6173,0.000000
87.6273,0.000000
87.6373,0.032011
87.6473,0.009684
87.6573,0.004086
87.6673,0.006403
87.6773,0.000000
87.6873,0.000000
87.6973,0.000000
87.7073,0.011110
87.7173,0.000000
87.7273,0.000000
87.7373,0.000000
87.7473,0.000000
87.7573,0.000000
87.7673,0.016629
87.7773,0.020238
87.7873,0.000000
87.7973,0.005521
87.8073,0.000000
87.8173,0.001015
87.8273,0.017160
87.8373,0.000000
87.8473,0.023682
87.8573,0.015065
87.8673,0.004344
87.8773,0.000000
87.8873,0.000000
87.8973,0.000000
87.9073,0.000000
87.9173,0.017909
87.9273,0.027246
87.9373,0.000000
87.9473,0.001227
87.9573,0.000000
87.9673,0.000000
87.9773,0.004677
87.9873,0.000000
87.9973,0.000000
88.0073,0.030940
88.0173,0.000000
88.0273,0.000000
88.0373,0.002305
88.0473,0.000000
88.0573,0.007593
88.0673,0.000000
88.0773,0.005657
88.0873,0.016985
88.0973,0.000000
88.1073,0.000000
88.1173,0.015107
88.1273,0.000000
88.1373,0.000000
88.1473,0.000000
88.1573,0.000000
88.1673,0.000000
88.1773,0.000000
88.1873,0.008266
88.1973,0.019121
88.2074,0.000000
88.2174,0.017090
88.2274,0.000000
88.2374,0.000000
88.2474,0.007393
88.2574,0.007693
88.2674,0.000000
88.2774,0.012179
88.2874,0.000000
88.2974,0.000000
88.3074,0.017367
88.3174,0.017318
88.3274,0.015048
88.3374,0.018373
88.3474,0.000000
88.3574,0.000000
88.3674,0.000000
88.3774,0.011448
88.3874,0.014390
88.3974,0.000000
88.4074,0.000000
88.4174,0.000000
88.4274,0.000000
88.4374,0.000000
88.4474,0.000000
88.4574,0.000862
88.4674,0.000000
88.4774,0.000000
88.4874,0.000000
88.4974,0.000000
88.5074,0.000000
88.5174,0.012699
88.5274,0.000000
88.5374,0.057003
88.5474,0.000000
88.5574,0.007882
88.5674,0.000000
88.5774,0.000000
88.5874,0.028123
88.5974,0.017956
88.6074,0.000000
88.6174,0.000000
88.6274,0.000000
88.6374,0.000000
88.6474,0.000000
88.6574,0.002084
88.6674,0.000000
88.6774,0.002282
88.6874,0.013140
88.6974,0.015709
88.7074,0.000000
88.7174,0.027195
88.7274,0.005969
88.7374,0.015225
88.7474,0.000000
88.7574,0.027389
88.7674,0.000000
88.7774,0.028382
88.7874,0.024447
88.7974,0.004637
88.8074,0.007302
88.8174,0.000000
88.8274,0.000000
88.8374,0.010714
88.8474,0.009793
88.8574,0.000000
88.8674,0.000000
88.8774,0.015624
88.8874,0.026383
88.8974,0.013056
88.9074,0.000000
88.9174,0.000000
88.9274,0.000000
88.9374,0.025179
88.9474,0.000000
88.9574,0.019055
88.9674,0.000000
88.9774,0.009587
88.9874,0.000000
88.9974,0.000000
89.0074,0.000000
89.0174,0.025976
89.0274,0.000000
89.0374,0.000000
89.0474,0.000000
89.0574,0.000000
89.0674,0.000000
89.0774,0.011677
89.0874,0.000000
89.0974,0.020987
89.1074,0.000000
89.1174,0.018477
89.1274,0.000000
89.1374,0.000000
89.1474,0.000000
89.1574,0.000000
89.1674,0.000000
89.1774,0.007446
89.1874,0.000000
89.1974,0.002552
89.2074,0.009496
89.2174,0.000000
89.2274,0.010259
89.2374,0.000000
89.2474,0.000000
89.2574,0.000000
89.2674,0.011782
89.2774,0.000000
89.2874,0.000000
89.2974,0.000000
89.3074,0.000000
89.3174,0.000000
89.3274,0.014614
89.3374,0.000000
89.3474,0.017384
89.3574,0.006828
89.3674,0.000000
89.3774,0.000000
89.3874,0.027191
89.3974,0.022094
89.4075,0.014833
89.4175,0.017199
89.4275,0.008372
89.4375,0.006032
89.4475,0.000895
89.4575,0.030579
89.4675,0.000000
89.4775,0.004325
89.4875,0.000000
89.4975,0.000000
89.5075,0.032673
89.5175,0.011102
89.5275,0.000000
89.5375,0.001410
89.5475,0.000000
89.5575,0.000000
89.5675,0.000000
89.5775,0.000000
89.5875,0.012246
89.5975,0.008159
89.6075,0.028604
89.6175,0.005305
89.6275,0.000000
89.6375,0.035112
89.6475,0.000000
89.6575,0.002918
89.6675,0.001833
89.6775,0.004336
89.6875,0.000865
89.6975,0.001182
89.7075,0.000000
89.7175,0.046566
89.7275,0.011726
89.7375,0.000934
89.7475,0.033154
89.7575,0.000000
89.7675,0.015631
89.7775,0.000000
89.7875,0.007242
89.7975,0.007640
89.8075,0.000000
89.8175,0.000000
89.8275,0.028556
89.8375,0.000000
89.8475,0.036028
89.8575,0.023582
89.8675,0.000000
89.8775,0.000000
89.8875,0.029671
89.8975,0.037854
89.9075,0.000000
89.9175,0.027687
89.9275,0.018540
89.9375,0.021646
89.9475,0.001821
89.9575,0.000000
89.9675,0.000000
89.9775,0.000000
89.9875,0.034396
89.9975,0.000197
90.0075,0.000000
90.0175,0.018044
90.0275,0.000000
90.0375,0.000000
90.0475,0.037224
90.0575,0.000000
90.0675,0.004231
90.0775,0.000000
90.0875,0.000000
90.0975,0.000000
90.1075,0.001073
90.1175,0.000000
90.1275,0.010645
90.1375,0.000000
90.1475,0.000000
90.1575,0.000000
90.1675,0.025753
90.1775,0.013242
90.1875,0.000000
90.1975,0.000000
90.2075,0.000000
90.2175,0.020472
90.2275,0.016365
90.2375,0.018838
90.2475,0.000000
90.2575,0.014508
90.2675,0.018489
90.2775,0.000000
90.2875,0.000000
90.2975,0.000000
90.3075,0.007671
90.3175,0.010066
90.3275,0.000000
90.3375,0.000000
90.3475,0.000000
90.3575,0.014242
90.3675,0.000000
90.3775,0.000000
90.3875,0.000000
90.3975,0.000000
90.4075,0.005675
90.4175,0.000000
90.4275,0.016362
90.4375,0.026328
90.4475,0.007448
90.4575,0.020210
90.4675,0.000000
90.4775,0.000000
90.4875,0.009263
90.4975,0.000000
90.5075,0.000000
90.5175,0.025651
90.5275,0.005378
90.5375,0.012639
90.5475,0.000000
90.5575,0.030238
90.5675,0.000000
90.5775,0.018343
90.5875,0.000000
90.5975,0.003036
90.6076,0.010041
90.6176,0.035917
90.6276,0.000000
90.6376,0.003646
90.6476,0.010653
90.6576,0.000000
90.6676,0.000000
90.6776,0.000000
90.6876,0.017409
90.6976,0.030895
90.7076,0.000000
90.7176,0.000000
90.7276,0.027625
90.7376,0.000000
90.7476,0.000000
90.7576,0.026264
90.7676,0.023305
90.7776,0.016813
90.7876,0.000000
90.7976,0.000000
90.8076,0.020169
90.8176,0.005722
90.8276,0.000000
90.8376,0.000000
90.8476,0.019998
90.8576,0.027497
90.8676,0.000000
90.8776,0.000000
90.8876,0.000000
90.8976,0.024175
90.9076,0.023824
90.9176,0.003497
90.9276,0.000000
90.9376,0.019490
90.9476,0.029213
90.9576,0.000000
90.9676,0.000000
90.9776,0.020807
90.9876,0.001326
90.9976,0.000000
91.0076,0.003333
91.0176,0.006673
91.0276,0.000000
91.0376,0.001634
91.0476,0.006612
91.0576,0.000000
91.0676,0.000000
91.0776,0.000000
91.0876,0.000000
91.0976,0.015311
91.1076,0.000000
91.1176,0.003403
91.1276,0.000000
91.1376,0.000000
91.1476,0.024684
91.1576,0.000000
91.1676,0.000000
91.1776,0.000000
91.1876,0.006103
91.1976,0.014879
91.2076,0.022874
91.2176,0.000000
91.2276,0.000000
91.2376,0.002357
91.2476,0.003008
91.2576,0.000000
91.2676,0.026323
91.2776,0.000400
91.2876,0.009625
91.2976,0.007640
91.3076,0.007271
91.3176,0.000000
91.3276,0.000000
91.3376,0.041053
91.3476,0.028569
91.3576,0.002826
91.3676,0.000000
91.3776,0.000000
91.3876,0.000000
91.3976,0.000000
91.4076,0.000000
91.4176,0.000000
91.4276,0.011204
91.4376,0.000000
91.4476,0.004908
91.4576,0.000000
91.4676,0.000000
91.4776,0.030134
91.4876,0.013461
91.4976,0.000000
91.5076,0.009311
91.5176,0.000000
91.5276,0.000000
91.5376,0.023896
91.5476,0.006327
91.5576,0.004882
91.5676,0.017765
91.5776,0.011003
91.5876,0.000000
91.5976,0.016855
91.6076,0.000000
91.6176,0.000000
91.6276,0.000000
91.6376,0.009859
91.6476,0.000000
91.6576,0.000000
91.6676,0.000000
91.6776,0.000000
91.6876,0.000000
91.6976,0.000000
91.7076,0.000000
91.7176,0.002408
91.7276,0.023441
91.7376,0.002409
91.7476,0.023681
91.7576,0.000000
91.7676,0.007982
91.7776,0.024337
91.7876,0.000000
91.7976,0.000468
91.8077,0.000000
91.8177,0.010665
91.8277,0.016241
91.8377,0.006323
91.8477,0.000000
91.8577,0.000000
91.8677,0.000000
91.8777,0.000000
91.8877,0.004248
91.8977,0.002102
91.9077,0.028303
91.9177,0.000000
91.9277,0.000000
91.9377,0.000000
91.9477,0.000000
91.9577,0.019476
91.9677,0.000000
91.9777,0.000000
91.9877,0.007450
91.9977,0.015288
92.0077,0.000000
92.0177,0.000000
92.0277,0.000000
92.0377,0.011833
92.0477,0.002578
92.0577,0.000000
92.0677,0.013310
92.0777,0.002237
92.0877,0.000000
92.0977,0.000000
92.1077,0.000000
92.1177,0.035225
92.1277,0.000000
92.1377,0.000000
92.1477,0.000000
92.1577,0.002144
92.1677,0.015900
92.1777,0.011180
92.1877,0.000000
92.1977,0.022888
92.2077,0.014664
92.2177,0.000000
92.2277,0.000000
92.2377,0.010812
92.2477,0.019345
92.2577,0.000000
92.2677,0.001268
92.2777,0.000000
92.2877,0.000000
92.2977,0.000000
92.3077,0.018979
92.3177,0.009624
92.3277,0.037919
92.3377,0.000000
92.3477,0.002468
92.3577,0.005575
92.3677,0.016130
92.3777,0.024451
92.3877,0.001685
92.3977,0.000000
92.4077,0.000000
92.4177,0.002569
92.4277,0.020210
92.4377,0.000000
92.4477,0.000000
92.4577,0.013629
92.4677,0.000000
92.4777,0.000000
92.4877,0.020458
92.4977,0.000000
92.5077,0.000000
92.5177,0.024629
92.5277,0.000000
92.5377,0.000000
92.5477,0.029326
92.5577,0.004200
92.5677,0.012235
92.5777,0.000000
92.5877,0.000000
92.5977,0.000000
92.6077,0.005726
92.6177,0.014965
92.6277,0.003528
92.6377,0.019096
92.6477,0.011923
92.6577,0.000000
92.6677,0.000000
92.6777,0.000000
92.6877,0.013562
92.6977,0.008309
92.7077,0.002293
92.7177,0.018245
92.7277,0.000000
92.7377,0.000000
92.7477,0.000000
92.7577,0.004531
92.7677,0.009951
92.7777,0.000000
92.7877,0.000000
92.7977,0.007322
92.8077,0.002305
92.8177,0.000000
92.8277,0.000000
92.8377,0.006732
92.8477,0.029758
92.8577,0.000000
92.8677,0.014222
92.8777,0.000000
92.8877,0.000000
92.8977,0.000000
92.9077,0.010890
92.9177,0.002338
92.9277,0.000000
92.9377,0.008241
92.9477,0.000735
92.9577,0.001989
92.9677,0.000000
92.9777,0.000000
92.9877,0.030444
92.9977,0.025208
93.0078,0.028623
93.0178,0.000000
93.0278,0.000000
93.0378,0.000000
93.0478,0.019334
93.0578,0.000000
93.0678,0.000000
93.0778,0.006550
93.0878,0.000000
93.0978,0.000000
93.1078,0.002326
93.1178,0.000000
93.1278,0.000000
93.1378,0.000000
93.1478,0.000000
93.1578,0.000000
93.1678,0.000000
93.1778,0.000000
93.1878,0.000698
93.1978,0.012628
93.2078,0.000000
93.2178,0.000000
93.2278,0.000000
93.2378,0.000000
93.2478,0.021310
93.2578,0.000000
93.2678,0.000000
93.2778,0.006714
93.2878,0.000000
93.2978,0.016559
93.3078,0.018911
93.3178,0.002530
93.3278,0.008320
93.3378,0.000000
93.3478,0.015539
93.3578,0.000000
93.3678,0.000000
93.3778,0.000491
93.3878,0.000000
93.3978,0.019244
93.4078,0.039388
93.4178,0.000000
93.4278,0.008466
93.4378,0.000000
93.4478,0.018575
93.4578,0.000000
93.4678,0.056612
93.4778,0.000000
93.4878,0.038654
93.4978,0.017842
93.5078,0.000000
93.5178,0.041750
93.5278,0.000000
93.5378,0.000000
93.5478,0.000000
93.5578,0.000000
93.5678,0.000000
93.5778,0.014941
93.5878,0.043890
93.5978,0.000000
93.6078,0.000000
93.6178,0.011673
93.6278,0.000000
93.6378,0.032732
93.6478,0.000000
93.6578,0.000000
93.6678,0.000000
93.6778,0.011212
93.6878,0.000000
93.6978,0.026419
93.7078,0.000000
93.7178,0.025463
93.7278,0.000000
93.7378,0.000000
93.7478,0.014925
93.7578,0.000000
93.7678,0.000000
93.7778,0.000000
93.7878,0.000000
93.7978,0.011442
93.8078,0.000000
93.8178,0.000000
93.8278,0.014230
93.8378,0.021148
93.8478,0.000000
93.8578,0.018058
93.8678,0.000000
93.8778,0.010390
93.8878,0.002912
93.8978,0.000000
93.9078,0.036955
93.9178,0.004190
93.9278,0.000000
93.9378,0.000353
93.9478,0.000000
93.9578,0.000000
93.9678,0.000000
93.9778,0.000000
93.9878,0.000000
93.9978,0.022520
94.0078,0.000000
94.0178,0.000000
94.0278,0.000000
94.0378,0.000000
94.0478,0.018494
94.0578,0.004647
94.0678,0.012426
94.0778,0.018331
94.0878,0.000000
94.0978,0.026500
94.1078,0.000000
94.1178,0.000000
94.1278,0.006725
94.1378,0.002602
94.1478,0.002573
94.1578,0.018276
94.1678,0.001912
94.1778,0.005635
94.1878,0.024473
94.1978,0.004800
94.2079,0.008897
94.2179,0.000000
94.2279,0.066945
94.2379,0.000000
94.2479,0.000000
94.2579,0.000000
94.2679,0.037944
94.2779,0.000000
94.2879,0.007954
94.2979,0.000000
94.3079,0.000000
94.3179,0.010266
94.3279,0.000000
94.3379,0.003737
94.3479,0.011280
94.3579,0.034322
94.3679,0.000000
94.3779,0.000000
94.3879,0.000000
94.3979,0.000017
94.4079,0.046238
94.4179,0.000000
94.4279,0.000000
94.4379,0.000000
94.4479,0.000000
94.4579,0.000000
94.4679,0.000000
94.4779,0.000000
94.4879,0.038871
94.4979,0.005729
94.5079,0.000000
94.5179,0.038297
94.5279,0.000000
94.5379,0.010843
94.5479,0.000000
94.5579,0.013514
94.5679,0.000000
94.5779,0.008468
94.5879,0.035158
94.5979,0.001682
94.6079,0.000000
94.6179,0.000644
94.6279,0.008648
94.6379,0.016218
94.6479,0.026525
94.6579,0.027442
94.6679,0.000000
94.6779,0.000000
94.6879,0.000000
94.6979,0.000000
94.7079,0.008578
94.7179,0.000000
94.7279,0.000000
94.7379,0.010121
94.7479,0.000000
94.7579,0.006660
94.7679,0.000000
94.7779,0.005180
94.7879,0.000000
94.7979,0.000000
94.8079,0.017207
94.8179,0.000000
94.8279,0.000000
94.8379,0.000000
94.8479,0.009801
94.8579,0.005997
94.8679,0.009758
94.8779,0.000000
94.8879,0.000000
94.8979,0.007507
94.9079,0.027814
94.9179,0.005518
94.9279,0.000000
94.9379,0.004822
94.9479,0.000000
94.9579,0.000000
94.9679,0.000000
94.9779,0.000000
94.9879,0.000320
94.9979,0.000000
95.0079,0.015915
95.0179,0.000000
95.0279,0.000000
95.0379,0.000000
95.0479,0.000000
95.0579,0.000000
95.0679,0.000000
95.0779,0.000000
95.0879,0.000000
95.0979,0.002217
95.1079,0.000000
95.1179,0.000000
95.1279,0.011249
95.1379,0.027813
95.1479,0.000000
95.1579,0.004832
95.1679,0.004984
95.1779,0.000000
95.1879,0.015996
95.1979,0.022318
95.2079,0.033062
95.2179,0.000000
95.2279,0.000000
95.2379,0.024454
95.2479,0.008980
95.2579,0.015744
95.2679,0.000000
95.2779,0.004888
95.2879,0.000000
95.2979,0.000000
95.3079,0.000000
95.3179,0.042184
95.3279,0.009875
95.3379,0.000000
95.3479,0.000000
95.3579,0.006627
95.3679,0.000000
95.3779,0.000000
95.3879,0.011889
95.3979,0.000000
95.4080,0.010358
95.4180,0.000000
95.4280,0.000000
95.4380,0.017211
95.4480,0.008805
95.4580,0.000566
95.4680,0.000000
95.4780,0.001630
95.4880,0.000000
95.4980,0.000000
95.5080,0.010245
95.5180,0.027542
95.5280,0.010876
95.5380,0.004575
95.5480,0.000000
95.5580,0.015789
95.5680,0.008665
95.5780,0.013683
95.5880,0.018610
95.5980,0.028548
95.6080,0.000000
95.6180,0.000000
95.6280,0.002667
95.6380,0.000000
95.6480,0.000000
95.6580,0.021962
95.6680,0.000000
95.6780,0.000000
95.6880,0.000000
95.6980,0.001135
95.7080,0.021291
95.7180,0.021836
95.7280,0.018810
95.7380,0.000000
95.7480,0.020007
95.7580,0.007741
95.7680,0.000000
95.7780,0.006871
95.7880,0.015942
95.7980,0.000000
95.8080,0.000000
95.8180,0.000000
95.8280,0.000000
95.8380,0.000000
95.8480,0.000000
95.8580,0.017856
95.8680,0.017517
95.8780,0.005779
95.8880,0.003245
95.8980,0.037575
95.9080,0.000000
95.9180,0.004339
95.9280,0.000000
95.9380,0.000000
95.9480,0.021328
95.9580,0.000000
95.9680,0.012507
95.9780,0.000000
95.9880,0.022439
95.9980,0.000000
96.0080,0.020950
96.0180,0.016096
96.0280,0.000000
96.0380,0.000000
96.0480,0.018375
96.0580,0.029472
96.0680,0.012879
96.0780,0.000000
96.0880,0.000000
96.0980,0.010200
96.1080,0.000000
96.1180,0.000000
96.1280,0.000000
96.1380,0.015872
96.1480,0.032516
96.1580,0.018484
96.1680,0.000172
96.1780,0.000000
96.1880,0.012017
96.1980,0.029978
96.2080,0.018064
96.2180,0.003739
96.2280,0.000000
96.2380,0.006213
96.2480,0.020782
96.2580,0.004182
96.2680,0.000000
96.2780,0.000000
96.2880,0.046610
96.2980,0.000000
96.3080,0.000000
96.3180,0.002954
96.3280,0.000000
96.3380,0.018419
96.3480,0.019028
96.3580,0.000000
96.3680,0.000000
96.3780,0.000000
96.3880,0.014121
96.3980,0.007710
96.4080,0.000000
96.4180,0.003895
96.4280,0.000000
96.4380,0.000000
96.4480,0.000000
96.4580,0.002619
96.4680,0.002550
96.4780,0.000000
96.4880,0.007582
96.4980,0.019028
96.5080,0.000000
96.5180,0.000000
96.5280,0.009245
96.5380,0.000000
96.5480,0.000000
96.5580,0.000000
96.5680,0.000000
96.5780,0.000000
96.5880,0.000000
96.5980,0.028188
96.6081,0.000000
96.6181,0.000000
96.6281,0.001640
96.6381,0.031460
96.6481,0.000000
96.6581,0.000000
96.6681,0.000000
96.6781,0.010515
96.6881,0.000000
96.6981,0.000000
96.7081,0.000000
96.7181,0.000000
96.7281,0.009641
96.7381,0.000000
96.7481,0.000000
96.7581,0.000809
96.7681,0.000000
96.7781,0.000000
96.7881,0.008410
96.7981,0.000000
96.8081,0.005516
96.8181,0.000000
96.8281,0.000000
96.8381,0.000000
96.8481,0.024578
96.8581,0.000000
96.8681,0.000000
96.8781,0.000000
96.8881,0.021009
96.8981,0.035063
96.9081,0.000000
96.9181,0.009708
96.9281,0.000000
96.9381,0.000000
96.9481,0.004919
96.9581,0.000000
96.9681,0.000000
96.9781,0.008114
96.9881,0.000000
96.9981,0.008233
97.0081,0.000000
97.0181,0.001684
97.0281,0.024159
97.0381,0.000000
97.0481,0.000000
97.0581,0.000000
97.0681,0.007029
97.0781,0.016704
97.0881,0.000000
97.0981,0.000000
97.1081,0.000000
97.1181,0.002233
97.1281,0.000000
97.1381,0.000000
97.1481,0.029095
97.1581,0.000000
97.1681,0.000000
97.1781,0.004164
97.1881,0.000000
97.1981,0.000000
97.2081,0.004908
97.2181,0.004606
97.2281,0.000000
97.2381,0.000000
97.2481,0.000892
97.2581,0.003007
97.2681,0.008699
97.2781,0.000000
97.2881,0.006247
97.2981,0.017106
97.3081,0.000843
97.3181,0.000000
97.3281,0.000000
97.3381,0.000000
97.3481,0.000000
97.3581,0.000000
97.3681,0.008114
97.3781,0.000000
97.3881,0.000000
97.3981,0.000000
97.4081,0.032001
97.4181,0.013010
97.4281,0.012718
97.4381,0.016561
97.4481,0.000000
97.4581,0.024782
97.4681,0.002865
97.4781,0.000000
97.4881,0.000000
97.4981,0.000000
97.5081,0.000000
97.5181,0.000000
97.5281,0.000000
97.5381,0.000000
97.5481,0.000000
97.5581,0.012665
97.5681,0.010666
97.5781,0.030416
97.5881,0.029906
97.5981,0.002812
97.6081,0.018421
97.6181,0.004704
97.6281,0.000000
97.6381,0.000000
97.6481,0.011501
97.6581,0.073583
97.6681,0.021004
97.6781,0.004435
97.6881,0.008708
97.6981,0.008548
97.7081,0.000000
97.7181,0.013616
97.7281,0.000000
97.7381,0.000000
97.7481,0.008670
97.7581,0.011076
97.7681,0.000000
97.7781,0.005577
97.7881,0.017296
97.7981,0.000000
97.8082,0.000000
97.8182,0.000000
97.8282,0.000000
97.8382,0.027628
97.8482,0.000000
97.8582,0.006470
97.8682,0.000000
97.8782,0.000000
97.8882,0.000000
97.8982,0.001805
97.9082,0.000000
97.9182,0.022926
97.9282,0.000000
97.9382,0.000000
97.9482,0.000000
97.9582,0.006679
97.9682,0.026836
97.9782,0.000000
97.9882,0.005001
97.9982,0.000000
98.0082,0.022018
98.0182,0.000000
98.0282,0.000000
98.0382,0.000000
98.0482,0.014650
98.0582,0.000000
98.0682,0.005009
98.0782,0.000000
98.0882,0.000000
98.0982,0.000000
98.1082,0.000000
98.1182,0.000000
98.1282,0.010295
98.1382,0.000000
98.1482,0.007582
98.1582,0.000000
98.1682,0.011002
98.1782,0.007469
98.1882,0.000000
98.1982,0.000000
98.2082,0.017202
98.2182,0.000000
98.2282,0.009014
98.2382,0.000560
98.2482,0.000000
98.2582,0.007730
98.2682,0.024622
98.2782,0.011259
98.2882,0.002327
98.2982,0.029187
98.3082,0.000000
98.3182,0.000000
98.3282,0.000000
98.3382,0.025548
98.3482,0.016971
98.3582,0.000000
98.3682,0.000000
98.3782,0.000000
98.3882,0.000000
98.3982,0.016233
98.4082,0.017562
98.4182,0.004824
98.4282,0.000000
98.4382,0.000000
98.4482,0.012299
98.4582,0.042251
98.4682,0.000000
98.4782,0.028599
98.4882,0.004393
98.4982,0.014765
98.5082,0.003333
98.5182,0.025275
98.5282,0.005934
98.5382,0.000000
98.5482,0.008102
98.5582,0.020282
98.5682,0.000004
98.5782,0.000000
98.5882,0.000000
98.5982,0.001765
98.6082,0.000000
98.6182,0.000000
98.6282,0.023814
98.6382,0.000000
98.6482,0.001692
98.6582,0.001944
98.6682,0.037707
98.6782,0.000000
98.6882,0.016727
98.6982,0.037701
98.7082,0.075821
98.7182,0.152109
98.7282,0.151136
98.7382,0.212197
98.7482,0.291475
98.7582,0.335594
98.7682,0.307760
98.7782,0.294032
98.7882,0.294763
98.7982,0.270630
98.8082,0.233237
98.8182,0.235114
98.8282,0.215300
98.8382,0.210628
98.8482,0.182951
98.8582,0.154157
98.8682,0.175791
98.8782,0.161947
98.8882,0.166528
98.8982,0.106931
98.9082,0.119509
98.9182,0.107351
98.9282,0.095646
98.9382,0.066862
98.9482,0.067756
98.9582,0.084676
98.9682,0.064157
98.9782,0.052093
98.9882,0.086978
98.9982,0.098647
99.0083,0.049998
99.0183,0.019450
99.0283,0.049459
99.0383,0.000959
99.0483,0.010681
99.0583,0.039213
99.0683,0.003916
99.0783,0.020806
99.0883,0.000000
99.0983,0.022458
99.1083,0.039628
99.1183,0.006527
99.1283,0.015527
99.1383,0.000000
99.1483,0.000000
99.1583,0.000000
99.1683,0.024717
99.1783,0.000000
99.1883,0.002635
99.1983,0.015143
99.2083,0.023380
99.2183,0.014247
99.2283,0.004386
99.2383,0.000000
99.2483,0.021281
99.2583,0.000000
99.2683,0.000000
99.2783,0.027729
99.2883,0.009533
99.2983,0.009866
99.3083,0.013247
99.3183,0.000520
99.3283,0.000000
99.3383,0.006327
99.3483,0.001298
99.3583,0.000000
99.3683,0.000000
99.3783,0.000349
99.3883,0.000000
99.3983,0.000000
99.4083,0.000000
99.4183,0.000000
99.4283,0.007950
99.4383,0.011827
99.4483,0.000000
99.4583,0.016168
99.4683,0.000000
99.4783,0.031974
99.4883,0.000000
99.4983,0.000000
99.5083,0.015308
99.5183,0.007933
99.5283,0.021875
99.5383,0.005794
99.5483,0.042319
99.5583,0.000000
99.5683,0.018994
99.5783,0.000000
99.5883,0.008982
99.5983,0.012322
99.6083,0.015092
99.6183,0.014069
99.6283,0.000000
99.6383,0.000000
99.6483,0.000000
99.6583,0.000000
99.6683,0.000000
99.6783,0.017645
99.6883,0.003692
99.6983,0.000000
99.7083,0.000000
99.7183,0.027628
99.7283,0.000000
99.7383,0.000000
99.7483,0.038524
99.7583,0.000000
99.7683,0.000000
99.7783,0.004197
99.7883,0.000000
99.7983,0.000000
99.8083,0.000000
99.8183,0.000000
99.8283,0.002426
99.8383,0.000000
99.8483,0.007820
99.8583,0.000000
99.8683,0.000000
99.8783,0.006489
99.8883,0.005918
99.8983,0.000000
99.9083,0.000000
99.9183,0.000000
99.9283,0.022215
99.9383,0.000000
99.9483,0.017609
99.9583,0.020473
99.9683,0.000000
99.9783,0.000000
99.9883,0.000000
99.9983,0.000000
100.0083,0.014258
100.0183,0.008521
100.0283,0.004744
100.0383,0.000000
100.0483,0.003789
100.0583,0.000000
100.0683,0.001392
100.0783,0.000000
100.0883,0.018915
100.0983,0.000000
100.1083,0.004163
100.1183,0.004201
100.1283,0.000000
100.1383,0.001896
100.1483,0.005468
100.1583,0.000000
100.1683,0.007253
100.1783,0.015550
100.1883,0.007152
100.1983,0.000000
100.2084,0.003139
100.2184,0.000000
100.2284,0.000000
100.2384,0.000000
100.2484,0.024841
100.2584,0.034839
100.2684,0.000000
100.2784,0.014151
100.2884,0.026242
100.2984,0.000000
100.3084,0.000000
100.3184,0.027302
100.3284,0.000000
100.3384,0.000000
100.3484,0.000852
100.3584,0.000000
100.3684,0.053270
100.3784,0.000000
100.3884,0.005892
100.3984,0.023260
100.4084,0.023174
100.4184,0.019728
100.4284,0.000000
100.4384,0.000000
100.4484,0.000000
100.4584,0.000000
100.4684,0.000591
100.4784,0.013351
100.4884,0.032319
100.4984,0.012804
100.5084,0.019272
100.5184,0.000000
100.5284,0.023117
100.5384,0.000200
100.5484,0.020531
100.5584,0.014481
100.5684,0.007069
100.5784,0.000000
100.5884,0.019680
100.5984,0.006806
100.6084,0.012646
100.6184,0.005644
100.6284,0.008747
100.6384,0.023412
100.6484,0.000000
100.6584,0.008417
100.6684,0.000000
100.6784,0.010380
100.6884,0.004523
100.6984,0.000000
100.7084,0.001686
100.7184,0.000000
100.7284,0.000000
100.7384,0.006387
100.7484,0.004831
100.7584,0.000000
100.7684,0.006669
100.7784,0.000000
100.7884,0.000000
100.7984,0.000000
100.8084,0.000000
100.8184,0.000000
100.8284,0.022923
100.8384,0.000000
100.8484,0.000000
100.8584,0.000000
100.8684,0.004656
100.8784,0.021116
100.8884,0.009056
100.8984,0.000000
100.9084,0.000000
100.9184,0.000000
100.9284,0.009139
100.9384,0.000000
100.9484,0.000000
100.9584,0.010525
100.9684,0.022739
100.9784,0.000000
100.9884,0.002167
100.9984,0.000000
101.0084,0.000000
101.0184,0.000000
101.0284,0.000000
101.0384,0.000000
101.0484,0.009832
101.0584,0.000000
101.0684,0.017780
101.0784,0.015701
101.0884,0.000000
101.0984,0.000000
101.1084,0.000000
101.1184,0.025804
101.1284,0.000000
101.1384,0.000000
101.1484,0.002337
101.1584,0.000000
101.1684,0.002319
101.1784,0.000000
101.1884,0.016626
101.1984,0.015061
101.2084,0.019860
101.2184,0.003713
101.2284,0.000000
101.2384,0.000000
101.2484,0.000000
101.2584,0.035897
101.2684,0.000000
101.2784,0.002898
101.2884,0.027335
101.2984,0.004583
101.3084,0.000000
101.3184,0.013143
101.3284,0.000000
101.3384,0.005204
101.3484,0.009219
101.3584,0.000000
101.3684,0.003355
101.3784,0.028801
101.3884,0.000000
101.3984,0.023704
101.4085,0.000000
101.4185,0.032437
101.4285,0.000000
101.4385,0.000000
101.4485,0.027149
101.4585,0.027940
101.4685,0.014732
101.4785,0.000000
101.4885,0.001483
101.4985,0.000022
101.5085,0.000000
101.5185,0.012543
101.5285,0.000000
101.5385,0.000000
101.5485,0.000000
101.5585,0.030821
101.5685,0.000000
101.5785,0.000000
101.5885,0.000000
101.5985,0.024623
101.6085,0.000000
101.6185,0.000000
101.6285,0.000000
101.6385,0.000000
101.6485,0.011855
101.6585,0.000000
101.6685,0.027798
101.6785,0.000000
101.6885,0.000000
101.6985,0.000000
101.7085,0.000000
101.7185,0.000000
101.7285,0.013516
101.7385,0.000000
101.7485,0.000000
101.7585,0.000000
101.7685,0.000000
101.7785,0.019918
101.7885,0.028850
101.7985,0.022842
101.8085,0.000000
101.8185,0.000000
101.8285,0.035611
101.8385,0.000000
101.8485,0.000000
101.8585,0.019480
101.8685,0.001213
101.8785,0.010251
101.8885,0.000000
101.8985,0.000000
101.9085,0.017078
101.9185,0.000000
101.9285,0.022230
101.9385,0.000000
101.9485,0.000000
101.9585,0.029609
101.9685,0.000000
101.9785,0.004887
101.9885,0.010532
101.9985,0.001645
102.0085,0.000000
102.0185,0.000000
102.0285,0.003538
102.0385,0.000000
102.0485,0.000000
102.0585,0.019797
102.0685,0.000000
102.0785,0.000000
102.0885,0.000000
102.0985,0.000000
102.1085,0.000000
102.1185,0.000000
102.1285,0.008063
102.1385,0.024859
102.1485,0.001906
102.1585,0.000000
102.1685,0.000000
102.1785,0.003983
102.1885,0.000000
102.1985,0.000000
102.2085,0.000000
102.2185,0.002078
102.2285,0.038919
102.2385,0.000000
102.2485,0.014694
102.2585,0.000000
102.2685,0.000000
102.2785,0.028154
102.2885,0.038877
102.2985,0.007414
102.3085,0.006525
102.3185,0.001121
102.3285,0.000000
102.3385,0.006121
102.3485,0.012170
102.3585,0.029940
102.3685,0.000000
102.3785,0.002293
102.3885,0.000000
102.3985,0.018433
102.4085,0.043201
102.4185,0.019054
102.4285,0.014368
102.4385,0.016342
102.4485,0.022814
102.4585,0.043460
102.4685,0.000000
102.4785,0.010793
102.4885,0.000000
102.4985,0.017124
102.5085,0.009919
102.5185,0.000000
102.5285,0.000000
102.5385,0.000000
102.5485,0.004011
102.5585,0.000000
102.5685,0.000000
102.5785,0.000000
102.5885,0.000000
102.5985,0.000000
102.6086,0.014567
102.6186,0.000000
102.6286,0.000000
102.6386,0.003181
102.6486,0.007455
102.6586,0.029124
102.6686,0.016707
102.6786,0.000000
102.6886,0.025665
102.6986,0.000000
102.7086,0.000507
102.7186,0.013573
102.7286,0.026257
102.7386,0.034000
102.7486,0.022945
102.7586,0.000000
102.7686,0.010434
102.7786,0.004039
102.7886,0.000000
102.7986,0.000000
102.8086,0.032361
102.8186,0.011631
102.8286,0.037069
102.8386,0.000000
102.8486,0.000000
102.8586,0.007475
102.8686,0.013362
102.8786,0.000000
102.8886,0.014409
102.8986,0.014273
102.9086,0.000000
102.9186,0.013562
102.9286,0.019319
102.9386,0.005331
102.9486,0.000000
102.9586,0.000000
102.9686,0.007883
102.9786,0.000000
102.9886,0.016530
102.9986,0.013133
103.0086,0.002421
103.0186,0.000314
103.0286,0.003472
103.0386,0.000000
103.0486,0.000000
103.0586,0.000000
103.0686,0.001305
103.0786,0.025535
103.0886,0.012457
103.0986,0.026502
103.1086,0.000000
103.1186,0.000000
103.1286,0.037329
103.1386,0.000000
103.1486,0.000000
103.1586,0.000000
103.1686,0.036326
103.1786,0.000000
103.1886,0.010035
103.1986,0.007057
103.2086,0.000000
103.2186,0.000000
103.2286,0.000000
103.2386,0.012203
103.2486,0.031303
103.2586,0.000000
103.2686,0.000000
103.2786,0.045321
103.2886,0.000000
103.2986,0.000000
103.3086,0.024796
103.3186,0.000000
103.3286,0.005100
103.3386,0.040167
103.3486,0.000000
103.3586,0.000000
103.3686,0.000000
103.3786,0.006033
103.3886,0.000000
103.3986,0.000000
103.4086,0.013181
103.4186,0.000186
103.4286,0.000000
103.4386,0.000000
103.4486,0.003741
103.4586,0.000000
103.4686,0.004095
103.4786,0.024112
103.4886,0.012007
103.4986,0.000000
103.5086,0.004938
103.5186,0.000000
103.5286,0.002453
103.5386,0.000000
103.5486,0.000000
103.5586,0.011227
103.5686,0.000000
103.5786,0.000000
103.5886,0.000000
103.5986,0.000000
103.6086,0.023388
103.6186,0.013577
103.6286,0.001896
103.6386,0.001047
103.6486,0.000000
103.6586,0.024693
103.6686,0.000000
103.6786,0.013888
103.6886,0.000000
103.6986,0.009054
103.7086,0.009140
103.7186,0.013198
103.7286,0.028506
103.7386,0.000000
103.7486,0.018098
103.7586,0.000000
103.7686,0.000000
103.7786,0.036608
103.7886,0.012634
103.7986,0.000000
103.8087,0.017232
103.8187,0.000000
103.8287,0.000000
103.8387,0.000000
103.8487,0.005482
103.8587,0.000000
103.8687,0.002798
103.8787,0.015966
103.8887,0.001989
103.8987,0.035577
103.9087,0.000238
103.9187,0.024283
103.9287,0.017573
103.9387,0.027455
103.9487,0.035498
103.9587,0.000000
103.9687,0.004773
103.9787,0.000000
103.9887,0.002006
103.9987,0.000000
104.0087,0.000000
104.0187,0.000000
104.0287,0.001753
104.0387,0.016812
104.0487,0.000000
104.0587,0.000000
104.0687,0.000000
104.0787,0.000000
104.0887,0.000000
104.0987,0.006178
104.1087,0.022632
104.1187,0.000000
104.1287,0.000000
104.1387,0.021206
104.1487,0.000000
104.1587,0.022806
104.1687,0.000000
104.1787,0.012804
104.1887,0.000000
104.1987,0.008257
104.2087,0.028963
104.2187,0.000000
104.2287,0.017937
104.2387,0.004943
104.2487,0.000000
104.2587,0.000000
104.2687,0.000000
104.2787,0.000000
104.2887,0.008263
104.2987,0.011843
104.3087,0.014623
104.3187,0.025736
104.3287,0.017171
104.3387,0.000000
104.3487,0.000000
104.3587,0.015098
104.3687,0.007015
104.3787,0.000000
104.3887,0.000000
104.3987,0.000000
104.4087,0.010491
104.4187,0.000000
104.4287,0.000000
104.4387,0.012481
104.4487,0.000000
104.4587,0.008434
104.4687,0.028380
104.4787,0.000000
104.4887,0.000000
104.4987,0.000000
104.5087,0.000000
104.5187,0.000000
104.5287,0.009685
104.5387,0.005880
104.5487,0.000833
104.5587,0.019047
104.5687,0.012073
104.5787,0.000000
104.5887,0.011434
104.5987,0.000000
104.6087,0.019147
104.6187,0.000399
104.6287,0.000000
104.6387,0.000000
104.6487,0.018676
104.6587,0.000000
104.6687,0.007391
104.6787,0.015818
104.6887,0.000440
104.6987,0.000000
104.7087,0.000000
104.7187,0.000000
104.7287,0.000000
104.7387,0.000000
104.7487,0.000000
104.7587,0.000000
104.7687,0.001502
104.7787,0.020392
104.7887,0.021522
104.7987,0.000000
104.8087,0.000000
104.8187,0.015350
104.8287,0.012673
104.8387,0.000000
104.8487,0.000000
104.8587,0.001481
104.8687,0.000000
104.8787,0.009456
104.8887,0.019495
104.8987,0.000000
104.9087,0.000000
104.9187,0.025427
104.9287,0.003950
104.9387,0.012761
104.9487,0.000000
104.9587,0.000000
104.9687,0.007454
104.9787,0.018496
104.9887,0.000000
104.9987,0.000000
105.0088,0.000000
105.0188,0.000000
105.0288,0.000000
105.0388,0.008798
105.0488,0.000000
105.0588,0.023767
105.0688,0.000000
105.0788,0.023299
105.0888,0.012577
105.0988,0.015341
105.1088,0.036365
105.1188,0.000000
105.1288,0.002438
105.1388,0.000000
105.1488,0.000000
105.1588,0.012962
105.1688,0.020292
105.1788,0.000000
105.1888,0.000000
105.1988,0.001320
105.2088,0.000000
105.2188,0.000000
105.2288,0.012091
105.2388,0.008741
105.2488,0.015016
105.2588,0.000000
105.2688,0.018162
105.2788,0.000258
105.2888,0.000000
105.2988,0.000000
105.3088,0.000000
105.3188,0.000000
105.3288,0.003878
105.3388,0.000000
105.3488,0.000000
105.3588,0.000000
105.3688,0.005036
105.3788,0.007471
105.3888,0.000000
105.3988,0.000000
105.4088,0.000000
105.4188,0.011410
105.4288,0.000000
105.4388,0.000000
105.4488,0.018681
105.4588,0.014254
105.4688,0.000000
105.4788,0.000000
105.4888,0.000000
105.4988,0.000000
105.5088,0.019744
105.5188,0.000000
105.5288,0.015383
105.5388,0.000749
105.5488,0.025050
105.5588,0.009531
105.5688,0.016418
105.5788,0.000000
105.5888,0.000000
105.5988,0.002655
105.6088,0.000000
105.6188,0.000000
105.6288,0.000000
105.6388,0.000000
105.6488,0.010722
105.6588,0.009539
105.6688,0.000000
105.6788,0.005760
105.6888,0.000000
105.6988,0.043680
105.7088,0.005415
105.7188,0.000000
105.7288,0.015757
105.7388,0.022323
105.7488,0.000000
105.7588,0.000000
105.7688,0.000000
105.7788,0.000000
105.7888,0.000000
105.7988,0.000000
105.8088,0.000000
105.8188,0.000000
105.8288,0.005847
105.8388,0.011012
105.8488,0.007228
105.8588,0.032259
105.8688,0.019694
105.8788,0.003995
105.8888,0.000000
105.8988,0.000000
105.9088,0.000000
105.9188,0.002760
105.9288,0.005965
105.9388,0.016072
105.9488,0.004812
105.9588,0.018972
105.9688,0.019341
105.9788,0.000000
105.9888,0.000000
105.9988,0.000000
106.0088,0.000000
106.0188,0.000000
106.0288,0.005423
106.0388,0.000000
106.0488,0.000006
106.0588,0.000000
106.0688,0.009116
106.0788,0.007799
106.0888,0.000000
106.0988,0.000000
106.1088,0.022144
106.1188,0.031467
106.1288,0.004225
106.1388,0.000000
106.1488,0.018833
106.1588,0.008466
106.1688,0.000000
106.1788,0.017425
106.1888,0.000000
106.1988,0.000000
106.2089,0.006545
106.2189,0.002056
106.2289,0.011471
106.2389,0.021480
106.2489,0.000000
106.2589,0.000701
106.2689,0.034219
106.2789,0.000000
106.2889,0.000000
106.2989,0.000000
106.3089,0.001831
106.3189,0.010451
106.3289,0.010414
106.3389,0.000000
106.3489,0.000000
106.3589,0.003988
106.3689,0.000938
106.3789,0.000000
106.3889,0.001392
106.3989,0.000000
106.4089,0.000000
106.4189,0.012264
106.4289,0.002521
106.4389,0.010654
106.4489,0.000000
106.4589,0.011278
106.4689,0.018398
106.4789,0.031572
106.4889,0.014649
106.4989,0.006926
106.5089,0.000000
106.5189,0.000000
106.5289,0.000000
106.5389,0.000000
106.5489,0.035191
106.5589,0.000000
106.5689,0.000000
106.5789,0.014637
106.5889,0.000000
106.5989,0.013824
106.6089,0.000000
106.6189,0.000000
106.6289,0.021526
106.6389,0.000000
106.6489,0.000000
106.6589,0.005243
106.6689,0.000000
106.6789,0.004355
106.6889,0.000282
106.6989,0.009622
106.7089,0.033160
106.7189,0.048154
106.7289,0.008340
106.7389,0.000000
106.7489,0.007937
106.7589,0.000000
106.7689,0.000000
106.7789,0.000000
106.7889,0.019478
106.7989,0.000000
106.8089,0.000000
106.8189,0.000000
106.8289,0.006702
106.8389,0.042786
106.8489,0.000000
106.8589,0.001642
106.8689,0.000104
106.8789,0.000000
106.8889,0.000000
106.8989,0.000000
106.9089,0.049374
106.9189,0.013494
106.9289,0.000000
106.9389,0.021304
106.9489,0.004620
106.9589,0.001043
106.9689,0.000000
106.9789,0.000000
106.9889,0.000000
106.9989,0.000000
107.0089,0.006673
107.0189,0.000000
107.0289,0.015794
107.0389,0.000000
107.0489,0.000000
107.0589,0.013971
107.0689,0.000000
107.0789,0.015403
107.0889,0.000602
107.0989,0.033795
107.1089,0.013603
107.1189,0.007375
107.1289,0.014399
107.1389,0.000000
107.1489,0.000000
107.1589,0.006497
107.1689,0.034949
107.1789,0.000000
107.1889,0.008445
107.1989,0.000000
107.2089,0.000000
107.2189,0.001430
107.2289,0.013443
107.2389,0.003783
107.2489,0.024723
107.2589,0.020995
107.2689,0.000000
107.2789,0.019699
107.2889,0.000000
107.2989,0.000000
107.3089,0.000000
107.3189,0.023615
107.3289,0.000000
107.3389,0.000000
107.3489,0.009757
107.3589,0.000000
107.3689,0.000000
107.3789,0.000000
107.3889,0.000000
107.3989,0.049100
107.4090,0.029929
107.4190,0.012585
107.4290,0.004344
107.4390,0.020318
107.4490,0.004386
107.4590,0.014686
107.4690,0.010048
107.4790,0.002310
107.4890,0.016926
107.4990,0.000000
107.5090,0.001052
107.5190,0.000000
107.5290,0.000000
107.5390,0.000000
107.5490,0.008218
107.5590,0.013167
107.5690,0.019538
107.5790,0.000000
107.5890,0.007918
107.5990,0.000000
107.6090,0.013276
107.6190,0.000000
107.6290,0.000000
107.6390,0.000000
107.6490,0.000000
107.6590,0.000056
107.6690,0.003134
107.6790,0.000000
107.6890,0.000000
107.6990,0.002886
107.7090,0.025345
107.7190,0.000000
107.7290,0.008821
107.7390,0.000000
107.7490,0.000000
107.7590,0.000000
107.7690,0.000000
107.7790,0.000000
107.7890,0.018864
107.7990,0.000000
107.8090,0.000000
107.8190,0.003764
107.8290,0.000094
107.8390,0.000000
107.8490,0.004572
107.8590,0.000000
107.8690,0.000000
107.8790,0.017753
107.8890,0.000000
107.8990,0.010736
107.9090,0.022033
107.9190,0.015223
107.9290,0.000000
107.9390,0.000000
107.9490,0.018735
107.9590,0.009409
107.9690,0.003311
107.9790,0.000000
107.9890,0.000000
107.9990,0.001248
108.0090,0.000000
108.0190,0.014285
108.0290,0.000000
108.0390,0.000000
108.0490,0.000000
108.0590,0.000000
108.0690,0.000000
108.0790,0.025553
108.0890,0.010412
108.0990,0.000000
108.1090,0.000000
108.1190,0.000000
108.1290,0.002272
108.1390,0.017863
108.1490,0.031138
108.1590,0.032116
108.1690,0.000000
108.1790,0.016822
108.1890,0.007661
108.1990,0.000000
108.2090,0.000000
108.2190,0.002594
108.2290,0.000000
108.2390,0.000000
108.2490,0.000000
108.2590,0.003938
108.2690,0.023051
108.2790,0.000229
108.2890,0.000000
108.2990,0.000000
108.3090,0.008251
108.3190,0.000514
108.3290,0.000000
108.3390,0.020990
108.3490,0.000000
108.3590,0.000000
108.3690,0.000000
108.3790,0.000000
108.3890,0.009914
108.3990,0.008350
108.4090,0.018917
108.4190,0.009042
108.4290,0.000000
108.4390,0.000000
108.4490,0.008195
108.4590,0.000000
108.4690,0.000850
108.4790,0.009174
108.4890,0.002494
108.4990,0.005555
108.5090,0.000000
108.5190,0.024295
108.5290,0.000000
108.5390,0.007906
108.5490,0.000000
108.5590,0.019482
108.5690,0.015907
108.5790,0.000000
108.5890,0.027985
108.5990,0.000000
108.6091,0.015870
108.6191,0.000000
108.6291,0.007290
108.6391,0.000000
108.6491,0.000350
108.6591,0.000000
108.6691,0.015814
108.6791,0.000000
108.6891,0.055320
108.6991,0.000000
108.7091,0.004193
108.7191,0.005180
108.7291,0.009686
108.7391,0.000000
108.7491,0.004352
108.7591,0.000000
108.7691,0.033717
108.7791,0.000000
108.7891,0.000000
108.7991,0.000000
108.8091,0.000000
108.8191,0.000000
108.8291,0.012097
108.8391,0.000000
108.8491,0.000000
108.8591,0.000000
108.8691,0.005479
108.8791,0.000390
108.8891,0.000473
108.8991,0.000000
108.9091,0.007834
108.9191,0.000000
108.9291,0.001263
108.9391,0.000000
108.9491,0.000000
108.9591,0.036518
108.9691,0.010346
108.9791,0.003244
108.9891,0.006085
108.9991,0.036942
109.0091,0.020464
109.0191,0.006278
109.0291,0.000000
109.0391,0.000000
109.0491,0.000000
109.0591,0.000000
109.0691,0.011913
109.0791,0.011405
109.0891,0.011091
109.0991,0.000000
109.1091,0.009919
109.1191,0.014835
109.1291,0.000000
109.1391,0.005480
109.1491,0.037459
109.1591,0.000000
109.1691,0.000000
109.1791,0.000000
109.1891,0.000000
109.1991,0.000000
109.2091,0.000000
109.2191,0.016755
109.2291,0.014013
109.2391,0.006174
109.2491,0.022072
109.2591,0.000000
109.2691,0.001324
109.2791,0.039499
109.2891,0.010535
109.2991,0.010490
109.3091,0.000000
109.3191,0.000000
109.3291,0.000000
109.3391,0.030256
109.3491,0.000000
109.3591,0.016455
109.3691,0.010460
109.3791,0.000000
109.3891,0.020563
109.3991,0.000000
109.4091,0.000000
109.4191,0.006561
109.4291,0.000000
109.4391,0.000000
109.4491,0.000000
109.4591,0.000000
109.4691,0.000000
109.4791,0.014343
109.4891,0.005848
109.4991,0.004692
109.5091,0.000000
109.5191,0.000923
109.5291,0.000000
109.5391,0.000000
109.5491,0.030784
109.5591,0.015922
109.5691,0.000000
109.5791,0.000000
109.5891,0.000000
109.5991,0.000000
109.6091,0.001939
109.6191,0.002131
109.6291,0.002670
109.6391,0.006016
109.6491,0.000000
109.6591,0.027140
109.6691,0.000000
109.6791,0.005307
109.6891,0.000000
109.6991,0.005607
109.7091,0.037386
109.7191,0.000000
109.7291,0.000000
109.7391,0.000000
109.7491,0.000000
109.7591,0.000000
109.7691,0.000000
109.7791,0.000000
109.7891,0.028101
109.7991,0.000000
109.8092,0.000000
109.8192,0.006173
109.8292,0.011658
109.8392,0.024718
109.8492,0.004321
109.8592,0.000000
109.8692,0.000000
109.8792,0.013319
109.8892,0.000000
109.8992,0.000000
109.9092,0.003476
109.9192,0.027747
109.9292,0.013076
109.9392,0.000000
109.9492,0.000000
109.9592,0.027398
109.9692,0.000000
109.9792,0.000000
109.9892,0.009993
109.9992,0.000000
110.0092,0.000000
110.0192,0.000000
110.0292,0.000000
110.0392,0.000000
110.0492,0.000000
110.0592,0.017497
110.0692,0.012039
110.0792,0.000000
110.0892,0.015991
110.0992,0.005568
110.1092,0.000000
110.1192,0.000000
110.1292,0.006146
110.1392,0.033577
110.1492,0.000262
110.1592,0.017976
110.1692,0.000000
110.1792,0.016593
110.1892,0.000000
110.1992,0.000000
110.2092,0.000000
110.2192,0.002381
110.2292,0.019487
110.2392,0.000000
110.2492,0.000537
110.2592,0.000000
110.2692,0.028097
110.2792,0.027012
110.2892,0.000000
110.2992,0.000000
110.3092,0.000000
110.3192,0.010861
110.3292,0.002434
110.3392,0.000000
110.3492,0.004893
110.3592,0.000000
110.3692,0.014309
110.3792,0.000000
110.3892,0.000000
110.3992,0.000000
110.4092,0.000000
110.4192,0.006571
110.4292,0.020988
110.4392,0.020054
110.4492,0.002873
110.4592,0.000000
110.4692,0.000000
110.4792,0.000000
110.4892,0.000000
110.4992,0.000000
110.5092,0.021930
110.5192,0.000000
110.5292,0.013448
110.5392,0.000000
110.5492,0.000000
110.5592,0.010886
110.5692,0.004997
110.5792,0.005800
110.5892,0.000000
110.5992,0.014209
110.6092,0.011606
110.6192,0.000000
110.6292,0.000000
110.6392,0.018265
110.6492,0.000000
110.6592,0.000000
110.6692,0.000000
110.6792,0.009373
110.6892,0.000000
110.6992,0.023273
110.7092,0.033185
110.7192,0.000000
110.7292,0.000000
110.7392,0.000000
110.7492,0.011898
110.7592,0.000000
110.7692,0.000000
110.7792,0.020666
110.7892,0.000000
110.7992,0.000000
110.8092,0.000000
110.8192,0.022869
110.8292,0.018688
110.8392,0.000000
110.8492,0.000000
110.8592,0.015014
110.8692,0.049584
110.8792,0.000000
110.8892,0.000000
110.8992,0.022350
110.9092,0.000000
110.9192,0.000000
110.9292,0.000000
110.9392,0.000000
110.9492,0.000000
110.9592,0.022659
110.9692,0.000000
110.9792,0.014037
110.9892,0.000000
110.9992,0.002257
111.0093,0.009400
111.0193,0.000000
111.0293,0.000000
111.0393,0.000000
111.0493,0.009162
111.0593,0.000000
111.0693,0.030207
111.0793,0.002373
111.0893,0.000000
111.0993,0.004790
111.1093,0.000000
111.1193,0.000000
111.1293,0.000000
111.1393,0.006752
111.1493,0.000000
111.1593,0.003374
111.1693,0.026697
111.1793,0.000000
111.1893,0.000000
111.1993,0.000000
111.2093,0.009901
111.2193,0.000000
111.2293,0.000312
111.2393,0.000000
111.2493,0.000000
111.2593,0.044929
111.2693,0.000688
111.2793,0.005337
111.2893,0.000000
111.2993,0.015932
111.3093,0.000000
111.3193,0.008025
111.3293,0.016242
111.3393,0.000000
111.3493,0.000000
111.3593,0.000000
111.3693,0.000000
111.3793,0.000000
111.3893,0.000000
111.3993,0.026156
111.4093,0.017690
111.4193,0.000000
111.4293,0.002767
111.4393,0.000000
111.4493,0.006602
111.4593,0.000000
111.4693,0.000000
111.4793,0.017335
111.4893,0.014748
111.4993,0.027171
111.5093,0.000000
111.5193,0.000000
111.5293,0.016583
111.5393,0.016688
111.5493,0.011309
111.5593,0.000000
111.5693,0.000000
111.5793,0.009647
111.5893,0.000000
111.5993,0.000000
111.6093,0.052317
111.6193,0.038321
111.6293,0.014268
111.6393,0.000000
111.6493,0.000000
111.6593,0.012884
111.6693,0.026946
111.6793,0.000000
111.6893,0.000000
111.6993,0.001579
111.7093,0.000000
111.7193,0.000000
111.7293,0.000000
111.7393,0.009829
111.7493,0.004896
111.7593,0.020465
111.7693,0.000000
111.7793,0.000000
111.7893,0.008203
111.7993,0.000000
111.8093,0.000000
111.8193,0.018230
111.8293,0.000000
111.8393,0.000000
111.8493,0.000000
111.8593,0.000000
111.8693,0.012329
111.8793,0.000000
111.8893,0.000000
111.8993,0.020923
111.9093,0.038390
111.9193,0.000000
111.9293,0.005958
111.9393,0.000000
111.9493,0.000000
111.9593,0.000000
111.9693,0.013604
111.9793,0.012681
111.9893,0.045412
111.9993,0.000000
112.0093,0.000000
112.0193,0.036985
112.0293,0.000000
112.0393,0.000000
112.0493,0.003388
112.0593,0.000000
112.0693,0.006765
112.0793,0.000000
112.0893,0.019328
112.0993,0.015426
112.1093,0.016926
112.1193,0.003435
112.1293,0.028878
112.1393,0.010373
112.1493,0.000000
112.1593,0.000000
112.1693,0.000000
112.1793,0.010599
112.1893,0.000000
112.1993,0.002792
112.2094,0.000000
112.2194,0.000000
112.2294,0.000000
112.2394,0.000000
112.2494,0.013748
112.2594,0.000000
112.2694,0.000000
112.2794,0.056778
112.2894,0.020120
112.2994,0.016781
112.3094,0.029302
112.3194,0.001663
112.3294,0.000000
112.3394,0.024404
112.3494,0.024283
112.3594,0.011073
112.3694,0.015885
112.3794,0.000000
112.3894,0.000000
112.3994,0.030669
112.4094,0.014478
112.4194,0.000000
112.4294,0.000000
112.4394,0.027737
112.4494,0.008194
112.4594,0.003274
112.4694,0.003815
112.4794,0.000000
112.4894,0.000000
112.4994,0.000000
112.5094,0.018186
112.5194,0.004276
112.5294,0.012727
112.5394,0.009840
112.5494,0.025357
112.5594,0.008184
112.5694,0.014825
112.5794,0.003011
112.5894,0.000000
112.5994,0.000000
112.6094,0.010619
112.6194,0.012198
112.6294,0.026119
112.6394,0.000000
112.6494,0.004068
112.6594,0.000000
112.6694,0.029238
112.6794,0.006776
112.6894,0.007121
112.6994,0.000000
112.7094,0.000000
112.7194,0.000000
112.7294,0.000000
112.7394,0.003219
112.7494,0.000975
112.7594,0.003320
112.7694,0.016945
112.7794,0.001673
112.7894,0.000000
112.7994,0.000000
112.8094,0.004390
112.8194,0.000000
112.8294,0.019159
112.8394,0.000000
112.8494,0.004530
112.8594,0.000000
112.8694,0.019168
112.8794,0.025901
112.8894,0.000000
112.8994,0.007216
112.9094,0.000000
112.9194,0.005113
112.9294,0.008138
112.9394,0.000000
112.9494,0.013671
112.9594,0.020023
112.9694,0.022046
112.9794,0.000000
112.9894,0.000000
112.9994,0.000000
113.0094,0.000000
113.0194,0.000000
113.0294,0.000000
113.0394,0.006021
113.0494,0.000000
113.0594,0.000000
113.0694,0.000000
113.0794,0.013863
113.0894,0.050000
113.0994,0.005456
113.1094,0.000000
113.1194,0.000000
113.1294,0.011845
113.1394,0.000000
113.1494,0.058359
113.1594,0.077336
113.1694,0.108965
113.1794,0.122429
113.1894,0.211954
113.1994,0.224174
113.2094,0.282097
113.2194,0.260053
113.2294,0.218509
113.2394,0.227593
113.2494,0.195285
113.2594,0.191262
113.2694,0.197321
113.2794,0.189315
113.2894,0.164086
113.2994,0.136851
113.3094,0.130053
113.3194,0.119276
113.3294,0.082892
113.3394,0.113366
113.3494,0.073304
113.3594,0.096455
113.3694,0.061131
113.3794,0.058515
113.3894,0.085579
113.3994,0.067774
113.4095,0.027641
113.4195,0.046174
113.4295,0.056017
113.4395,0.035607
113.4495,0.036391
113.4595,0.043113
113.4695,0.035994
113.4795,0.014094
113.4895,0.029397
113.4995,0.021119
113.5095,0.054859
113.5195,0.019720
113.5295,0.021958
113.5395,0.022342
113.5495,0.010173
113.5595,0.001479
113.5695,0.021320
113.5795,0.020204
113.5895,0.048123
113.5995,0.022964
113.6095,0.022330
113.6195,0.020734
113.6295,0.000000
113.6395,0.000000
113.6495,0.000000
113.6595,0.017548
113.6695,0.030244
113.6795,0.017407
113.6895,0.000775
113.6995,0.033585
113.7095,0.000000
113.7195,0.000000
113.7295,0.007042
113.7395,0.025495
113.7495,0.000000
113.7595,0.000000
113.7695,0.002315
113.7795,0.015359
113.7895,0.000000
113.7995,0.018787
113.8095,0.000000
113.8195,0.014015
113.8295,0.000000
113.8395,0.000000
113.8495,0.011843
113.8595,0.022520
113.8695,0.000408
113.8795,0.043631
113.8895,0.000000
113.8995,0.000000
113.9095,0.000000
113.9195,0.000000
113.9295,0.005407
113.9395,0.000000
113.9495,0.010462
113.9595,0.010007
113.9695,0.029241
113.9795,0.000000
113.9895,0.006227
113.9995,0.011051
114.0095,0.000001
114.0195,0.000000
114.0295,0.000000
114.0395,0.001597
114.0495,0.010805
114.0595,0.000000
114.0695,0.000000
114.0795,0.000000
114.0895,0.008211
114.0995,0.000647
114.1095,0.025065
114.1195,0.000000
114.1295,0.000000
114.1395,0.000000
114.1495,0.018486
114.1595,0.022330
114.1695,0.034631
114.1795,0.009408
114.1895,0.014227
114.1995,0.007867
114.2095,0.010332
114.2195,0.000898
114.2295,0.011152
114.2395,0.038531
114.2495,0.003947
114.2595,0.000442
114.2695,0.003574
114.2795,0.000000
114.2895,0.004442
114.2995,0.000000
114.3095,0.020597
114.3195,0.018798
114.3295,0.038991
114.3395,0.000000
114.3495,0.005199
114.3595,0.004449
114.3695,0.003596
114.3795,0.020343
114.3895,0.000000
114.3995,0.008295
114.4095,0.035926
114.4195,0.024535
114.4295,0.022476
114.4395,0.015159
114.4495,0.000000
114.4595,0.000000
114.4695,0.000000
114.4795,0.000000
114.4895,0.017040
114.4995,0.026431
114.5095,0.007820
114.5195,0.014487
114.5295,0.005283
114.5395,0.010238
114.5495,0.000000
114.5595,0.005665
114.5695,0.000000
114.5795,0.000000
114.5895,0.004064
114.5995,0.000000
114.6096,0.000000
114.6196,0.000000
114.6296,0.000000
114.6396,0.000000
114.6496,0.000000
114.6596,0.000000
114.6696,0.009518
114.6796,0.000000
114.6896,0.000000
114.6996,0.000000
114.7096,0.000000
114.7196,0.026264
114.7296,0.002393
114.7396,0.000000
114.7496,0.010237
114.7596,0.001530
114.7696,0.000000
114.7796,0.028343
114.7896,0.000000
114.7996,0.018633
114.8096,0.000000
114.8196,0.000000
114.8296,0.000000
114.8396,0.000000
114.8496,0.000000
114.8596,0.000000
114.8696,0.006240
114.8796,0.002068
114.8896,0.000000
114.8996,0.011879
114.9096,0.026227
114.9196,0.000000
114.9296,0.000000
114.9396,0.020041
114.9496,0.007259
114.9596,0.000000
114.9696,0.014662
114.9796,0.004934
114.9896,0.025713
114.9996,0.000000
115.0096,0.007677
115.0196,0.019765
115.0296,0.000000
115.0396,0.020416
115.0496,0.000000
115.0596,0.008999
115.0696,0.029954
115.0796,0.000000
115.0896,0.000000
115.0996,0.000000
115.1096,0.000000
115.1196,0.039584
115.1296,0.000000
115.1396,0.029621
115.1496,0.000000
115.1596,0.000612
115.1696,0.016997
115.1796,0.000000
115.1896,0.000000
115.1996,0.016322
115.2096,0.000000
115.2196,0.000000
115.2296,0.020074
115.2396,0.025220
115.2496,0.028082
115.2596,0.000000
115.2696,0.000000
115.2796,0.000000
115.2896,0.012933
115.2996,0.000000
115.3096,0.000000
115.3196,0.000000
115.3296,0.000000
115.3396,0.015918
115.3496,0.014705
115.3596,0.000000
115.3696,0.000000
115.3796,0.000000
115.3896,0.000000
115.3996,0.022391
115.4096,0.000000
115.4196,0.000000
115.4296,0.024772
115.4396,0.000000
115.4496,0.027829
115.4596,0.051982
115.4696,0.000000
115.4796,0.022388
115.4896,0.000000
115.4996,0.000000
115.5096,0.000000
115.5196,0.014804
115.5296,0.000031
115.5396,0.000000
115.5496,0.000000
115.5596,0.000000
115.5696,0.000000
115.5796,0.000000
115.5896,0.000000
115.5996,0.003455
115.6096,0.000000
115.6196,0.000000
115.6296,0.000000
115.6396,0.009056
115.6496,0.004333
115.6596,0.000000
115.6696,0.002907
115.6796,0.016815
115.6896,0.000000
115.6996,0.001201
115.7096,0.000000
115.7196,0.001577
115.7296,0.000000
115.7396,0.000000
115.7496,0.015271
115.7596,0.014733
115.7696,0.019561
115.7796,0.000000
115.7896,0.012657
115.7996,0.009119
115.8097,0.000000
115.8197,0.002110
115.8297,0.000000
115.8397,0.025108
115.8497,0.014584
115.8597,0.000000
115.8697,0.000000
115.8797,0.017237
115.8897,0.024119
115.8997,0.005680
115.9097,0.011854
115.9197,0.023456
115.9297,0.000000
115.9397,0.001502
115.9497,0.008761
115.9597,0.000000
115.9697,0.030583
115.9797,0.000000
115.9897,0.001103
115.9997,0.034495
116.0097,0.000000
116.0197,0.003887
116.0297,0.000000
116.0397,0.000003
116.0497,0.000000
116.0597,0.000000
116.0697,0.000446
116.0797,0.004290
116.0897,0.016122
116.0997,0.000000
116.1097,0.000000
116.1197,0.000000
116.1297,0.000000
116.1397,0.000581
116.1497,0.000000
116.1597,0.000000
116.1697,0.003908
116.1797,0.000000
116.1897,0.007249
116.1997,0.000000
116.2097,0.012469
116.2197,0.000000
116.2297,0.000269
116.2397,0.000000
116.2497,0.000000
116.2597,0.000000
116.2697,0.021270
116.2797,0.000000
116.2897,0.000000
116.2997,0.019020
116.3097,0.014756
116.3197,0.024184
116.3297,0.000000
116.3397,0.000000
116.3497,0.000000
116.3597,0.000000
116.3697,0.013693
116.3797,0.000000
116.3897,0.000000
116.3997,0.007145
116.4097,0.000499
116.4197,0.000000
116.4297,0.000000
116.4397,0.017045
116.4497,0.018861
116.4597,0.000000
116.4697,0.000000
116.4797,0.012006
116.4897,0.000000
116.4997,0.006573
116.5097,0.000000
116.5197,0.000000
116.5297,0.031992
116.5397,0.000000
116.5497,0.009438
116.5597,0.000000
116.5697,0.027942
116.5797,0.035053
116.5897,0.000000
116.5997,0.000000
116.6097,0.023902
116.6197,0.000000
116.6297,0.007367
116.6397,0.000000
116.6497,0.000000
116.6597,0.005491
116.6697,0.000000
116.6797,0.000000
116.6897,0.000000
116.6997,0.011773
116.7097,0.000000
116.7197,0.027732
116.7297,0.000000
116.7397,0.014413
116.7497,0.012640
116.7597,0.000000
116.7697,0.000000
116.7797,0.000000
116.7897,0.000000
116.7997,0.000000
116.8097,0.009610
116.8197,0.000000
116.8297,0.000000
116.8397,0.018114
116.8497,0.010292
116.8597,0.000000
116.8697,0.018737
116.8797,0.011980
116.8897,0.000000
116.8997,0.000000
116.9097,0.018009
116.9197,0.014016
116.9297,0.000000
116.9397,0.000000
116.9497,0.012517
116.9597,0.000000
116.9697,0.014489
116.9797,0.034844
116.9897,0.006719
116.9997,0.000000
117.0098,0.003177
117.0198,0.018623
117.0298,0.001780
117.0398,0.008709
117.0498,0.000000
117.0598,0.000000
117.0698,0.016309
117.0798,0.000000
117.0898,0.000000
117.0998,0.000000
117.1098,0.005656
117.1198,0.019053
117.1298,0.029624
117.1398,0.001525
117.1498,0.011855
117.1598,0.002171
117.1698,0.006373
117.1798,0.000000
117.1898,0.006956
117.1998,0.000000
117.2098,0.035642
117.2198,0.000000
117.2298,0.010276
117.2398,0.005752
117.2498,0.006683
117.2598,0.000000
117.2698,0.000000
117.2798,0.010904
117.2898,0.024138
117.2998,0.003964
117.3098,0.014495
117.3198,0.000000
117.3298,0.005968
117.3398,0.022062
117.3498,0.000000
117.3598,0.021343
117.3698,0.000000
117.3798,0.000000
117.3898,0.009826
117.3998,0.034251
117.4098,0.000257
117.4198,0.000000
117.4298,0.033841
117.4398,0.000000
117.4498,0.011966
117.4598,0.000000
117.4698,0.002561
117.4798,0.000000
117.4898,0.040638
117.4998,0.021442
117.5098,0.031826
117.5198,0.000000
117.5298,0.000000
117.5398,0.000000
117.5498,0.045296
117.5598,0.000000
117.5698,0.018932
117.5798,0.000000
117.5898,0.000000
117.5998,0.000000
117.6098,0.037974
117.6198,0.019804
117.6298,0.000000
117.6398,0.012001
117.6498,0.000000
117.6598,0.000000
117.6698,0.009187
117.6798,0.025172
117.6898,0.024287
117.6998,0.005968
117.7098,0.006221
117.7198,0.024232
117.7298,0.000000
117.7398,0.032892
117.7498,0.000000
117.7598,0.004691
117.7698,0.000000
117.7798,0.000000
117.7898,0.008309
117.7998,0.004258
117.8098,0.000000
117.8198,0.000000
117.8298,0.027467
117.8398,0.039470
117.8498,0.022552
117.8598,0.004993
117.8698,0.000000
117.8798,0.011289
117.8898,0.012085
117.8998,0.013884
117.9098,0.000000
117.9198,0.015301
117.9298,0.028109
117.9398,0.000000
117.9498,0.012324
117.9598,0.000000
117.9698,0.000000
117.9798,0.000000
117.9898,0.000000
117.9998,0.000000
118.0098,0.007421
118.0198,0.016026
118.0298,0.021891
118.0398,0.000000
118.0498,0.006478
118.0598,0.000000
118.0698,0.000000
118.0798,0.000769
118.0898,0.000000
118.0998,0.010064
118.1098,0.000000
118.1198,0.002779
118.1298,0.022041
118.1398,0.000000
118.1498,0.015304
118.1598,0.025972
118.1698,0.024869
118.1798,0.000000
118.1898,0.000000
118.1998,0.000000
118.2099,0.000000
118.2199,0.012348
118.2299,0.013466
118.2399,0.002113
118.2499,0.000000
118.2599,0.000000
118.2699,0.024845
118.2799,0.010974
118.2899,0.014095
118.2999,0.059545
118.3099,0.005905
118.3199,0.000000
118.3299,0.000000
118.3399,0.005500
118.3499,0.000337
118.3599,0.000000
118.3699,0.000000
118.3799,0.000000
118.3899,0.006729
118.3999,0.025098
118.4099,0.031182
118.4199,0.030672
118.4299,0.000000
118.4399,0.000000
118.4499,0.000000
118.4599,0.010656
118.4699,0.000000
118.4799,0.000000
118.4899,0.026182
118.4999,0.001771
118.5099,0.002235
118.5199,0.007438
118.5299,0.012171
118.5399,0.012275
118.5499,0.027938
118.5599,0.000000
118.5699,0.005840
118.5799,0.000000
118.5899,0.000000
118.5999,0.013640
118.6099,0.023338
118.6199,0.000000
118.6299,0.030365
118.6399,0.000000
118.6499,0.010625
118.6599,0.000000
118.6699,0.000000
118.6799,0.001081
118.6899,0.000000
118.6999,0.000000
118.7099,0.011006
118.7199,0.014036
118.7299,0.000000
118.7399,0.000000
118.7499,0.000000
118.7599,0.000000
118.7699,0.000000
118.7799,0.014465
118.7899,0.019165
118.7999,0.010743
118.8099,0.006827
118.8199,0.014089
118.8299,0.012890
118.8399,0.000000
118.8499,0.004004
118.8599,0.000000
118.8699,0.000000
118.8799,0.020524
118.8899,0.028344
118.8999,0.000000
118.9099,0.000000
118.9199,0.000000
118.9299,0.020906
118.9399,0.000000
118.9499,0.000000
118.9599,0.014777
118.9699,0.017333
118.9799,0.000000
118.9899,0.000000
118.9999,0.027543
119.0099,0.000000
119.0199,0.001819
119.0299,0.009143
119.0399,0.000000
119.0499,0.000000
119.0599,0.000000
119.0699,0.000000
119.0799,0.000000
119.0899,0.003738
119.0999,0.011427
119.1099,0.024995
119.1199,0.041981
119.1299,0.003739
119.1399,0.000000
119.1499,0.000000
119.1599,0.000000
119.1699,0.008067
119.1799,0.000000
119.1899,0.009325
119.1999,0.000000
119.2099,0.000000
119.2199,0.007782
119.2299,0.000000
119.2399,0.000000
119.2499,0.000000
119.2599,0.000000
119.2699,0.021266
119.2799,0.017480
119.2899,0.000000
119.2999,0.014427
119.3099,0.007007
119.3199,0.000000
119.3299,0.015810
119.3399,0.000000
119.3499,0.020617
119.3599,0.000000
119.3699,0.000000
119.3799,0.038173
119.3899,0.000000
119.3999,0.000000
119.4100,0.000000
119.4200,0.000000
119.4300,0.012578
119.4400,0.001042
119.4500,0.018077
119.4600,0.006695
119.4700,0.000000
119.4800,0.009897
119.4900,0.004209
119.5000,0.000000
119.5100,0.037327
119.5200,0.010950
119.5300,0.016951
119.5400,0.017578
119.5500,0.000000
119.5600,0.011401
119.5700,0.005688
119.5800,0.000000
119.5900,0.000000
119.6000,0.000436
119.6100,0.010565
119.6200,0.000292
119.6300,0.000000
119.6400,0.000492
119.6500,0.000000
119.6600,0.027888
119.6700,0.004864
119.6800,0.000000
119.6900,0.000000
119.7000,0.000000
119.7100,0.000000
119.7200,0.000000
119.7300,0.016967
119.7400,0.001435
119.7500,0.000000
119.7600,0.011139
119.7700,0.000000
119.7800,0.012480
119.7900,0.000000
119.8000,0.001564
119.8100,0.000000
119.8200,0.000000
119.8300,0.003771
119.8400,0.001474
119.8500,0.033655
119.8600,0.004031
119.8700,0.004449
119.8800,0.000000
119.8900,0.006856
119.9000,0.000000
119.9100,0.020702
119.9200,0.000000
119.9300,0.000000
119.9400,0.000000
119.9500,0.007554
119.9600,0.000000
119.9700,0.012347
119.9800,0.000000
119.9900,0.009567
120.0000,0.010437
