time_s,dF_F
0.0000,0.016828
0.0100,0.014684
0.0200,0.002095
0.0300,0.010042
0.0400,0.000000
0.0500,0.009732
0.0600,0.012514
0.0700,0.013583
0.0800,0.002004
0.0900,0.004092
0.1000,0.011979
0.1100,0.020004
0.1200,0.010737
0.1300,0.005535
0.1400,0.017762
0.1500,0.011033
0.1600,0.011430
0.1700,0.016382
0.1800,0.009230
0.1900,0.002533
0.2000,0.008763
0.2100,0.018897
0.2200,0.025141
0.2300,0.000250
0.2400,0.023098
0.2500,0.007065
0.2600,0.010164
0.2700,0.023599
0.2800,0.006722
0.2900,0.007805
0.3000,0.004858
0.3100,0.010303
0.3200,0.012494
0.3300,0.004503
0.3400,0.021603
0.3500,0.004021
0.3600,0.013987
0.3700,0.010212
0.3800,0.019950
0.3900,0.003569
0.4000,0.014580
0.4100,0.029369
0.4200,0.000000
0.4300,0.002795
0.4400,0.026672
0.4500,0.008927
0.4600,0.010909
0.4700,0.007342
0.4800,0.023233
0.4900,0.000000
0.5000,0.019896
0.5100,0.000000
0.5200,0.000000
0.5300,0.001304
0.5400,0.008977
0.5500,0.004285
0.5600,0.003811
0.5700,0.002579
0.5800,0.002718
0.5900,0.002537
0.6001,0.011879
0.6101,0.004913
0.6201,0.000000
0.6301,0.009702
0.6401,0.015995
0.6501,0.007769
0.6601,0.000000
0.6701,0.015960
0.6801,0.000000
0.6901,0.007431
0.7001,0.009825
0.7101,0.018633
0.7201,0.014622
0.7301,0.011907
0.7401,0.017445
0.7501,0.000736
0.7601,0.022640
0.7701,0.000000
0.7801,0.021422
0.7901,0.003270
0.8001,0.013041
0.8101,0.021588
0.8201,0.014488
0.8301,0.012979
0.8401,0.016931
0.8501,0.000000
0.8601,0.000000
0.8701,0.012171
0.8801,0.008419
0.8901,0.007498
0.9001,0.019906
0.9101,0.019212
0.9201,0.002634
0.9301,0.013539
0.9401,0.000000
0.9501,0.000000
0.9601,0.002857
0.9701,0.009576
0.9801,0.004776
0.9901,0.013610
1.0001,0.009877
1.0101,0.018913
1.0201,0.014365
1.0301,0.001692
1.0401,0.017205
1.0501,0.003104
1.0601,0.013292
1.0701,0.006062
1.0801,0.020593
1.0901,0.015849
1.1001,0.004459
1.1101,0.006912
1.1201,0.036155
1.1301,0.000000
1.1401,0.004241
1.1501,0.004632
1.1601,0.000729
1.1701,0.001569
1.1801,0.009131
1.1901,0.013812
1.2001,0.000000
1.2101,0.005988
1.2201,0.003568
1.2301,0.000636
1.2401,0.017966
1.2501,0.003880
1.2601,0.000000
1.2701,0.017041
1.2801,0.020010
1.2901,0.011901
1.3001,0.002473
1.3101,0.007779
1.3201,0.004760
1.3301,0.009605
1.3401,0.015727
1.3501,0.009798
1.3601,0.009972
1.3701,0.005895
1.3801,0.015319
1.3901,0.012946
1.4001,0.000000
1.4101,0.000000
1.4201,0.007347
1.4301,0.017765
1.4401,0.019333
1.4501,0.016104
1.4601,0.008795
1.4701,0.021719
1.4801,0.004220
1.4901,0.007272
1.5001,0.000000
1.5101,0.007237
1.5201,0.003106
1.5301,0.022303
1.5401,0.020728
1.5501,0.010506
1.5601,0.013736
1.5701,0.005166
1.5801,0.000000
1.5901,0.003900
1.6001,0.015984
1.6101,0.013505
1.6201,0.006863
1.6301,0.015916
1.6401,0.006233
1.6501,0.000867
1.6601,0.015917
1.6701,0.005105
1.6801,0.018213
1.6901,0.000000
1.7001,0.005444
1.7101,0.014777
1.7201,0.013951
1.7301,0.008231
1.7401,0.012299
1.7501,0.011121
1.7601,0.000000
1.7701,0.007091
1.7801,0.011819
1.7901,0.014050
1.8002,0.009479
1.8102,0.005584
1.8202,0.000000
1.8302,0.016022
1.8402,0.015143
1.8502,0.017898
1.8602,0.001373
1.8702,0.010976
1.8802,0.004462
1.8902,0.010372
1.9002,0.033253
1.9102,0.017229
1.9202,0.003955
1.9302,0.007979
1.9402,0.007103
1.9502,0.010991
1.9602,0.000000
1.9702,0.012590
1.9802,0.000000
1.9902,0.000000
2.0002,0.026013
2.0102,0.007114
2.0202,0.021410
2.0302,0.003519
2.0402,0.000000
2.0502,0.001595
2.0602,0.031504
2.0702,0.000000
2.0802,0.024212
2.0902,0.012762
2.1002,0.010959
2.1102,0.004011
2.1202,0.002790
2.1302,0.014513
2.1402,0.020554
2.1502,0.011570
2.1602,0.015917
2.1702,0.006595
2.1802,0.027385
2.1902,0.011909
2.2002,0.026266
2.2102,0.002278
2.2202,0.009640
2.2302,0.018572
2.2402,0.011136
2.2502,0.014142
2.2602,0.002178
2.2702,0.006756
2.2802,0.002997
2.2902,0.009316
2.3002,0.008493
2.3102,0.005768
2.3202,0.015059
2.3302,0.001479
2.3402,0.000000
2.3502,0.005427
2.3602,0.027219
2.3702,0.014079
2.3802,0.003230
2.3902,0.013560
2.4002,0.008927
2.4102,0.013101
2.4202,0.017046
2.4302,0.011548
2.4402,0.010964
2.4502,0.021892
2.4602,0.014317
2.4702,0.011559
2.4802,0.010338
2.4902,0.005473
2.5002,0.000036
2.5102,0.015363
2.5202,0.020213
2.5302,0.013423
2.5402,0.014527
2.5502,0.002903
2.5602,0.005230
2.5702,0.000000
2.5802,0.008004
2.5902,0.017866
2.6002,0.004421
2.6102,0.009403
2.6202,0.015620
2.6302,0.019665
2.6402,0.000000
2.6502,0.006187
2.6602,0.004094
2.6702,0.002986
2.6802,0.006936
2.6902,0.000000
2.7002,0.007059
2.7102,0.010280
2.7202,0.001655
2.7302,0.006146
2.7402,0.010156
2.7502,0.010959
2.7602,0.000000
2.7702,0.015602
2.7802,0.015794
2.7902,0.004060
2.8002,0.023424
2.8102,0.013647
2.8202,0.012490
2.8302,0.015465
2.8402,0.001736
2.8502,0.007173
2.8602,0.014941
2.8702,0.003618
2.8802,0.007180
2.8902,0.014808
2.9002,0.012479
2.9102,0.010167
2.9202,0.010501
2.9302,0.008601
2.9402,0.016822
2.9502,0.026721
2.9602,0.012341
2.9702,0.020256
2.9802,0.006506
2.9902,0.004547
3.0003,0.003694
3.0103,0.002653
3.0203,0.007652
3.0303,0.017089
3.0403,0.018023
3.0503,0.005923
3.0603,0.007409
3.0703,0.009984
3.0803,0.011873
3.0903,0.014694
3.1003,0.006807
3.1103,0.008397
3.1203,0.020837
3.1303,0.007771
3.1403,0.005403
3.1503,0.009316
3.1603,0.010625
3.1703,0.000000
3.1803,0.006451
3.1903,0.013360
3.2003,0.026036
3.2103,0.005769
3.2203,0.016119
3.2303,0.011434
3.2403,0.019280
3.2503,0.005049
3.2603,0.018825
3.2703,0.021217
3.2803,0.021557
3.2903,0.021419
3.3003,0.011527
3.3103,0.014680
3.3203,0.006643
3.3303,0.000000
3.3403,0.012047
3.3503,0.008712
3.3603,0.017705
3.3703,0.016896
3.3803,0.001503
3.3903,0.028713
3.4003,0.013105
3.4103,0.000000
3.4203,0.000847
3.4303,0.000000
3.4403,0.016109
3.4503,0.005785
3.4603,0.003277
3.4703,0.004848
3.4803,0.007595
3.4903,0.014605
3.5003,0.000000
3.5103,0.001442
3.5203,0.013720
3.5303,0.005247
3.5403,0.014658
3.5503,0.006020
3.5603,0.022599
3.5703,0.011669
3.5803,0.019810
3.5903,0.014142
3.6003,0.014626
3.6103,0.003981
3.6203,0.019339
3.6303,0.011726
3.6403,0.002370
3.6503,0.000000
3.6603,0.011120
3.6703,0.022063
3.6803,0.002743
3.6903,0.002474
3.7003,0.007470
3.7103,0.018810
3.7203,0.000000
3.7303,0.004799
3.7403,0.001954
3.7503,0.014497
3.7603,0.008858
3.7703,0.007227
3.7803,0.008559
3.7903,0.016279
3.8003,0.018973
3.8103,0.018197
3.8203,0.014603
3.8303,0.021071
3.8403,0.002547
3.8503,0.013101
3.8603,0.028789
3.8703,0.000000
3.8803,0.005726
3.8903,0.001713
3.9003,0.012310
3.9103,0.021503
3.9203,0.014300
3.9303,0.008261
3.9403,0.014365
3.9503,0.007682
3.9603,0.011555
3.9703,0.014949
3.9803,0.024023
3.9903,0.013595
4.0003,0.011742
4.0103,0.026283
4.0203,0.000000
4.0303,0.009264
4.0403,0.004070
4.0503,0.008093
4.0603,0.014832
4.0703,0.017845
4.0803,0.005837
4.0903,0.015353
4.1003,0.002819
4.1103,0.000000
4.1203,0.010567
4.1303,0.008252
4.1403,0.021924
4.1503,0.027028
4.1603,0.005132
4.1703,0.000000
4.1803,0.000000
4.1903,0.003314
4.2004,0.011658
4.2104,0.007910
4.2204,0.000000
4.2304,0.024289
4.2404,0.015303
4.2504,0.024072
4.2604,0.000000
4.2704,0.020181
4.2804,0.008808
4.2904,0.006865
4.3004,0.010195
4.3104,0.004404
4.3204,0.008856
4.3304,0.017571
4.3404,0.000000
4.3504,0.021979
4.3604,0.013139
4.3704,0.009118
4.3804,0.017485
4.3904,0.012911
4.4004,0.006161
4.4104,0.003817
4.4204,0.021996
4.4304,0.000000
4.4404,0.008425
4.4504,0.000000
4.4604,0.013902
4.4704,0.009224
4.4804,0.000004
4.4904,0.003048
4.5004,0.010355
4.5104,0.012281
4.5204,0.000000
4.5304,0.004357
4.5404,0.011284
4.5504,0.019679
4.5604,0.016714
4.5704,0.006360
4.5804,0.017993
4.5904,0.007479
4.6004,0.000000
4.6104,0.021527
4.6204,0.013661
4.6304,0.011504
4.6404,0.010066
4.6504,0.012422
4.6604,0.010058
4.6704,0.007687
4.6804,0.004775
4.6904,0.010616
4.7004,0.002950
4.7104,0.000860
4.7204,0.012158
4.7304,0.017840
4.7404,0.003630
4.7504,0.005022
4.7604,0.000000
4.7704,0.000000
4.7804,0.000000
4.7904,0.017794
4.8004,0.000000
4.8104,0.013673
4.8204,0.007878
4.8304,0.014842
4.8404,0.019329
4.8504,0.009760
4.8604,0.019070
4.8704,0.022399
4.8804,0.020771
4.8904,0.004623
4.9004,0.000000
4.9104,0.009001
4.9204,0.011427
4.9304,0.000000
4.9404,0.010489
4.9504,0.000000
4.9604,0.022366
4.9704,0.013819
4.9804,0.003456
4.9904,0.011014
5.0004,0.012001
5.0104,0.013863
5.0204,0.010555
5.0304,0.017560
5.0404,0.000000
5.0504,0.008967
5.0604,0.024293
5.0704,0.007186
5.0804,0.011931
5.0904,0.002038
5.1004,0.027255
5.1104,0.012282
5.1204,0.000000
5.1304,0.018723
5.1404,0.001414
5.1504,0.015470
5.1604,0.018240
5.1704,0.026213
5.1804,0.011791
5.1904,0.010391
5.2004,0.000000
5.2104,0.006347
5.2204,0.004286
5.2304,0.008554
5.2404,0.005839
5.2504,0.016290
5.2604,0.005524
5.2704,0.013804
5.2804,0.009076
5.2904,0.005018
5.3004,0.004291
5.3104,0.011864
5.3204,0.020966
5.3304,0.004153
5.3404,0.010380
5.3504,0.013871
5.3604,0.009841
5.3704,0.000000
5.3804,0.013832
5.3904,0.000000
5.4005,0.000000
5.4105,0.000000
5.4205,0.008706
5.4305,0.002291
5.4405,0.000000
5.4505,0.013040
5.4605,0.009784
5.4705,0.016061
5.4805,0.004164
5.4905,0.009491
5.5005,0.016403
5.5105,0.000000
5.5205,0.004707
5.5305,0.017942
5.5405,0.010156
5.5505,0.008796
5.5605,0.009691
5.5705,0.019784
5.5805,0.009807
5.5905,0.010365
5.6005,0.009866
5.6105,0.000000
5.6205,0.014021
5.6305,0.003431
5.6405,0.000000
5.6505,0.000000
5.6605,0.000000
5.6705,0.000000
5.6805,0.001799
5.6905,0.006523
5.7005,0.018490
5.7105,0.010486
5.7205,0.012028
5.7305,0.020235
5.7405,0.000000
5.7505,0.013133
5.7605,0.012519
5.7705,0.016589
5.7805,0.000000
5.7905,0.005408
5.8005,0.002552
5.8105,0.000000
5.8205,0.028501
5.8305,0.005472
5.8405,0.017418
5.8505,0.015646
5.8605,0.000000
5.8705,0.005799
5.8805,0.010482
5.8905,0.013164
5.9005,0.012646
5.9105,0.024025
5.9205,0.017283
5.9305,0.015255
5.9405,0.017746
5.9505,0.020822
5.9605,0.005016
5.9705,0.000000
5.9805,0.005147
5.9905,0.000000
6.0005,0.002136
6.0105,0.010798
6.0205,0.005572
6.0305,0.015185
6.0405,0.012429
6.0505,0.012918
6.0605,0.000000
6.0705,0.002979
6.0805,0.000000
6.0905,0.014544
6.1005,0.025377
6.1105,0.011430
6.1205,0.012142
6.1305,0.005747
6.1405,0.008267
6.1505,0.020197
6.1605,0.010726
6.1705,0.015114
6.1805,0.020407
6.1905,0.018804
6.2005,0.010259
6.2105,0.010847
6.2205,0.006909
6.2305,0.013991
6.2405,0.006693
6.2505,0.012801
6.2605,0.018306
6.2705,0.000000
6.2805,0.000000
6.2905,0.009643
6.3005,0.015351
6.3105,0.012295
6.3205,0.000313
6.3305,0.017198
6.3405,0.025266
6.3505,0.003051
6.3605,0.004200
6.3705,0.010205
6.3805,0.008994
6.3905,0.019625
6.4005,0.012269
6.4105,0.007667
6.4205,0.005282
6.4305,0.000000
6.4405,0.020956
6.4505,0.015021
6.4605,0.009276
6.4705,0.010870
6.4805,0.009139
6.4905,0.000000
6.5005,0.000000
6.5105,0.008366
6.5205,0.008230
6.5305,0.009903
6.5405,0.023580
6.5505,0.007709
6.5605,0.003898
6.5705,0.010424
6.5805,0.000000
6.5905,0.011245
6.6006,0.004201
6.6106,0.011800
6.6206,0.008558
6.6306,0.008868
6.6406,0.015012
6.6506,0.015875
6.6606,0.026265
6.6706,0.015554
6.6806,0.008040
6.6906,0.004939
6.7006,0.012775
6.7106,0.021691
6.7206,0.016850
6.7306,0.004302
6.7406,0.013621
6.7506,0.011776
6.7606,0.018393
6.7706,0.012411
6.7806,0.012112
6.7906,0.000550
6.8006,0.016336
6.8106,0.000000
6.8206,0.010717
6.8306,0.005594
6.8406,0.005122
6.8506,0.014661
6.8606,0.009974
6.8706,0.000000
6.8806,0.008417
6.8906,0.006893
6.9006,0.020059
6.9106,0.000061
6.9206,0.025335
6.9306,0.016854
6.9406,0.007776
6.9506,0.006649
6.9606,0.004894
6.9706,0.012555
6.9806,0.003697
6.9906,0.009061
7.0006,0.001307
7.0106,0.015702
7.0206,0.011356
7.0306,0.006256
7.0406,0.008066
7.0506,0.004457
7.0606,0.012506
7.0706,0.000000
7.0806,0.017216
7.0906,0.011386
7.1006,0.006411
7.1106,0.014702
7.1206,0.013109
7.1306,0.001635
7.1406,0.020459
7.1506,0.000000
7.1606,0.018716
7.1706,0.008695
7.1806,0.017924
7.1906,0.021523
7.2006,0.006580
7.2106,0.006956
7.2206,0.012517
7.2306,0.000931
7.2406,0.007347
7.2506,0.006667
7.2606,0.000511
7.2706,0.006247
7.2806,0.016024
7.2906,0.015447
7.3006,0.008582
7.3106,0.010499
7.3206,0.007566
7.3306,0.000000
7.3406,0.001866
7.3506,0.017672
7.3606,0.019578
7.3706,0.003133
7.3806,0.018953
7.3906,0.000394
7.4006,0.005863
7.4106,0.009050
7.4206,0.007815
7.4306,0.004463
7.4406,0.011014
7.4506,0.016212
7.4606,0.000000
7.4706,0.011010
7.4806,0.017719
7.4906,0.006698
7.5006,0.005625
7.5106,0.003193
7.5206,0.026003
7.5306,0.021946
7.5406,0.007641
7.5506,0.019442
7.5606,0.005791
7.5706,0.008755
7.5806,0.001520
7.5906,0.000000
7.6006,0.005359
7.6106,0.006600
7.6206,0.013413
7.6306,0.015240
7.6406,0.009018
7.6506,0.002071
7.6606,0.004736
7.6706,0.022729
7.6806,0.015033
7.6906,0.021383
7.7006,0.024216
7.7106,0.004740
7.7206,0.016561
7.7306,0.002782
7.7406,0.018266
7.7506,0.016623
7.7606,0.000000
7.7706,0.013222
7.7806,0.003147
7.7906,0.007277
7.8007,0.004722
7.8107,0.017264
7.8207,0.004532
7.8307,0.000000
7.8407,0.003539
7.8507,0.008284
7.8607,0.013282
7.8707,0.019567
7.8807,0.014109
7.8907,0.014670
7.9007,0.015908
7.9107,0.016539
7.9207,0.018267
7.9307,0.030041
7.9407,0.016407
7.9507,0.012292
7.9607,0.006278
7.9707,0.012480
7.9807,0.019231
7.9907,0.000254
8.0007,0.020069
8.0107,0.006586
8.0207,0.008145
8.0307,0.014174
8.0407,0.005786
8.0507,0.013671
8.0607,0.000783
8.0707,0.017008
8.0807,0.011568
8.0907,0.009971
8.1007,0.012198
8.1107,0.009839
8.1207,0.013532
8.1307,0.008342
8.1407,0.007673
8.1507,0.000000
8.1607,0.020919
8.1707,0.000696
8.1807,0.022924
8.1907,0.008061
8.2007,0.019740
8.2107,0.018338
8.2207,0.017698
8.2307,0.010371
8.2407,0.000443
8.2507,0.008544
8.2607,0.007484
8.2707,0.009183
8.2807,0.000178
8.2907,0.007710
8.3007,0.000000
8.3107,0.007598
8.3207,0.011006
8.3307,0.003745
8.3407,0.007839
8.3507,0.011301
8.3607,0.018102
8.3707,0.018437
8.3807,0.012443
8.3907,0.009765
8.4007,0.012841
8.4107,0.024400
8.4207,0.014012
8.4307,0.012085
8.4407,0.018583
8.4507,0.010384
8.4607,0.003173
8.4707,0.013673
8.4807,0.011363
8.4907,0.008251
8.5007,0.014350
8.5107,0.000000
8.5207,0.005675
8.5307,0.002970
8.5407,0.003801
8.5507,0.008768
8.5607,0.002720
8.5707,0.023416
8.5807,0.013613
8.5907,0.003645
8.6007,0.000000
8.6107,0.005332
8.6207,0.007362
8.6307,0.004920
8.6407,0.030340
8.6507,0.000000
8.6607,0.010408
8.6707,0.008961
8.6807,0.008007
8.6907,0.000000
8.7007,0.009658
8.7107,0.011443
8.7207,0.015678
8.7307,0.013866
8.7407,0.019746
8.7507,0.000000
8.7607,0.008120
8.7707,0.030036
8.7807,0.018481
8.7907,0.000000
8.8007,0.010705
8.8107,0.001621
8.8207,0.006548
8.8307,0.025997
8.8407,0.017668
8.8507,0.000000
8.8607,0.003878
8.8707,0.010007
8.8807,0.007885
8.8907,0.012506
8.9007,0.003805
8.9107,0.007070
8.9207,0.003712
8.9307,0.007059
8.9407,0.015631
8.9507,0.012374
8.9607,0.004390
8.9707,0.019058
8.9807,0.018510
8.9907,0.009991
9.0008,0.007935
9.0108,0.024100
9.0208,0.022855
9.0308,0.000000
9.0408,0.019554
9.0508,0.023790
9.0608,0.015253
9.0708,0.006265
9.0808,0.007235
9.0908,0.023685
9.1008,0.016683
9.1108,0.014378
9.1208,0.028662
9.1308,0.001938
9.1408,0.009274
9.1508,0.011520
9.1608,0.008307
9.1708,0.000000
9.1808,0.018031
9.1908,0.003990
9.2008,0.003847
9.2108,0.007128
9.2208,0.008158
9.2308,0.009028
9.2408,0.017710
9.2508,0.019351
9.2608,0.007925
9.2708,0.005215
9.2808,0.008973
9.2908,0.002851
9.3008,0.009773
9.3108,0.002431
9.3208,0.027018
9.3308,0.011023
9.3408,0.005697
9.3508,0.015647
9.3608,0.000144
9.3708,0.004308
9.3808,0.013390
9.3908,0.011083
9.4008,0.018390
9.4108,0.000000
9.4208,0.016545
9.4308,0.005653
9.4408,0.000638
9.4508,0.000000
9.4608,0.005555
9.4708,0.022720
9.4808,0.017753
9.4908,0.023075
9.5008,0.009089
9.5108,0.010854
9.5208,0.000000
9.5308,0.000000
9.5408,0.008828
9.5508,0.000000
9.5608,0.003142
9.5708,0.010346
9.5808,0.020179
9.5908,0.010079
9.6008,0.000000
9.6108,0.000000
9.6208,0.010959
9.6308,0.004967
9.6408,0.010929
9.6508,0.008367
9.6608,0.009436
9.6708,0.019613
9.6808,0.018429
9.6908,0.012951
9.7008,0.002838
9.7108,0.005590
9.7208,0.016106
9.7308,0.020411
9.7408,0.000000
9.7508,0.022220
9.7608,0.003762
9.7708,0.015350
9.7808,0.032408
9.7908,0.000000
9.8008,0.014042
9.8108,0.007488
9.8208,0.013578
9.8308,0.005048
9.8408,0.000000
9.8508,0.003969
9.8608,0.012776
9.8708,0.020794
9.8808,0.013244
9.8908,0.021782
9.9008,0.006053
9.9108,0.005402
9.9208,0.012745
9.9308,0.007000
9.9408,0.018980
9.9508,0.000000
9.9608,0.016902
9.9708,0.019664
9.9808,0.012921
9.9908,0.017302
10.0008,0.004806
10.0108,0.003349
10.0208,0.012818
10.0308,0.004222
10.0408,0.012404
10.0508,0.012413
10.0608,0.009461
10.0708,0.012258
10.0808,0.015078
10.0908,0.009200
10.1008,0.006185
10.1108,0.016581
10.1208,0.012186
10.1308,0.013609
10.1408,0.014661
10.1508,0.011188
10.1608,0.007246
10.1708,0.005065
10.1808,0.009292
10.1908,0.013854
10.2009,0.014227
10.2109,0.011151
10.2209,0.012818
10.2309,0.001163
10.2409,0.006285
10.2509,0.015367
10.2609,0.003332
10.2709,0.011130
10.2809,0.010413
10.2909,0.009089
10.3009,0.015430
10.3109,0.011818
10.3209,0.000420
10.3309,0.014129
10.3409,0.005943
10.3509,0.000000
10.3609,0.015938
10.3709,0.000513
10.3809,0.007163
10.3909,0.012348
10.4009,0.009414
10.4109,0.005006
10.4209,0.002050
10.4309,0.003919
10.4409,0.001380
10.4509,0.008988
10.4609,0.005637
10.4709,0.000000
10.4809,0.007686
10.4909,0.004854
10.5009,0.012145
10.5109,0.012897
10.5209,0.020736
10.5309,0.015182
10.5409,0.001294
10.5509,0.000000
10.5609,0.000000
10.5709,0.005980
10.5809,0.000000
10.5909,0.005071
10.6009,0.010258
10.6109,0.005495
10.6209,0.012230
10.6309,0.005132
10.6409,0.003904
10.6509,0.023664
10.6609,0.009736
10.6709,0.010896
10.6809,0.016754
10.6909,0.017016
10.7009,0.007071
10.7109,0.018368
10.7209,0.006409
10.7309,0.018130
10.7409,0.000130
10.7509,0.007546
10.7609,0.011781
10.7709,0.012886
10.7809,0.003251
10.7909,0.000000
10.8009,0.013682
10.8109,0.008346
10.8209,0.006874
10.8309,0.023235
10.8409,0.007656
10.8509,0.005865
10.8609,0.000000
10.8709,0.001338
10.8809,0.017007
10.8909,0.004197
10.9009,0.015028
10.9109,0.000000
10.9209,0.003046
10.9309,0.002842
10.9409,0.013814
10.9509,0.008305
10.9609,0.001115
10.9709,0.015716
10.9809,0.013954
10.9909,0.012723
11.0009,0.012362
11.0109,0.003168
11.0209,0.020069
11.0309,0.009192
11.0409,0.012144
11.0509,0.013063
11.0609,0.002441
11.0709,0.025171
11.0809,0.009783
11.0909,0.010267
11.1009,0.006700
11.1109,0.019200
11.1209,0.019537
11.1309,0.011266
11.1409,0.000000
11.1509,0.008684
11.1609,0.009480
11.1709,0.006387
11.1809,0.002133
11.1909,0.000000
11.2009,0.021769
11.2109,0.015933
11.2209,0.010276
11.2309,0.004802
11.2409,0.012881
11.2509,0.011633
11.2609,0.006791
11.2709,0.013118
11.2809,0.014099
11.2909,0.015499
11.3009,0.002895
11.3109,0.013450
11.3209,0.019421
11.3309,0.012371
11.3409,0.027666
11.3509,0.008557
11.3609,0.000000
11.3709,0.003209
11.3809,0.004646
11.3909,0.014469
11.4010,0.016655
11.4110,0.011089
11.4210,0.012341
11.4310,0.025321
11.4410,0.003351
11.4510,0.009417
11.4610,0.006381
11.4710,0.000609
11.4810,0.000000
11.4910,0.020372
11.5010,0.003886
11.5110,0.007997
11.5210,0.013445
11.5310,0.000480
11.5410,0.003325
11.5510,0.009826
11.5610,0.006494
11.5710,0.000000
11.5810,0.014857
11.5910,0.006286
11.6010,0.011094
11.6110,0.010455
11.6210,0.017757
11.6310,0.012825
11.6410,0.003099
11.6510,0.019298
11.6610,0.006214
11.6710,0.003489
11.6810,0.002304
11.6910,0.000000
11.7010,0.005132
11.7110,0.013173
11.7210,0.000000
11.7310,0.023669
11.7410,0.000000
11.7510,0.003734
11.7610,0.000000
11.7710,0.017345
11.7810,0.015220
11.7910,0.007872
11.8010,0.000000
11.8110,0.000412
11.8210,0.012000
11.8310,0.004591
11.8410,0.005504
11.8510,0.009410
11.8610,0.006699
11.8710,0.000000
11.8810,0.000000
11.8910,0.000000
11.9010,0.004180
11.9110,0.010721
11.9210,0.010391
11.9310,0.019493
11.9410,0.000000
11.9510,0.012451
11.9610,0.003707
11.9710,0.025804
11.9810,0.009153
11.9910,0.005507
12.0010,0.012195
12.0110,0.011578
12.0210,0.006965
12.0310,0.014760
12.0410,0.022096
12.0510,0.017365
12.0610,0.008836
12.0710,0.024249
12.0810,0.013903
12.0910,0.001275
12.1010,0.010509
12.1110,0.008349
12.1210,0.005767
12.1310,0.012628
12.1410,0.000000
12.1510,0.022974
12.1610,0.015063
12.1710,0.000000
12.1810,0.015010
12.1910,0.013778
12.2010,0.021978
12.2110,0.024073
12.2210,0.025446
12.2310,0.008110
12.2410,0.014687
12.2510,0.006546
12.2610,0.018247
12.2710,0.000000
12.2810,0.000279
12.2910,0.007044
12.3010,0.010067
12.3110,0.011892
12.3210,0.020815
12.3310,0.005456
12.3410,0.000357
12.3510,0.007633
12.3610,0.005925
12.3710,0.015240
12.3810,0.023056
12.3910,0.022378
12.4010,0.019657
12.4110,0.006429
12.4210,0.009737
12.4310,0.014474
12.4410,0.004959
12.4510,0.005753
12.4610,0.014217
12.4710,0.000355
12.4810,0.020062
12.4910,0.008160
12.5010,0.015749
12.5110,0.013132
12.5210,0.021565
12.5310,0.000000
12.5410,0.021726
12.5510,0.021603
12.5610,0.014005
12.5710,0.015984
12.5810,0.016643
12.5910,0.004723
12.6011,0.012425
12.6111,0.019173
12.6211,0.000000
12.6311,0.015946
12.6411,0.012937
12.6511,0.017324
12.6611,0.002194
12.6711,0.006486
12.6811,0.001332
12.6911,0.001313
12.7011,0.019283
12.7111,0.007993
12.7211,0.007475
12.7311,0.021568
12.7411,0.010166
12.7511,0.020695
12.7611,0.004662
12.7711,0.010360
12.7811,0.005957
12.7911,0.017660
12.8011,0.011696
12.8111,0.019276
12.8211,0.014725
12.8311,0.000000
12.8411,0.011544
12.8511,0.001450
12.8611,0.016584
12.8711,0.018333
12.8811,0.019242
12.8911,0.013068
12.9011,0.001075
12.9111,0.015890
12.9211,0.017553
12.9311,0.012918
12.9411,0.015146
12.9511,0.000000
12.9611,0.015160
12.9711,0.013848
12.9811,0.005099
12.9911,0.019113
13.0011,0.011019
13.0111,0.016894
13.0211,0.019053
13.0311,0.017868
13.0411,0.004600
13.0511,0.012343
13.0611,0.032541
13.0711,0.026760
13.0811,0.022363
13.0911,0.017973
13.1011,0.007967
13.1111,0.014665
13.1211,0.012677
13.1311,0.015473
13.1411,0.004673
13.1511,0.023975
13.1611,0.000000
13.1711,0.023387
13.1811,0.023636
13.1911,0.035338
13.2011,0.014822
13.2111,0.012758
13.2211,0.017978
13.2311,0.021593
13.2411,0.016491
13.2511,0.007848
13.2611,0.021881
13.2711,0.017508
13.2811,0.009548
13.2911,0.004716
13.3011,0.037568
13.3111,0.024575
13.3211,0.022497
13.3311,0.017205
13.3411,0.023748
13.3511,0.009914
13.3611,0.020032
13.3711,0.020485
13.3811,0.010426
13.3911,0.017917
13.4011,0.015556
13.4111,0.012853
13.4211,0.014761
13.4311,0.005524
13.4411,0.027789
13.4511,0.031893
13.4611,0.012092
13.4711,0.028492
13.4811,0.019465
13.4911,0.019749
13.5011,0.009578
13.5111,0.015589
13.5211,0.024424
13.5311,0.012470
13.5411,0.014451
13.5511,0.016432
13.5611,0.000000
13.5711,0.023348
13.5811,0.025930
13.5911,0.023865
13.6011,0.028604
13.6111,0.017623
13.6211,0.035780
13.6311,0.014647
13.6411,0.019724
13.6511,0.019050
13.6611,0.023242
13.6711,0.019951
13.6811,0.021160
13.6911,0.016673
13.7011,0.018710
13.7111,0.004461
13.7211,0.028873
13.7311,0.014396
13.7411,0.018765
13.7511,0.014331
13.7611,0.027485
13.7711,0.018700
13.7811,0.003621
13.7911,0.025533
13.8012,0.017430
13.8112,0.023341
13.8212,0.030307
13.8312,0.015870
13.8412,0.023485
13.8512,0.017841
13.8612,0.032030
13.8712,0.024891
13.8812,0.024197
13.8912,0.014578
13.9012,0.030630
13.9112,0.031769
13.9212,0.018747
13.9312,0.026231
13.9412,0.029829
13.9512,0.042993
13.9612,0.028504
13.9712,0.025497
13.9812,0.024380
13.9912,0.024982
14.0012,0.032016
14.0112,0.018948
14.0212,0.033592
14.0312,0.013928
14.0412,0.031716
14.0512,0.034071
14.0612,0.033090
14.0712,0.028932
14.0812,0.030056
14.0912,0.023824
14.1012,0.018155
14.1112,0.029281
14.1212,0.027965
14.1312,0.034932
14.1412,0.026542
14.1512,0.029074
14.1612,0.030232
14.1712,0.032643
14.1812,0.035783
14.1912,0.020696
14.2012,0.034070
14.2112,0.027144
14.2212,0.033861
14.2312,0.040680
14.2412,0.012117
14.2512,0.038833
14.2612,0.028303
14.2712,0.022539
14.2812,0.026016
14.2912,0.021398
14.3012,0.033843
14.3112,0.021638
14.3212,0.039686
14.3312,0.035721
14.3412,0.032137
14.3512,0.014166
14.3612,0.020009
14.3712,0.030084
14.3812,0.030655
14.3912,0.038514
14.4012,0.007832
14.4112,0.025195
14.4212,0.038101
14.4312,0.028843
14.4412,0.027939
14.4512,0.018916
14.4612,0.040420
14.4712,0.028209
14.4812,0.040976
14.4912,0.044090
14.5012,0.043039
14.5112,0.032381
14.5212,0.028905
14.5312,0.028499
14.5412,0.048803
14.5512,0.031500
14.5612,0.041759
14.5712,0.037332
14.5812,0.030321
14.5912,0.031728
14.6012,0.043360
14.6112,0.034283
14.6212,0.030542
14.6312,0.027858
14.6412,0.037014
14.6512,0.030463
14.6612,0.039487
14.6712,0.055230
14.6812,0.039163
14.6912,0.049593
14.7012,0.029583
14.7112,0.040916
14.7212,0.045631
14.7312,0.046767
14.7412,0.046105
14.7512,0.036146
14.7612,0.043276
14.7712,0.028159
14.7812,0.049300
14.7912,0.028969
14.8012,0.046763
14.8112,0.045222
14.8212,0.045315
14.8312,0.053686
14.8412,0.045725
14.8512,0.026837
14.8612,0.042313
14.8712,0.022624
14.8812,0.037155
14.8912,0.034650
14.9012,0.043277
14.9112,0.031736
14.9212,0.032122
14.9312,0.042621
14.9412,0.048155
14.9512,0.038924
14.9612,0.057634
14.9712,0.036450
14.9812,0.044780
14.9912,0.042219
15.0013,0.036894
15.0113,0.050274
15.0213,0.032808
15.0313,0.023471
15.0413,0.039216
15.0513,0.038318
15.0613,0.049023
15.0713,0.030671
15.0813,0.045006
15.0913,0.044186
15.1013,0.043696
15.1113,0.049615
15.1213,0.041223
15.1313,0.041977
15.1413,0.045311
15.1513,0.041042
15.1613,0.031181
15.1713,0.038873
15.1813,0.040235
15.1913,0.037957
15.2013,0.040074
15.2113,0.044193
15.2213,0.040715
15.2313,0.049888
15.2413,0.050164
15.2513,0.024328
15.2613,0.032043
15.2713,0.024422
15.2813,0.041620
15.2913,0.041274
15.3013,0.045321
15.3113,0.051005
15.3213,0.044074
15.3313,0.039745
15.3413,0.044685
15.3513,0.040921
15.3613,0.033205
15.3713,0.052839
15.3813,0.048726
15.3913,0.057073
15.4013,0.035738
15.4113,0.032869
15.4213,0.038453
15.4313,0.049284
15.4413,0.053118
15.4513,0.048690
15.4613,0.047702
15.4713,0.053544
15.4813,0.043186
15.4913,0.055467
15.5013,0.063049
15.5113,0.038821
15.5213,0.045445
15.5313,0.036513
15.5413,0.040065
15.5513,0.051082
15.5613,0.034611
15.5713,0.042014
15.5813,0.056835
15.5913,0.050349
15.6013,0.054861
15.6113,0.038524
15.6213,0.049570
15.6313,0.064277
15.6413,0.044044
15.6513,0.045591
15.6613,0.054305
15.6713,0.042609
15.6813,0.055702
15.6913,0.035748
15.7013,0.030872
15.7113,0.052950
15.7213,0.042752
15.7313,0.046222
15.7413,0.057918
15.7513,0.056056
15.7613,0.041401
15.7713,0.055535
15.7813,0.049133
15.7913,0.055029
15.8013,0.051689
15.8113,0.039981
15.8213,0.046461
15.8313,0.033028
15.8413,0.053964
15.8513,0.055817
15.8613,0.047165
15.8713,0.052033
15.8813,0.045325
15.8913,0.063327
15.9013,0.043148
15.9113,0.051106
15.9213,0.043368
15.9313,0.055792
15.9413,0.062378
15.9513,0.037624
15.9613,0.059624
15.9713,0.067604
15.9813,0.055743
15.9913,0.049474
16.0013,0.054727
16.0113,0.050827
16.0213,0.071067
16.0313,0.062193
16.0413,0.062878
16.0513,0.073075
16.0613,0.066752
16.0713,0.055185
16.0813,0.056520
16.0913,0.075357
16.1013,0.050726
16.1113,0.055429
16.1213,0.048860
16.1313,0.042579
16.1413,0.050248
16.1513,0.050567
16.1613,0.052610
16.1713,0.062671
16.1813,0.057840
16.1913,0.066185
16.2014,0.059467
16.2114,0.059854
16.2214,0.056254
16.2314,0.074323
16.2414,0.055523
16.2514,0.066407
16.2614,0.049779
16.2714,0.057452
16.2814,0.075623
16.2914,0.065207
16.3014,0.048692
16.3114,0.051799
16.3214,0.073034
16.3314,0.061088
16.3414,0.058343
16.3514,0.054477
16.3614,0.058334
16.3714,0.072349
16.3814,0.055602
16.3914,0.056550
16.4014,0.066327
16.4114,0.053378
16.4214,0.054381
16.4314,0.062076
16.4414,0.062441
16.4514,0.055882
16.4614,0.066306
16.4714,0.064437
16.4814,0.047064
16.4914,0.069261
16.5014,0.058626
16.5114,0.069797
16.5214,0.080152
16.5314,0.063144
16.5414,0.058688
16.5514,0.075043
16.5614,0.057466
16.5714,0.079485
16.5814,0.060803
16.5914,0.059663
16.6014,0.083772
16.6114,0.067916
16.6214,0.078155
16.6314,0.065136
16.6414,0.064734
16.6514,0.042279
16.6614,0.073941
16.6714,0.069097
16.6814,0.065288
16.6914,0.071085
16.7014,0.066824
16.7114,0.059138
16.7214,0.069755
16.7314,0.065496
16.7414,0.073118
16.7514,0.065116
16.7614,0.063777
16.7714,0.063341
16.7814,0.060791
16.7914,0.063851
16.8014,0.071656
16.8114,0.062372
16.8214,0.059135
16.8314,0.075023
16.8414,0.067771
16.8514,0.075190
16.8614,0.067453
16.8714,0.064811
16.8814,0.055608
16.8914,0.060684
16.9014,0.062913
16.9114,0.072311
16.9214,0.069361
16.9314,0.062199
16.9414,0.048328
16.9514,0.074445
16.9614,0.077933
16.9714,0.078802
16.9814,0.063537
16.9914,0.079640
17.0014,0.076125
17.0114,0.076257
17.0214,0.067063
17.0314,0.071047
17.0414,0.086933
17.0514,0.085871
17.0614,0.072237
17.0714,0.074328
17.0814,0.055406
17.0914,0.082769
17.1014,0.079275
17.1114,0.076242
17.1214,0.068834
17.1314,0.074357
17.1414,0.085723
17.1514,0.077065
17.1614,0.095395
17.1714,0.081006
17.1814,0.067337
17.1914,0.071573
17.2014,0.069354
17.2114,0.082067
17.2214,0.084606
17.2314,0.089281
17.2414,0.073065
17.2514,0.079641
17.2614,0.086314
17.2714,0.088643
17.2814,0.066573
17.2914,0.081552
17.3014,0.067221
17.3114,0.072125
17.3214,0.066658
17.3314,0.072319
17.3414,0.065863
17.3514,0.068179
17.3614,0.070573
17.3714,0.080408
17.3814,0.078429
17.3914,0.065180
17.4015,0.100438
17.4115,0.074774
17.4215,0.068223
17.4315,0.083692
17.4415,0.079170
17.4515,0.072881
17.4615,0.082682
17.4715,0.074353
17.4815,0.077543
17.4915,0.091809
17.5015,0.081248
17.5115,0.085348
17.5215,0.076434
17.5315,0.082012
17.5415,0.074796
17.5515,0.074618
17.5615,0.078016
17.5715,0.075935
17.5815,0.089972
17.5915,0.086477
17.6015,0.063683
17.6115,0.095991
17.6215,0.087504
17.6315,0.091708
17.6415,0.081361
17.6515,0.070953
17.6615,0.072490
17.6715,0.096918
17.6815,0.070419
17.6915,0.072050
17.7015,0.080330
17.7115,0.072892
17.7215,0.088413
17.7315,0.089212
17.7415,0.087813
17.7515,0.079768
17.7615,0.087170
17.7715,0.099307
17.7815,0.073744
17.7915,0.094328
17.8015,0.092037
17.8115,0.084910
17.8215,0.087262
17.8315,0.088963
17.8415,0.078476
17.8515,0.073409
17.8615,0.093899
17.8715,0.076866
17.8815,0.078260
17.8915,0.083060
17.9015,0.089640
17.9115,0.083549
17.9215,0.081931
17.9315,0.095525
17.9415,0.085417
17.9515,0.081875
17.9615,0.091600
17.9715,0.089092
17.9815,0.089033
17.9915,0.092531
18.0015,0.088064
18.0115,0.096102
18.0215,0.078098
18.0315,0.099636
18.0415,0.082581
18.0515,0.076975
18.0615,0.083942
18.0715,0.087634
18.0815,0.084731
18.0915,0.083071
18.1015,0.099058
18.1115,0.084190
18.1215,0.073275
18.1315,0.088715
18.1415,0.108064
18.1515,0.083370
18.1615,0.084867
18.1715,0.089017
18.1815,0.104782
18.1915,0.089735
18.2015,0.084607
18.2115,0.095880
18.2215,0.095467
18.2315,0.097234
18.2415,0.085025
18.2515,0.089191
18.2615,0.102895
18.2715,0.097345
18.2815,0.100725
18.2915,0.094006
18.3015,0.103073
18.3115,0.097151
18.3215,0.090801
18.3315,0.101136
18.3415,0.088356
18.3515,0.107889
18.3615,0.103789
18.3715,0.093567
18.3815,0.094613
18.3915,0.097335
18.4015,0.095078
18.4115,0.107197
18.4215,0.092520
18.4315,0.084994
18.4415,0.095130
18.4515,0.103404
18.4615,0.105686
18.4715,0.098664
18.4815,0.092868
18.4915,0.097771
18.5015,0.093068
18.5115,0.080052
18.5215,0.091863
18.5315,0.102949
18.5415,0.096886
18.5515,0.096768
18.5615,0.108277
18.5715,0.091897
18.5815,0.092865
18.5915,0.102628
18.6016,0.094472
18.6116,0.094619
18.6216,0.112934
18.6316,0.092150
18.6416,0.095053
18.6516,0.104611
18.6616,0.100895
18.6716,0.090485
18.6816,0.115932
18.6916,0.095493
18.7016,0.100070
18.7116,0.105716
18.7216,0.119708
18.7316,0.099319
18.7416,0.095429
18.7516,0.106954
18.7616,0.119865
18.7716,0.104435
18.7816,0.101252
18.7916,0.106854
18.8016,0.087309
18.8116,0.099180
18.8216,0.089686
18.8316,0.101597
18.8416,0.100562
18.8516,0.083754
18.8616,0.106477
18.8716,0.110176
18.8816,0.103873
18.8916,0.093382
18.9016,0.115921
18.9116,0.121165
18.9216,0.109379
18.9316,0.103534
18.9416,0.103828
18.9516,0.110213
18.9616,0.107656
18.9716,0.110610
18.9816,0.110915
18.9916,0.101600
19.0016,0.101113
19.0116,0.105643
19.0216,0.111816
19.0316,0.095791
19.0416,0.106628
19.0516,0.108360
19.0616,0.104944
19.0716,0.120251
19.0816,0.119076
19.0916,0.112735
19.1016,0.123765
19.1116,0.116820
19.1216,0.111057
19.1316,0.106360
19.1416,0.107205
19.1516,0.113603
19.1616,0.107776
19.1716,0.098807
19.1816,0.108089
19.1916,0.119547
19.2016,0.090926
19.2116,0.122935
19.2216,0.116495
19.2316,0.110220
19.2416,0.114589
19.2516,0.120169
19.2616,0.112940
19.2716,0.120455
19.2816,0.119865
19.2916,0.114653
19.3016,0.104559
19.3116,0.112856
19.3216,0.097500
19.3316,0.117590
19.3416,0.110860
19.3516,0.109489
19.3616,0.119849
19.3716,0.104636
19.3816,0.115890
19.3916,0.112468
19.4016,0.113937
19.4116,0.117849
19.4216,0.130357
19.4316,0.119151
19.4416,0.127024
19.4516,0.127516
19.4616,0.122705
19.4716,0.101991
19.4816,0.115020
19.4916,0.108407
19.5016,0.140236
19.5116,0.109492
19.5216,0.105739
19.5316,0.095750
19.5416,0.109818
19.5516,0.119286
19.5616,0.127197
19.5716,0.110134
19.5816,0.128263
19.5916,0.118577
19.6016,0.115400
19.6116,0.120862
19.6216,0.131016
19.6316,0.120281
19.6416,0.111202
19.6516,0.123658
19.6616,0.123727
19.6716,0.119136
19.6816,0.129027
19.6916,0.102739
19.7016,0.124106
19.7116,0.127721
19.7216,0.110053
19.7316,0.109975
19.7416,0.130023
19.7516,0.131632
19.7616,0.133312
19.7716,0.117087
19.7816,0.124438
19.7916,0.125693
19.8017,0.109568
19.8117,0.124682
19.8217,0.124731
19.8317,0.129783
19.8417,0.119446
19.8517,0.134221
19.8617,0.125059
19.8717,0.138292
19.8817,0.130786
19.8917,0.127234
19.9017,0.115757
19.9117,0.114851
19.9217,0.138417
19.9317,0.132831
19.9417,0.123728
19.9517,0.122874
19.9617,0.128183
19.9717,0.115847
19.9817,0.123067
19.9917,0.131908
20.0017,0.133179
20.0117,0.124464
20.0217,0.140411
20.0317,0.136169
20.0417,0.121860
20.0517,0.118004
20.0617,0.133168
20.0717,0.125011
20.0817,0.123693
20.0917,0.130797
20.1017,0.134970
20.1117,0.135752
20.1217,0.130059
20.1317,0.111468
20.1417,0.137656
20.1517,0.123774
20.1617,0.132891
20.1717,0.129649
20.1817,0.148780
20.1917,0.147493
20.2017,0.127556
20.2117,0.120677
20.2217,0.121505
20.2317,0.134012
20.2417,0.127724
20.2517,0.123356
20.2617,0.128258
20.2717,0.136260
20.2817,0.132227
20.2917,0.129197
20.3017,0.130405
20.3117,0.132167
20.3217,0.135447
20.3317,0.136120
20.3417,0.120886
20.3517,0.135611
20.3617,0.131585
20.3717,0.126575
20.3817,0.131907
20.3917,0.144342
20.4017,0.141766
20.4117,0.136280
20.4217,0.128530
20.4317,0.125034
20.4417,0.128581
20.4517,0.136418
20.4617,0.136792
20.4717,0.131519
20.4817,0.143958
20.4917,0.140216
20.5017,0.116136
20.5117,0.138425
20.5217,0.143801
20.5317,0.139582
20.5417,0.142820
20.5517,0.136266
20.5617,0.138058
20.5717,0.138431
20.5817,0.140465
20.5917,0.134566
20.6017,0.148145
20.6117,0.150993
20.6217,0.135570
20.6317,0.130675
20.6417,0.129469
20.6517,0.143678
20.6617,0.145348
20.6717,0.144126
20.6817,0.145021
20.6917,0.136720
20.7017,0.125553
20.7117,0.137703
20.7217,0.155120
20.7317,0.144216
20.7417,0.145701
20.7517,0.149751
20.7617,0.136000
20.7717,0.144717
20.7817,0.147235
20.7917,0.135886
20.8017,0.146465
20.8117,0.154126
20.8217,0.140766
20.8317,0.130402
20.8417,0.145770
20.8517,0.139346
20.8617,0.146256
20.8717,0.138280
20.8817,0.145714
20.8917,0.155253
20.9017,0.145423
20.9117,0.132662
20.9217,0.149071
20.9317,0.146434
20.9417,0.148190
20.9517,0.154480
20.9617,0.142704
20.9717,0.144811
20.9817,0.139090
20.9917,0.149083
21.0018,0.149084
21.0118,0.145880
21.0218,0.154145
21.0318,0.140086
21.0418,0.149606
21.0518,0.153611
21.0618,0.144677
21.0718,0.138236
21.0818,0.135873
21.0918,0.150890
21.1018,0.163412
21.1118,0.145193
21.1218,0.153894
21.1318,0.131093
21.1418,0.153694
21.1518,0.142212
21.1618,0.147986
21.1718,0.151976
21.1818,0.138271
21.1918,0.176935
21.2018,0.147140
21.2118,0.157052
21.2218,0.164350
21.2318,0.154967
21.2418,0.143013
21.2518,0.153870
21.2618,0.138561
21.2718,0.150828
21.2818,0.167105
21.2918,0.142614
21.3018,0.147524
21.3118,0.169160
21.3218,0.153151
21.3318,0.147610
21.3418,0.158088
21.3518,0.151438
21.3618,0.133675
21.3718,0.144734
21.3818,0.172289
21.3918,0.158673
21.4018,0.167972
21.4118,0.148244
21.4218,0.156253
21.4318,0.155557
21.4418,0.152746
21.4518,0.159021
21.4618,0.148637
21.4718,0.167447
21.4818,0.161725
21.4918,0.156810
21.5018,0.159485
21.5118,0.156217
21.5218,0.145063
21.5318,0.151143
21.5418,0.157844
21.5518,0.156679
21.5618,0.164899
21.5718,0.164418
21.5818,0.155674
21.5918,0.152714
21.6018,0.166625
21.6118,0.162319
21.6218,0.156049
21.6318,0.152104
21.6418,0.156050
21.6518,0.164811
21.6618,0.175387
21.6718,0.160416
21.6818,0.155665
21.6918,0.179805
21.7018,0.159791
21.7118,0.156631
21.7218,0.159945
21.7318,0.159765
21.7418,0.173805
21.7518,0.150470
21.7618,0.168835
21.7718,0.164210
21.7818,0.160064
21.7918,0.162049
21.8018,0.162951
21.8118,0.165880
21.8218,0.161785
21.8318,0.165091
21.8418,0.159617
21.8518,0.183511
21.8618,0.174350
21.8718,0.170405
21.8818,0.163166
21.8918,0.173509
21.9018,0.169552
21.9118,0.168331
21.9218,0.163335
21.9318,0.170017
21.9418,0.181510
21.9518,0.168908
21.9618,0.166375
21.9718,0.169500
21.9818,0.169278
21.9918,0.164772
22.0018,0.163441
22.0118,0.175937
22.0218,0.179453
22.0318,0.188155
22.0418,0.173912
22.0518,0.171395
22.0618,0.177891
22.0718,0.163626
22.0818,0.176243
22.0918,0.179624
22.1018,0.179718
22.1118,0.185072
22.1218,0.167155
22.1318,0.168210
22.1418,0.170634
22.1518,0.163636
22.1618,0.177071
22.1718,0.178368
22.1818,0.177661
22.1918,0.174565
22.2019,0.181616
22.2119,0.178369
22.2219,0.169146
22.2319,0.150563
22.2419,0.171711
22.2519,0.174865
22.2619,0.175125
22.2719,0.173505
22.2819,0.170836
22.2919,0.168547
22.3019,0.167248
22.3119,0.179180
22.3219,0.184594
22.3319,0.166065
22.3419,0.175770
22.3519,0.182755
22.3619,0.175118
22.3719,0.182541
22.3819,0.185621
22.3919,0.180331
22.4019,0.173391
22.4119,0.188056
22.4219,0.175574
22.4319,0.175752
22.4419,0.182187
22.4519,0.175832
22.4619,0.176628
22.4719,0.175602
22.4819,0.177320
22.4919,0.180513
22.5019,0.163327
22.5119,0.178496
22.5219,0.165329
22.5319,0.176365
22.5419,0.182490
22.5519,0.177333
22.5619,0.185742
22.5719,0.183065
22.5819,0.163200
22.5919,0.190196
22.6019,0.182772
22.6119,0.176383
22.6219,0.177340
22.6319,0.164581
22.6419,0.183160
22.6519,0.186786
22.6619,0.176295
22.6719,0.174652
22.6819,0.183172
22.6919,0.191761
22.7019,0.191085
22.7119,0.189144
22.7219,0.198827
22.7319,0.190213
22.7419,0.192223
22.7519,0.183818
22.7619,0.180498
22.7719,0.192498
22.7819,0.175721
22.7919,0.187107
22.8019,0.179001
22.8119,0.186725
22.8219,0.186300
22.8319,0.185605
22.8419,0.184304
22.8519,0.188850
22.8619,0.190274
22.8719,0.173683
22.8819,0.184653
22.8919,0.181812
22.9019,0.186849
22.9119,0.182107
22.9219,0.195775
22.9319,0.185166
22.9419,0.193742
22.9519,0.178368
22.9619,0.183876
22.9719,0.181339
22.9819,0.189541
22.9919,0.177045
23.0019,0.172988
23.0119,0.181786
23.0219,0.191412
23.0319,0.180576
23.0419,0.189309
23.0519,0.182136
23.0619,0.173421
23.0719,0.194388
23.0819,0.192895
23.0919,0.187509
23.1019,0.188297
23.1119,0.186420
23.1219,0.179945
23.1319,0.198779
23.1419,0.187650
23.1519,0.191471
23.1619,0.184711
23.1719,0.192367
23.1819,0.198107
23.1919,0.190400
23.2019,0.192072
23.2119,0.196331
23.2219,0.195085
23.2319,0.197898
23.2419,0.192230
23.2519,0.192344
23.2619,0.191813
23.2719,0.196933
23.2819,0.186677
23.2919,0.194490
23.3019,0.208740
23.3119,0.193346
23.3219,0.181011
23.3319,0.188380
23.3419,0.195780
23.3519,0.185561
23.3619,0.183214
23.3719,0.180114
23.3819,0.189592
23.3919,0.204262
23.4020,0.187228
23.4120,0.198593
23.4220,0.189462
23.4320,0.188704
23.4420,0.196045
23.4520,0.179746
23.4620,0.205477
23.4720,0.196526
23.4820,0.200743
23.4920,0.190374
23.5020,0.196512
23.5120,0.200106
23.5220,0.192021
23.5320,0.185864
23.5420,0.185406
23.5520,0.189670
23.5620,0.194970
23.5720,0.191952
23.5820,0.189439
23.5920,0.198878
23.6020,0.189864
23.6120,0.188870
23.6220,0.201264
23.6320,0.198251
23.6420,0.184144
23.6520,0.183394
23.6620,0.185275
23.6720,0.193987
23.6820,0.203755
23.6920,0.206001
23.7020,0.200521
23.7120,0.209913
23.7220,0.196317
23.7320,0.203669
23.7420,0.190319
23.7520,0.182532
23.7620,0.192603
23.7720,0.194163
23.7820,0.215933
23.7920,0.195341
23.8020,0.187292
23.8120,0.203241
23.8220,0.189536
23.8320,0.196849
23.8420,0.202807
23.8520,0.188424
23.8620,0.208104
23.8720,0.205065
23.8820,0.198963
23.8920,0.210236
23.9020,0.193251
23.9120,0.202747
23.9220,0.198709
23.9320,0.191460
23.9420,0.191784
23.9520,0.212978
23.9620,0.205287
23.9720,0.204012
23.9820,0.191976
23.9920,0.202723
24.0020,0.194197
24.0120,0.210807
24.0220,0.207006
24.0320,0.204738
24.0420,0.204005
24.0520,0.196840
24.0620,0.201519
24.0720,0.210031
24.0820,0.201512
24.0920,0.191131
24.1020,0.207974
24.1120,0.192576
24.1220,0.197852
24.1320,0.194376
24.1420,0.177369
24.1520,0.199719
24.1620,0.215774
24.1720,0.201027
24.1820,0.222248
24.1920,0.197390
24.2020,0.200462
24.2120,0.197930
24.2220,0.199319
24.2320,0.201870
24.2420,0.211065
24.2520,0.192344
24.2620,0.199196
24.2720,0.204124
24.2820,0.209509
24.2920,0.182077
24.3020,0.188223
24.3120,0.199805
24.3220,0.208504
24.3320,0.195774
24.3420,0.205040
24.3520,0.215580
24.3620,0.199908
24.3720,0.198068
24.3820,0.203736
24.3920,0.201469
24.4020,0.202138
24.4120,0.198716
24.4220,0.198172
24.4320,0.192260
24.4420,0.205268
24.4520,0.192109
24.4620,0.193955
24.4720,0.190974
24.4820,0.198012
24.4920,0.200893
24.5020,0.191952
24.5120,0.198683
24.5220,0.202171
24.5320,0.188385
24.5420,0.194927
24.5520,0.215502
24.5620,0.195458
24.5720,0.206857
24.5820,0.197191
24.5920,0.202913
24.6021,0.194995
24.6121,0.186220
24.6221,0.197966
24.6321,0.205089
24.6421,0.207040
24.6521,0.202818
24.6621,0.195514
24.6721,0.209154
24.6821,0.196075
24.6921,0.196623
24.7021,0.194125
24.7121,0.198640
24.7221,0.199718
24.7321,0.204486
24.7421,0.191373
24.7521,0.198570
24.7621,0.195905
24.7721,0.205787
24.7821,0.204842
24.7921,0.194242
24.8021,0.206471
24.8121,0.202169
24.8221,0.208988
24.8321,0.197528
24.8421,0.207475
24.8521,0.209726
24.8621,0.203411
24.8721,0.219696
24.8821,0.206899
24.8921,0.217122
24.9021,0.223247
24.9121,0.189742
24.9221,0.212391
24.9321,0.207360
24.9421,0.205229
24.9521,0.198046
24.9621,0.196254
24.9721,0.195010
24.9821,0.221272
24.9921,0.207436
25.0021,0.192714
25.0121,0.195216
25.0221,0.187486
25.0321,0.213265
25.0421,0.204148
25.0521,0.207909
25.0621,0.203903
25.0721,0.211515
25.0821,0.200806
25.0921,0.206393
25.1021,0.206270
25.1121,0.194843
25.1221,0.198388
25.1321,0.201797
25.1421,0.206835
25.1521,0.215421
25.1621,0.205286
25.1721,0.203705
25.1821,0.206933
25.1921,0.203243
25.2021,0.204363
25.2121,0.216718
25.2221,0.202851
25.2321,0.206776
25.2421,0.199566
25.2521,0.214857
25.2621,0.197524
25.2721,0.204284
25.2821,0.212763
25.2921,0.198019
25.3021,0.211934
25.3121,0.188642
25.3221,0.196342
25.3321,0.204367
25.3421,0.224440
25.3521,0.206370
25.3621,0.206582
25.3721,0.214472
25.3821,0.196642
25.3921,0.181108
25.4021,0.219287
25.4121,0.210295
25.4221,0.201936
25.4321,0.205998
25.4421,0.213997
25.4521,0.204587
25.4621,0.206820
25.4721,0.221984
25.4821,0.195793
25.4921,0.209919
25.5021,0.196045
25.5121,0.218366
25.5221,0.208245
25.5321,0.200445
25.5421,0.193973
25.5521,0.203215
25.5621,0.207540
25.5721,0.215361
25.5821,0.197383
25.5921,0.199573
25.6021,0.202232
25.6121,0.200044
25.6221,0.202167
25.6321,0.198759
25.6421,0.209694
25.6521,0.202531
25.6621,0.206518
25.6721,0.208902
25.6821,0.195469
25.6921,0.211289
25.7021,0.208252
25.7121,0.208296
25.7221,0.205582
25.7321,0.204527
25.7421,0.207150
25.7521,0.207520
25.7621,0.197348
25.7721,0.219427
25.7821,0.201293
25.7921,0.207427
25.8022,0.216250
25.8122,0.204228
25.8222,0.208892
25.8322,0.189500
25.8422,0.191210
25.8522,0.206893
25.8622,0.208647
25.8722,0.216013
25.8822,0.213607
25.8922,0.194494
25.9022,0.217410
25.9122,0.197772
25.9222,0.214231
25.9322,0.203747
25.9422,0.229120
25.9522,0.202702
25.9622,0.206865
25.9722,0.208755
25.9822,0.205580
25.9922,0.199575
26.0022,0.225216
26.0122,0.202729
26.0222,0.202473
26.0322,0.206801
26.0422,0.209253
26.0522,0.202259
26.0622,0.215396
26.0722,0.209020
26.0822,0.207989
26.0922,0.212323
26.1022,0.201099
26.1122,0.203238
26.1222,0.207771
26.1322,0.215416
26.1422,0.206055
26.1522,0.205499
26.1622,0.191197
26.1722,0.202545
26.1822,0.194918
26.1922,0.196939
26.2022,0.211105
26.2122,0.234758
26.2222,0.209790
26.2322,0.210926
26.2422,0.202208
26.2522,0.199932
26.2622,0.224797
26.2722,0.201932
26.2822,0.192403
26.2922,0.210394
26.3022,0.205019
26.3122,0.213251
26.3222,0.221052
26.3322,0.211490
26.3422,0.210380
26.3522,0.213868
26.3622,0.230255
26.3722,0.226872
26.3822,0.206142
26.3922,0.216294
26.4022,0.223010
26.4122,0.214295
26.4222,0.208242
26.4322,0.204816
26.4422,0.209613
26.4522,0.199731
26.4622,0.216037
26.4722,0.220027
26.4822,0.205749
26.4922,0.205345
26.5022,0.200525
26.5122,0.212734
26.5222,0.208936
26.5322,0.197501
26.5422,0.232391
26.5522,0.194870
26.5622,0.197602
26.5722,0.216660
26.5822,0.214425
26.5922,0.203477
26.6022,0.202985
26.6122,0.212902
26.6222,0.212287
26.6322,0.203654
26.6422,0.217259
26.6522,0.213906
26.6622,0.220046
26.6722,0.208979
26.6822,0.215881
26.6922,0.207596
26.7022,0.213774
26.7122,0.212330
26.7222,0.216275
26.7322,0.213668
26.7422,0.194423
26.7522,0.204544
26.7622,0.210243
26.7722,0.213331
26.7822,0.216220
26.7922,0.214032
26.8022,0.204027
26.8122,0.217031
26.8222,0.203235
26.8322,0.219834
26.8422,0.220389
26.8522,0.209689
26.8622,0.204607
26.8722,0.204243
26.8822,0.201081
26.8922,0.202472
26.9022,0.208430
26.9122,0.205419
26.9222,0.197035
26.9322,0.206066
26.9422,0.210698
26.9522,0.207262
26.9622,0.202835
26.9722,0.190885
26.9822,0.219198
26.9922,0.209737
27.0023,0.212639
27.0123,0.211539
27.0223,0.214091
27.0323,0.212056
27.0423,0.210939
27.0523,0.216276
27.0623,0.218012
27.0723,0.221274
27.0823,0.203571
27.0923,0.212241
27.1023,0.197421
27.1123,0.206431
27.1223,0.208725
27.1323,0.216246
27.1423,0.209395
27.1523,0.215738
27.1623,0.207613
27.1723,0.205770
27.1823,0.203993
27.1923,0.215953
27.2023,0.207418
27.2123,0.191051
27.2223,0.215567
27.2323,0.203064
27.2423,0.212061
27.2523,0.201500
27.2623,0.210668
27.2723,0.187604
27.2823,0.210315
27.2923,0.203600
27.3023,0.200477
27.3123,0.216749
27.3223,0.209703
27.3323,0.208716
27.3423,0.204892
27.3523,0.217859
27.3623,0.207241
27.3723,0.222637
27.3823,0.220588
27.3923,0.222170
27.4023,0.218528
27.4123,0.205950
27.4223,0.211236
27.4323,0.209208
27.4423,0.217554
27.4523,0.210779
27.4623,0.208934
27.4723,0.224160
27.4823,0.208292
27.4923,0.205931
27.5023,0.207727
27.5123,0.219527
27.5223,0.212475
27.5323,0.214656
27.5423,0.212891
27.5523,0.193475
27.5623,0.202483
27.5723,0.208818
27.5823,0.213581
27.5923,0.203204
27.6023,0.202972
27.6123,0.208609
27.6223,0.221732
27.6323,0.193914
27.6423,0.189939
27.6523,0.225048
27.6623,0.198937
27.6723,0.207952
27.6823,0.199202
27.6923,0.208802
27.7023,0.210148
27.7123,0.224136
27.7223,0.217030
27.7323,0.201013
27.7423,0.196028
27.7523,0.215303
27.7623,0.207163
27.7723,0.205548
27.7823,0.220825
27.7923,0.197309
27.8023,0.208443
27.8123,0.216433
27.8223,0.201958
27.8323,0.221798
27.8423,0.203334
27.8523,0.210877
27.8623,0.205907
27.8723,0.189545
27.8823,0.208114
27.8923,0.217830
27.9023,0.203228
27.9123,0.206492
27.9223,0.207398
27.9323,0.215831
27.9423,0.208677
27.9523,0.211753
27.9623,0.211870
27.9723,0.207405
27.9823,0.225122
27.9923,0.203415
28.0023,0.217253
28.0123,0.221848
28.0223,0.210547
28.0323,0.212153
28.0423,0.215921
28.0523,0.208720
28.0623,0.196533
28.0723,0.209719
28.0823,0.224892
28.0923,0.216288
28.1023,0.212366
28.1123,0.217810
28.1223,0.210617
28.1323,0.212019
28.1423,0.208345
28.1523,0.215626
28.1623,0.207529
28.1723,0.209307
28.1823,0.218872
28.1923,0.210297
28.2024,0.216384
28.2124,0.217057
28.2224,0.211271
28.2324,0.209099
28.2424,0.201348
28.2524,0.203146
28.2624,0.216801
28.2724,0.216664
28.2824,0.204031
28.2924,0.215132
28.3024,0.213702
28.3124,0.219466
28.3224,0.229316
28.3324,0.216601
28.3424,0.206487
28.3524,0.217971
28.3624,0.203698
28.3724,0.229815
28.3824,0.202243
28.3924,0.215573
28.4024,0.212090
28.4124,0.208775
28.4224,0.208282
28.4324,0.222999
28.4424,0.216646
28.4524,0.210906
28.4624,0.225992
28.4724,0.211195
28.4824,0.218033
28.4924,0.201441
28.5024,0.201878
28.5124,0.217861
28.5224,0.214657
28.5324,0.229376
28.5424,0.206569
28.5524,0.217627
28.5624,0.210265
28.5724,0.219026
28.5824,0.218400
28.5924,0.212038
28.6024,0.206343
28.6124,0.209563
28.6224,0.203384
28.6324,0.215214
28.6424,0.189833
28.6524,0.207664
28.6624,0.219555
28.6724,0.219373
28.6824,0.199443
28.6924,0.217012
28.7024,0.203228
28.7124,0.209340
28.7224,0.218503
28.7324,0.204583
28.7424,0.223808
28.7524,0.214457
28.7624,0.216112
28.7724,0.221036
28.7824,0.219551
28.7924,0.218861
28.8024,0.207182
28.8124,0.203565
28.8224,0.210202
28.8324,0.216264
28.8424,0.202192
28.8524,0.217148
28.8624,0.215489
28.8724,0.211047
28.8824,0.213002
28.8924,0.213039
28.9024,0.216059
28.9124,0.218505
28.9224,0.235513
28.9324,0.213902
28.9424,0.207405
28.9524,0.197316
28.9624,0.201309
28.9724,0.206522
28.9824,0.218104
28.9924,0.209437
29.0024,0.215858
29.0124,0.206755
29.0224,0.216263
29.0324,0.219606
29.0424,0.209417
29.0524,0.216122
29.0624,0.209126
29.0724,0.202802
29.0824,0.217094
29.0924,0.215973
29.1024,0.217426
29.1124,0.220330
29.1224,0.210703
29.1324,0.211299
29.1424,0.210429
29.1524,0.215477
29.1624,0.211612
29.1724,0.213736
29.1824,0.206971
29.1924,0.204522
29.2024,0.205480
29.2124,0.216090
29.2224,0.212421
29.2324,0.208822
29.2424,0.218084
29.2524,0.224447
29.2624,0.208833
29.2724,0.204126
29.2824,0.220366
29.2924,0.212935
29.3024,0.211351
29.3124,0.220967
29.3224,0.210731
29.3324,0.216014
29.3424,0.214127
29.3524,0.238807
29.3624,0.211783
29.3724,0.220358
29.3824,0.210865
29.3924,0.216477
29.4025,0.211315
29.4125,0.219253
29.4225,0.212130
29.4325,0.216930
29.4425,0.206860
29.4525,0.206541
29.4625,0.197864
29.4725,0.215853
29.4825,0.207741
29.4925,0.230503
29.5025,0.209166
29.5125,0.222922
29.5225,0.222112
29.5325,0.210995
29.5425,0.207075
29.5525,0.211897
29.5625,0.222060
29.5725,0.231271
29.5825,0.203114
29.5925,0.213113
29.6025,0.208168
29.6125,0.210116
29.6225,0.226671
29.6325,0.206865
29.6425,0.200168
29.6525,0.214649
29.6625,0.216075
29.6725,0.209675
29.6825,0.207599
29.6925,0.214338
29.7025,0.202261
29.7125,0.216440
29.7225,0.210290
29.7325,0.224173
29.7425,0.215630
29.7525,0.211860
29.7625,0.211256
29.7725,0.197629
29.7825,0.212111
29.7925,0.211483
29.8025,0.213526
29.8125,0.211597
29.8225,0.224551
29.8325,0.210979
29.8425,0.206384
29.8525,0.199823
29.8625,0.209578
29.8725,0.204774
29.8825,0.202772
29.8925,0.210667
29.9025,0.222272
29.9125,0.220651
29.9225,0.202920
29.9325,0.213474
29.9425,0.216571
29.9525,0.217868
29.9625,0.226025
29.9725,0.203843
29.9825,0.206119
29.9925,0.207909
30.0025,0.216146
30.0125,0.191445
30.0225,0.211395
30.0325,0.198970
30.0425,0.213215
30.0525,0.229799
30.0625,0.220451
30.0725,0.203438
30.0825,0.209904
30.0925,0.206139
30.1025,0.223618
30.1125,0.195652
30.1225,0.209757
30.1325,0.207703
30.1425,0.203894
30.1525,0.226553
30.1625,0.200760
30.1725,0.203739
30.1825,0.226062
30.1925,0.212505
30.2025,0.211902
30.2125,0.208308
30.2225,0.213298
30.2325,0.209886
30.2425,0.207447
30.2525,0.202117
30.2625,0.213654
30.2725,0.208560
30.2825,0.209588
30.2925,0.218622
30.3025,0.209304
30.3125,0.212474
30.3225,0.226747
30.3325,0.216431
30.3425,0.209048
30.3525,0.204593
30.3625,0.212313
30.3725,0.219680
30.3825,0.208661
30.3925,0.213040
30.4025,0.208465
30.4125,0.210132
30.4225,0.203179
30.4325,0.215085
30.4425,0.214075
30.4525,0.224722
30.4625,0.213760
30.4725,0.207193
30.4825,0.224516
30.4925,0.215816
30.5025,0.214417
30.5125,0.212792
30.5225,0.214117
30.5325,0.205986
30.5425,0.212220
30.5525,0.211123
30.5625,0.215735
30.5725,0.221817
30.5825,0.220617
30.5925,0.216982
30.6026,0.199108
30.6126,0.209421
30.6226,0.198327
30.6326,0.221564
30.6426,0.211947
30.6526,0.211737
30.6626,0.207433
30.6726,0.223034
30.6826,0.213739
30.6926,0.212015
30.7026,0.213935
30.7126,0.214553
30.7226,0.211863
30.7326,0.223045
30.7426,0.222966
30.7526,0.213702
30.7626,0.206733
30.7726,0.215574
30.7826,0.208200
30.7926,0.224381
30.8026,0.225535
30.8126,0.218737
30.8226,0.203694
30.8326,0.209255
30.8426,0.211384
30.8526,0.206266
30.8626,0.210572
30.8726,0.214861
30.8826,0.217222
30.8926,0.223311
30.9026,0.212840
30.9126,0.210617
30.9226,0.202717
30.9326,0.215804
30.9426,0.209408
30.9526,0.211367
30.9626,0.208514
30.9726,0.208743
30.9826,0.218791
30.9926,0.212598
31.0026,0.225553
31.0126,0.204116
31.0226,0.223068
31.0326,0.209123
31.0426,0.212629
31.0526,0.217029
31.0626,0.221289
31.0726,0.221608
31.0826,0.221455
31.0926,0.211424
31.1026,0.227594
31.1126,0.218015
31.1226,0.189557
31.1326,0.213576
31.1426,0.210266
31.1526,0.210813
31.1626,0.218415
31.1726,0.215782
31.1826,0.207920
31.1926,0.225357
31.2026,0.203055
31.2126,0.202517
31.2226,0.204653
31.2326,0.216898
31.2426,0.216286
31.2526,0.206851
31.2626,0.208591
31.2726,0.213322
31.2826,0.204809
31.2926,0.219749
31.3026,0.225893
31.3126,0.211945
31.3226,0.216142
31.3326,0.214239
31.3426,0.224314
31.3526,0.228904
31.3626,0.210519
31.3726,0.213641
31.3826,0.220251
31.3926,0.216148
31.4026,0.206097
31.4126,0.198921
31.4226,0.208618
31.4326,0.216022
31.4426,0.210249
31.4526,0.204966
31.4626,0.208764
31.4726,0.228055
31.4826,0.204383
31.4926,0.210896
31.5026,0.209287
31.5126,0.229068
31.5226,0.201641
31.5326,0.207141
31.5426,0.213944
31.5526,0.214781
31.5626,0.222413
31.5726,0.221589
31.5826,0.207814
31.5926,0.215956
31.6026,0.212066
31.6126,0.209791
31.6226,0.221585
31.6326,0.215493
31.6426,0.226216
31.6526,0.217270
31.6626,0.220883
31.6726,0.191754
31.6826,0.214194
31.6926,0.216944
31.7026,0.217684
31.7126,0.225865
31.7226,0.218454
31.7326,0.203814
31.7426,0.217829
31.7526,0.220223
31.7626,0.208650
31.7726,0.210242
31.7826,0.219838
31.7926,0.213576
31.8027,0.222312
31.8127,0.215054
31.8227,0.196116
31.8327,0.214049
31.8427,0.210407
31.8527,0.218523
31.8627,0.216987
31.8727,0.206065
31.8827,0.215196
31.8927,0.217900
31.9027,0.217167
31.9127,0.221433
31.9227,0.205440
31.9327,0.212372
31.9427,0.195800
31.9527,0.223066
31.9627,0.214604
31.9727,0.212939
31.9827,0.212811
31.9927,0.217679
32.0027,0.222164
32.0127,0.211509
32.0227,0.217114
32.0327,0.217018
32.0427,0.196244
32.0527,0.208163
32.0627,0.217305
32.0727,0.223685
32.0827,0.224678
32.0927,0.203998
32.1027,0.221780
32.1127,0.222038
32.1227,0.217061
32.1327,0.197586
32.1427,0.209432
32.1527,0.214578
32.1627,0.211806
32.1727,0.196326
32.1827,0.211564
32.1927,0.206187
32.2027,0.218336
32.2127,0.217425
32.2227,0.217745
32.2327,0.210579
32.2427,0.213668
32.2527,0.212806
32.2627,0.220757
32.2727,0.209150
32.2827,0.207327
32.2927,0.221044
32.3027,0.219884
32.3127,0.217009
32.3227,0.225880
32.3327,0.229915
32.3427,0.223014
32.3527,0.207150
32.3627,0.219737
32.3727,0.213928
32.3827,0.208505
32.3927,0.207030
32.4027,0.215068
32.4127,0.219403
32.4227,0.223855
32.4327,0.218165
32.4427,0.217314
32.4527,0.211025
32.4627,0.214353
32.4727,0.200609
32.4827,0.217037
32.4927,0.215914
32.5027,0.227719
32.5127,0.212031
32.5227,0.221821
32.5327,0.208437
32.5427,0.225749
32.5527,0.223708
32.5627,0.221106
32.5727,0.212470
32.5827,0.210147
32.5927,0.208892
32.6027,0.204013
32.6127,0.215469
32.6227,0.209674
32.6327,0.214654
32.6427,0.212882
32.6527,0.202863
32.6627,0.219872
32.6727,0.212078
32.6827,0.218134
32.6927,0.201840
32.7027,0.204977
32.7127,0.207873
32.7227,0.212879
32.7327,0.210029
32.7427,0.221694
32.7527,0.218977
32.7627,0.204772
32.7727,0.234108
32.7827,0.209777
32.7927,0.220703
32.8027,0.208013
32.8127,0.215202
32.8227,0.217718
32.8327,0.197998
32.8427,0.223920
32.8527,0.203606
32.8627,0.206975
32.8727,0.204836
32.8827,0.205049
32.8927,0.205334
32.9027,0.199851
32.9127,0.215399
32.9227,0.210137
32.9327,0.208014
32.9427,0.217153
32.9527,0.223059
32.9627,0.196350
32.9727,0.221721
32.9827,0.208448
32.9927,0.197726
33.0028,0.211734
33.0128,0.207396
33.0228,0.215113
33.0328,0.209289
33.0428,0.210876
33.0528,0.204436
33.0628,0.199585
33.0728,0.213640
33.0828,0.203399
33.0928,0.210710
33.1028,0.219270
33.1128,0.205995
33.1228,0.212764
33.1328,0.206808
33.1428,0.204024
33.1528,0.194331
33.1628,0.206401
33.1728,0.205289
33.1828,0.199522
33.1928,0.190092
33.2028,0.192896
33.2128,0.220423
33.2228,0.206326
33.2328,0.194416
33.2428,0.200970
33.2528,0.205748
33.2628,0.209138
33.2728,0.203560
33.2828,0.221474
33.2928,0.221729
33.3028,0.208123
33.3128,0.202006
33.3228,0.207872
33.3328,0.194055
33.3428,0.212557
33.3528,0.205808
33.3628,0.194652
33.3728,0.199506
33.3828,0.208639
33.3928,0.190601
33.4028,0.196645
33.4128,0.199936
33.4228,0.211334
33.4328,0.217115
33.4428,0.206298
33.4528,0.177854
33.4628,0.194068
33.4728,0.230833
33.4828,0.203992
33.4928,0.181746
33.5028,0.221444
33.5128,0.191637
33.5228,0.206775
33.5328,0.192879
33.5428,0.219529
33.5528,0.190437
33.5628,0.196950
33.5728,0.209884
33.5828,0.196926
33.5928,0.205100
33.6028,0.207713
33.6128,0.202342
33.6228,0.191893
33.6328,0.194342
33.6428,0.197426
33.6528,0.205047
33.6628,0.206696
33.6728,0.201698
33.6828,0.205527
33.6928,0.187030
33.7028,0.201997
33.7128,0.198947
33.7228,0.203279
33.7328,0.205186
33.7428,0.190609
33.7528,0.197987
33.7628,0.209392
33.7728,0.200996
33.7828,0.197610
33.7928,0.188517
33.8028,0.202449
33.8128,0.186830
33.8228,0.196371
33.8328,0.193714
33.8428,0.200635
33.8528,0.192543
33.8628,0.194548
33.8728,0.189733
33.8828,0.194874
33.8928,0.198421
33.9028,0.193766
33.9128,0.193878
33.9228,0.197543
33.9328,0.204075
33.9428,0.201863
33.9528,0.185395
33.9628,0.201723
33.9728,0.206365
33.9828,0.200905
33.9928,0.175788
34.0028,0.197051
34.0128,0.205837
34.0228,0.191016
34.0328,0.217641
34.0428,0.176833
34.0528,0.195278
34.0628,0.199730
34.0728,0.195153
34.0828,0.194841
34.0928,0.185121
34.1028,0.188671
34.1128,0.197695
34.1228,0.176027
34.1328,0.200010
34.1428,0.191685
34.1528,0.196846
34.1628,0.199028
34.1728,0.221928
34.1828,0.203104
34.1928,0.182128
34.2029,0.208864
34.2129,0.169690
34.2229,0.187674
34.2329,0.192439
34.2429,0.188284
34.2529,0.192956
34.2629,0.189177
34.2729,0.200630
34.2829,0.186318
34.2929,0.189075
34.3029,0.203995
34.3129,0.197392
34.3229,0.188110
34.3329,0.193070
34.3429,0.204095
34.3529,0.177858
34.3629,0.180056
34.3729,0.183980
34.3829,0.190135
34.3929,0.195964
34.4029,0.181918
34.4129,0.180323
34.4229,0.177182
34.4329,0.179956
34.4429,0.182066
34.4529,0.169822
34.4629,0.182456
34.4729,0.178368
34.4829,0.185269
34.4929,0.199981
34.5029,0.173465
34.5129,0.194140
34.5229,0.199185
34.5329,0.193378
34.5429,0.188213
34.5529,0.195799
34.5629,0.190165
34.5729,0.193801
34.5829,0.185678
34.5929,0.176058
34.6029,0.193664
34.6129,0.205043
34.6229,0.181254
34.6329,0.183970
34.6429,0.184496
34.6529,0.171659
34.6629,0.176436
34.6729,0.185468
34.6829,0.182091
34.6929,0.182785
34.7029,0.182673
34.7129,0.181340
34.7229,0.175953
34.7329,0.185366
34.7429,0.184323
34.7529,0.174461
34.7629,0.184628
34.7729,0.176130
34.7829,0.186149
34.7929,0.180385
34.8029,0.183691
34.8129,0.181751
34.8229,0.179698
34.8329,0.182571
34.8429,0.186496
34.8529,0.180528
34.8629,0.180203
34.8729,0.176342
34.8829,0.164427
34.8929,0.179051
34.9029,0.168454
34.9129,0.173860
34.9229,0.171262
34.9329,0.172252
34.9429,0.172554
34.9529,0.181482
34.9629,0.180061
34.9729,0.178088
34.9829,0.186678
34.9929,0.201271
35.0029,0.180664
35.0129,0.183669
35.0229,0.178448
35.0329,0.181188
35.0429,0.162810
35.0529,0.153967
35.0629,0.158491
35.0729,0.170206
35.0829,0.185936
35.0929,0.176843
35.1029,0.171473
35.1129,0.178952
35.1229,0.177019
35.1329,0.163151
35.1429,0.177541
35.1529,0.180245
35.1629,0.190190
35.1729,0.172544
35.1829,0.186527
35.1929,0.169535
35.2029,0.191181
35.2129,0.167605
35.2229,0.177302
35.2329,0.174250
35.2429,0.183670
35.2529,0.182385
35.2629,0.163002
35.2729,0.168446
35.2829,0.187941
35.2929,0.171517
35.3029,0.177030
35.3129,0.161750
35.3229,0.168139
35.3329,0.164230
35.3429,0.177100
35.3529,0.175386
35.3629,0.179067
35.3729,0.160389
35.3829,0.173253
35.3929,0.168817
35.4030,0.148890
35.4130,0.171945
35.4230,0.178367
35.4330,0.180389
35.4430,0.167331
35.4530,0.174041
35.4630,0.171559
35.4730,0.160906
35.4830,0.159604
35.4930,0.166185
35.5030,0.164472
35.5130,0.166854
35.5230,0.162596
35.5330,0.167427
35.5430,0.156986
35.5530,0.177495
35.5630,0.150537
35.5730,0.164237
35.5830,0.163045
35.5930,0.163379
35.6030,0.157500
35.6130,0.151951
35.6230,0.165751
35.6330,0.161977
35.6430,0.166480
35.6530,0.149992
35.6630,0.176712
35.6730,0.162129
35.6830,0.138221
35.6930,0.163852
35.7030,0.158354
35.7130,0.152850
35.7230,0.171559
35.7330,0.168927
35.7430,0.164010
35.7530,0.161679
35.7630,0.164888
35.7730,0.148012
35.7830,0.161955
35.7930,0.170108
35.8030,0.168313
35.8130,0.151374
35.8230,0.161049
35.8330,0.150367
35.8430,0.160391
35.8530,0.152902
35.8630,0.151745
35.8730,0.161355
35.8830,0.152469
35.8930,0.151702
35.9030,0.160657
35.9130,0.145776
35.9230,0.154836
35.9330,0.144900
35.9430,0.146141
35.9530,0.166130
35.9630,0.153218
35.9730,0.150595
35.9830,0.162924
35.9930,0.168828
36.0030,0.157696
36.0130,0.163632
36.0230,0.150837
36.0330,0.155468
36.0430,0.154875
36.0530,0.157190
36.0630,0.162099
36.0730,0.142408
36.0830,0.146826
36.0930,0.149848
36.1030,0.145751
36.1130,0.155133
36.1230,0.154816
36.1330,0.153328
36.1430,0.149420
36.1530,0.163206
36.1630,0.153939
36.1730,0.150786
36.1830,0.152302
36.1930,0.157506
36.2030,0.153044
36.2130,0.144201
36.2230,0.164999
36.2330,0.154373
36.2430,0.141242
36.2530,0.135713
36.2630,0.155532
36.2730,0.160143
36.2830,0.153199
36.2930,0.154266
36.3030,0.154248
36.3130,0.148964
36.3230,0.135255
36.3330,0.142896
36.3430,0.154625
36.3530,0.152737
36.3630,0.146264
36.3730,0.143225
36.3830,0.148781
36.3930,0.144425
36.4030,0.146315
36.4130,0.147789
36.4230,0.140294
36.4330,0.152692
36.4430,0.144754
36.4530,0.149752
36.4630,0.146139
36.4730,0.157749
36.4830,0.149534
36.4930,0.148232
36.5030,0.147721
36.5130,0.161202
36.5230,0.143957
36.5330,0.145401
36.5430,0.144708
36.5530,0.127921
36.5630,0.144173
36.5730,0.151338
36.5830,0.147106
36.5930,0.154855
36.6031,0.148831
36.6131,0.146342
36.6231,0.149216
36.6331,0.144802
36.6431,0.139418
36.6531,0.140414
36.6631,0.122157
36.6731,0.153761
36.6831,0.139194
36.6931,0.132211
36.7031,0.137407
36.7131,0.154174
36.7231,0.140471
36.7331,0.141730
36.7431,0.156143
36.7531,0.145916
36.7631,0.136706
36.7731,0.125192
36.7831,0.143681
36.7931,0.132922
36.8031,0.143406
36.8131,0.137520
36.8231,0.140954
36.8331,0.144630
36.8431,0.123408
36.8531,0.138050
36.8631,0.136654
36.8731,0.138881
36.8831,0.140392
36.8931,0.137351
36.9031,0.130731
36.9131,0.126657
36.9231,0.122769
36.9331,0.136207
36.9431,0.139242
36.9531,0.132071
36.9631,0.141231
36.9731,0.133448
36.9831,0.133458
36.9931,0.122415
37.0031,0.130153
37.0131,0.140844
37.0231,0.144437
37.0331,0.131513
37.0431,0.139751
37.0531,0.143908
37.0631,0.124872
37.0731,0.134690
37.0831,0.133451
37.0931,0.140307
37.1031,0.124805
37.1131,0.133790
37.1231,0.128976
37.1331,0.134221
37.1431,0.140371
37.1531,0.142197
37.1631,0.139999
37.1731,0.122014
37.1831,0.125931
37.1931,0.137544
37.2031,0.134111
37.2131,0.126949
37.2231,0.121498
37.2331,0.097354
37.2431,0.115634
37.2531,0.125722
37.2631,0.125622
37.2731,0.131012
37.2831,0.132315
37.2931,0.145353
37.3031,0.120901
37.3131,0.111229
37.3231,0.119186
37.3331,0.139810
37.3431,0.126279
37.3531,0.134053
37.3631,0.121231
37.3731,0.121501
37.3831,0.111578
37.3931,0.122425
37.4031,0.124937
37.4131,0.131569
37.4231,0.128896
37.4331,0.140084
37.4431,0.122736
37.4531,0.125686
37.4631,0.123400
37.4731,0.117743
37.4831,0.126361
37.4931,0.120657
37.5031,0.135948
37.5131,0.116106
37.5231,0.119482
37.5331,0.112030
37.5431,0.124467
37.5531,0.110919
37.5631,0.121254
37.5731,0.111747
37.5831,0.113009
37.5931,0.114539
37.6031,0.126274
37.6131,0.119461
37.6231,0.119015
37.6331,0.124277
37.6431,0.114276
37.6531,0.103611
37.6631,0.110326
37.6731,0.116610
37.6831,0.118285
37.6931,0.122927
37.7031,0.117075
37.7131,0.126153
37.7231,0.120690
37.7331,0.106313
37.7431,0.096980
37.7531,0.109079
37.7631,0.118022
37.7731,0.119668
37.7831,0.115637
37.7931,0.117223
37.8032,0.126606
37.8132,0.115934
37.8232,0.118402
37.8332,0.128155
37.8432,0.100674
37.8532,0.128623
37.8632,0.094253
37.8732,0.107899
37.8832,0.109815
37.8932,0.101003
37.9032,0.112531
37.9132,0.113222
37.9232,0.119333
37.9332,0.118857
37.9432,0.114364
37.9532,0.121704
37.9632,0.117698
37.9732,0.109720
37.9832,0.113054
37.9932,0.106797
38.0032,0.101861
38.0132,0.114870
38.0232,0.099237
38.0332,0.109511
38.0432,0.092408
38.0532,0.111142
38.0632,0.104541
38.0732,0.114684
38.0832,0.108141
38.0932,0.108682
38.1032,0.109903
38.1132,0.104376
38.1232,0.104518
38.1332,0.104304
38.1432,0.107614
38.1532,0.103942
38.1632,0.111784
38.1732,0.093805
38.1832,0.095753
38.1932,0.122638
38.2032,0.103839
38.2132,0.098978
38.2232,0.106674
38.2332,0.112798
38.2432,0.111573
38.2532,0.100243
38.2632,0.101910
38.2732,0.103125
38.2832,0.108070
38.2932,0.105726
38.3032,0.097810
38.3132,0.100854
38.3232,0.102591
38.3332,0.116354
38.3432,0.102863
38.3532,0.130535
38.3632,0.101696
38.3732,0.090169
38.3832,0.106228
38.3932,0.111580
38.4032,0.106788
38.4132,0.104345
38.4232,0.099519
38.4332,0.100060
38.4432,0.083506
38.4532,0.108783
38.4632,0.098662
38.4732,0.110651
38.4832,0.097004
38.4932,0.100623
38.5032,0.110829
38.5132,0.111308
38.5232,0.107136
38.5332,0.085223
38.5432,0.089761
38.5532,0.105372
38.5632,0.093961
38.5732,0.099925
38.5832,0.100780
38.5932,0.100956
38.6032,0.090246
38.6132,0.106661
38.6232,0.094069
38.6332,0.102770
38.6432,0.096180
38.6532,0.112991
38.6632,0.108998
38.6732,0.114250
38.6832,0.110206
38.6932,0.095696
38.7032,0.092286
38.7132,0.087261
38.7232,0.098261
38.7332,0.096113
38.7432,0.095362
38.7532,0.088860
38.7632,0.098168
38.7732,0.092013
38.7832,0.090995
38.7932,0.095954
38.8032,0.093808
38.8132,0.082809
38.8232,0.087705
38.8332,0.098055
38.8432,0.093201
38.8532,0.077831
38.8632,0.098750
38.8732,0.092552
38.8832,0.084242
38.8932,0.087173
38.9032,0.093635
38.9132,0.074433
38.9232,0.095255
38.9332,0.099574
38.9432,0.098593
38.9532,0.100492
38.9632,0.084808
38.9732,0.099108
38.9832,0.092804
38.9932,0.083733
39.0033,0.093939
39.0133,0.093486
39.0233,0.102108
39.0333,0.099152
39.0433,0.083840
39.0533,0.091880
39.0633,0.091584
39.0733,0.090745
39.0833,0.086086
39.0933,0.102353
39.1033,0.083121
39.1133,0.101228
39.1233,0.076289
39.1333,0.084427
39.1433,0.093386
39.1533,0.078637
39.1633,0.080971
39.1733,0.090922
39.1833,0.072607
39.1933,0.095063
39.2033,0.097845
39.2133,0.097980
39.2233,0.088204
39.2333,0.081969
39.2433,0.082284
39.2533,0.087274
39.2633,0.085804
39.2733,0.081518
39.2833,0.097024
39.2933,0.082175
39.3033,0.095435
39.3133,0.084529
39.3233,0.083825
39.3333,0.087459
39.3433,0.087148
39.3533,0.081745
39.3633,0.087212
39.3733,0.087988
39.3833,0.095506
39.3933,0.082645
39.4033,0.075621
39.4133,0.076240
39.4233,0.100398
39.4333,0.066210
39.4433,0.071523
39.4533,0.081044
39.4633,0.075710
39.4733,0.086976
39.4833,0.086071
39.4933,0.075736
39.5033,0.091838
39.5133,0.070776
39.5233,0.073500
39.5333,0.091772
39.5433,0.068544
39.5533,0.081557
39.5633,0.091124
39.5733,0.057579
39.5833,0.075467
39.5933,0.085544
39.6033,0.075599
39.6133,0.078029
39.6233,0.078855
39.6333,0.079649
39.6433,0.070496
39.6533,0.082869
39.6633,0.078575
39.6733,0.067163
39.6833,0.072402
39.6933,0.064619
39.7033,0.077432
39.7133,0.079443
39.7233,0.077012
39.7333,0.079510
39.7433,0.075976
39.7533,0.080803
39.7633,0.073480
39.7733,0.079915
39.7833,0.063811
39.7933,0.062717
39.8033,0.074386
39.8133,0.078967
39.8233,0.071075
39.8333,0.078192
39.8433,0.075364
39.8533,0.056292
39.8633,0.091068
39.8733,0.062211
39.8833,0.064521
39.8933,0.081074
39.9033,0.071834
39.9133,0.065332
39.9233,0.067517
39.9333,0.064029
39.9433,0.064470
39.9533,0.076986
39.9633,0.066486
39.9733,0.061723
39.9833,0.063990
39.9933,0.068627
40.0033,0.063677
40.0133,0.067006
40.0233,0.072055
40.0333,0.065223
40.0433,0.061993
40.0533,0.063096
40.0633,0.079608
40.0733,0.085671
40.0833,0.068442
40.0933,0.073673
40.1033,0.060155
40.1133,0.062754
40.1233,0.070876
40.1333,0.048169
40.1433,0.073060
40.1533,0.062164
40.1633,0.057860
40.1733,0.069390
40.1833,0.077626
40.1933,0.063384
40.2034,0.068027
40.2134,0.069122
40.2234,0.067215
40.2334,0.057124
40.2434,0.066688
40.2534,0.066176
40.2634,0.042667
40.2734,0.071168
40.2834,0.052082
40.2934,0.064940
40.3034,0.075859
40.3134,0.061570
40.3234,0.054955
40.3334,0.067600
40.3434,0.074146
40.3534,0.053866
40.3634,0.043662
40.3734,0.071804
40.3834,0.068980
40.3934,0.065030
40.4034,0.047356
40.4134,0.066341
40.4234,0.069632
40.4334,0.078420
40.4434,0.058722
40.4534,0.062051
40.4634,0.043362
40.4734,0.068135
40.4834,0.067747
40.4934,0.063229
40.5034,0.069305
40.5134,0.053355
40.5234,0.057670
40.5334,0.057788
40.5434,0.067821
40.5534,0.067806
40.5634,0.061181
40.5734,0.060568
40.5834,0.062659
40.5934,0.055366
40.6034,0.068758
40.6134,0.054056
40.6234,0.060914
40.6334,0.052515
40.6434,0.064666
40.6534,0.056102
40.6634,0.073239
40.6734,0.055502
40.6834,0.063820
40.6934,0.051084
40.7034,0.053478
40.7134,0.055407
40.7234,0.058363
40.7334,0.049388
40.7434,0.050601
40.7534,0.055690
40.7634,0.057974
40.7734,0.054302
40.7834,0.052966
40.7934,0.043591
40.8034,0.058022
40.8134,0.060571
40.8234,0.061326
40.8334,0.054647
40.8434,0.048429
40.8534,0.050490
40.8634,0.054108
40.8734,0.052534
40.8834,0.045732
40.8934,0.038844
40.9034,0.047668
40.9134,0.049708
40.9234,0.054206
40.9334,0.048266
40.9434,0.049342
40.9534,0.052057
40.9634,0.063508
40.9734,0.049455
40.9834,0.038207
40.9934,0.044931
41.0034,0.064682
41.0134,0.061503
41.0234,0.057358
41.0334,0.055264
41.0434,0.055167
41.0534,0.047364
41.0634,0.056026
41.0734,0.056149
41.0834,0.055467
41.0934,0.043734
41.1034,0.045737
41.1134,0.043013
41.1234,0.055935
41.1334,0.050197
41.1434,0.050722
41.1534,0.052002
41.1634,0.035914
41.1734,0.054078
41.1834,0.042510
41.1934,0.043050
41.2034,0.039777
41.2134,0.046917
41.2234,0.045555
41.2334,0.034775
41.2434,0.031405
41.2534,0.043911
41.2634,0.051857
41.2734,0.050899
41.2834,0.052979
41.2934,0.043206
41.3034,0.041773
41.3134,0.043528
41.3234,0.050667
41.3334,0.056947
41.3434,0.040178
41.3534,0.041550
41.3634,0.043738
41.3734,0.041184
41.3834,0.038476
41.3934,0.041932
41.4035,0.036427
41.4135,0.048373
41.4235,0.054175
41.4335,0.039928
41.4435,0.055320
41.4535,0.040969
41.4635,0.036069
41.4735,0.046955
41.4835,0.033887
41.4935,0.046089
41.5035,0.042946
41.5135,0.037502
41.5235,0.036473
41.5335,0.033383
41.5435,0.048435
41.5535,0.038217
41.5635,0.042306
41.5735,0.039546
41.5835,0.037755
41.5935,0.041880
41.6035,0.043183
41.6135,0.040013
41.6235,0.037212
41.6335,0.029848
41.6435,0.033531
41.6535,0.035729
41.6635,0.038124
41.6735,0.023902
41.6835,0.042589
41.6935,0.040021
41.7035,0.032615
41.7135,0.029759
41.7235,0.031416
41.7335,0.026139
41.7435,0.033833
41.7535,0.034931
41.7635,0.043534
41.7735,0.039800
41.7835,0.045803
41.7935,0.036543
41.8035,0.028177
41.8135,0.049211
41.8235,0.032558
41.8335,0.022561
41.8435,0.036509
41.8535,0.021848
41.8635,0.033711
41.8735,0.030406
41.8835,0.038219
41.8935,0.041479
41.9035,0.031073
41.9135,0.030324
41.9235,0.039379
41.9335,0.027001
41.9435,0.033473
41.9535,0.037111
41.9635,0.026276
41.9735,0.030017
41.9835,0.033051
41.9935,0.042712
42.0035,0.022213
42.0135,0.030519
42.0235,0.042368
42.0335,0.039136
42.0435,0.028988
42.0535,0.030452
42.0635,0.034529
42.0735,0.034526
42.0835,0.041544
42.0935,0.039405
42.1035,0.019131
42.1135,0.017266
42.1235,0.025515
42.1335,0.014884
42.1435,0.040045
42.1535,0.017421
42.1635,0.026838
42.1735,0.022107
42.1835,0.016225
42.1935,0.038215
42.2035,0.024003
42.2135,0.043723
42.2235,0.039561
42.2335,0.028144
42.2435,0.011261
42.2535,0.025155
42.2635,0.046019
42.2735,0.031014
42.2835,0.026108
42.2935,0.022413
42.3035,0.034262
42.3135,0.029983
42.3235,0.029159
42.3335,0.035839
42.3435,0.035274
42.3535,0.029978
42.3635,0.013651
42.3735,0.018355
42.3835,0.021150
42.3935,0.025654
42.4035,0.037814
42.4135,0.042115
42.4235,0.028700
42.4335,0.029841
42.4435,0.013225
42.4535,0.021808
42.4635,0.020641
42.4735,0.019851
42.4835,0.029460
42.4935,0.021094
42.5035,0.009421
42.5135,0.031204
42.5235,0.033974
42.5335,0.026535
42.5435,0.022768
42.5535,0.016803
42.5635,0.017186
42.5735,0.032339
42.5835,0.017672
42.5935,0.039649
42.6036,0.031034
42.6136,0.026045
42.6236,0.044936
42.6336,0.033317
42.6436,0.019561
42.6536,0.014709
42.6636,0.019401
42.6736,0.021867
42.6836,0.016519
42.6936,0.013487
42.7036,0.024264
42.7136,0.029385
42.7236,0.037041
42.7336,0.022693
42.7436,0.026801
42.7536,0.007074
42.7636,0.028655
42.7736,0.013619
42.7836,0.024033
42.7936,0.021154
42.8036,0.019470
42.8136,0.009442
42.8236,0.015163
42.8336,0.013491
42.8436,0.016284
42.8536,0.030406
42.8636,0.018035
42.8736,0.015385
42.8836,0.025876
42.8936,0.023205
42.9036,0.036764
42.9136,0.028508
42.9236,0.004423
42.9336,0.026691
42.9436,0.025655
42.9536,0.033358
42.9636,0.018412
42.9736,0.028689
42.9836,0.016999
42.9936,0.022079
43.0036,0.011236
43.0136,0.008601
43.0236,0.026474
43.0336,0.019468
43.0436,0.009116
43.0536,0.025801
43.0636,0.000000
43.0736,0.012654
43.0836,0.005773
43.0936,0.028577
43.1036,0.015442
43.1136,0.019468
43.1236,0.021198
43.1336,0.025161
43.1436,0.024184
43.1536,0.024960
43.1636,0.016356
43.1736,0.025235
43.1836,0.013098
43.1936,0.015057
43.2036,0.005910
43.2136,0.031548
43.2236,0.010121
43.2336,0.029290
43.2436,0.022236
43.2536,0.019467
43.2636,0.020744
43.2736,0.009222
43.2836,0.030525
43.2936,0.014723
43.3036,0.025657
43.3136,0.013146
43.3236,0.005979
43.3336,0.033237
43.3436,0.012481
43.3536,0.020943
43.3636,0.000000
43.3736,0.016562
43.3836,0.021903
43.3936,0.018153
43.4036,0.016171
43.4136,0.015209
43.4236,0.023805
43.4336,0.006435
43.4436,0.014835
43.4536,0.028150
43.4636,0.004756
43.4736,0.015711
43.4836,0.007683
43.4936,0.018863
43.5036,0.016667
43.5136,0.008798
43.5236,0.016491
43.5336,0.016771
43.5436,0.011320
43.5536,0.012810
43.5636,0.010908
43.5736,0.000000
43.5836,0.023407
43.5936,0.025501
43.6036,0.001892
43.6136,0.025509
43.6236,0.019008
43.6336,0.006931
43.6436,0.014027
43.6536,0.010009
43.6636,0.022994
43.6736,0.008220
43.6836,0.032499
43.6936,0.024738
43.7036,0.005625
43.7136,0.028487
43.7236,0.021174
43.7336,0.014086
43.7436,0.020653
43.7536,0.022601
43.7636,0.009095
43.7736,0.021798
43.7836,0.011614
43.7936,0.021548
43.8037,0.013901
43.8137,0.006893
43.8237,0.019952
43.8337,0.011840
43.8437,0.016066
43.8537,0.018061
43.8637,0.026504
43.8737,0.011224
43.8837,0.007887
43.8937,0.027800
43.9037,0.014620
43.9137,0.010196
43.9237,0.017418
43.9337,0.011733
43.9437,0.012303
43.9537,0.034997
43.9637,0.006467
43.9737,0.002831
43.9837,0.024104
43.9937,0.011230
44.0037,0.016781
44.0137,0.019299
44.0237,0.000160
44.0337,0.023249
44.0437,0.009599
44.0537,0.029247
44.0637,0.007653
44.0737,0.026515
44.0837,0.027930
44.0937,0.010008
44.1037,0.012369
44.1137,0.011347
44.1237,0.025984
44.1337,0.015231
44.1437,0.018026
44.1537,0.012585
44.1637,0.017479
44.1737,0.017969
44.1837,0.008867
44.1937,0.027790
44.2037,0.011951
44.2137,0.021791
44.2237,0.003428
44.2337,0.018965
44.2437,0.021983
44.2537,0.015562
44.2637,0.022014
44.2737,0.007720
44.2837,0.017130
44.2937,0.001157
44.3037,0.014483
44.3137,0.006924
44.3237,0.012690
44.3337,0.024248
44.3437,0.027090
44.3537,0.002901
44.3637,0.023097
44.3737,0.024301
44.3837,0.015680
44.3937,0.023921
44.4037,0.009712
44.4137,0.008895
44.4237,0.008905
44.4337,0.018668
44.4437,0.012154
44.4537,0.007182
44.4637,0.007541
44.4737,0.012870
44.4837,0.006043
44.4937,0.018160
44.5037,0.022350
44.5137,0.020557
44.5237,0.036032
44.5337,0.016007
44.5437,0.026260
44.5537,0.014146
44.5637,0.010426
44.5737,0.013584
44.5837,0.013941
44.5937,0.011599
44.6037,0.003906
44.6137,0.004710
44.6237,0.021589
44.6337,0.019176
44.6437,0.026712
44.6537,0.009320
44.6637,0.008553
44.6737,0.003228
44.6837,0.020848
44.6937,0.005244
44.7037,0.012114
44.7137,0.014847
44.7237,0.000000
44.7337,0.018518
44.7437,0.020364
44.7537,0.014479
44.7637,0.011552
44.7737,0.011969
44.7837,0.023411
44.7937,0.012617
44.8037,0.012011
44.8137,0.006661
44.8237,0.000000
44.8337,0.020889
44.8437,0.012078
44.8537,0.005081
44.8637,0.028949
44.8737,0.015564
44.8837,0.010384
44.8937,0.020161
44.9037,0.014942
44.9137,0.014770
44.9237,0.007096
44.9337,0.017520
44.9437,0.019455
44.9537,0.007091
44.9637,0.000000
44.9737,0.019486
44.9837,0.016897
44.9937,0.018591
45.0038,0.012208
45.0138,0.019525
45.0238,0.006585
45.0338,0.010300
45.0438,0.003403
45.0538,0.021023
45.0638,0.011375
45.0738,0.013589
45.0838,0.015186
45.0938,0.009797
45.1038,0.018271
45.1138,0.024941
45.1238,0.019501
45.1338,0.000000
45.1438,0.012514
45.1538,0.012864
45.1638,0.021547
45.1738,0.007203
45.1838,0.003259
45.1938,0.018254
45.2038,0.011402
45.2138,0.006553
45.2238,0.009449
45.2338,0.000229
45.2438,0.012866
45.2538,0.009062
45.2638,0.015744
45.2738,0.009828
45.2838,0.011739
45.2938,0.007801
45.3038,0.009394
45.3138,0.002381
45.3238,0.019665
45.3338,0.011062
45.3438,0.000000
45.3538,0.000000
45.3638,0.019662
45.3738,0.011004
45.3838,0.011180
45.3938,0.011306
45.4038,0.015216
45.4138,0.023550
45.4238,0.014856
45.4338,0.013743
45.4438,0.006703
45.4538,0.000000
45.4638,0.015048
45.4738,0.015684
45.4838,0.020029
45.4938,0.024918
45.5038,0.001932
45.5138,0.006289
45.5238,0.016537
45.5338,0.011191
45.5438,0.022719
45.5538,0.009613
45.5638,0.027160
45.5738,0.011590
45.5838,0.024154
45.5938,0.000000
45.6038,0.015005
45.6138,0.011291
45.6238,0.000000
45.6338,0.010964
45.6438,0.001175
45.6538,0.006911
45.6638,0.013501
45.6738,0.010068
45.6838,0.013893
45.6938,0.012291
45.7038,0.029860
45.7138,0.013090
45.7238,0.011908
45.7338,0.014367
45.7438,0.010781
45.7538,0.000000
45.7638,0.016509
45.7738,0.021292
45.7838,0.023400
45.7938,0.016466
45.8038,0.008792
45.8138,0.013038
45.8238,0.025218
45.8338,0.009128
45.8438,0.001364
45.8538,0.028579
45.8638,0.002752
45.8738,0.000000
45.8838,0.013435
45.8938,0.014145
45.9038,0.014532
45.9138,0.017886
45.9238,0.009559
45.9338,0.009667
45.9438,0.006253
45.9538,0.011926
45.9638,0.015160
45.9738,0.018072
45.9838,0.003629
45.9938,0.000834
46.0038,0.017877
46.0138,0.006559
46.0238,0.002903
46.0338,0.000000
46.0438,0.022031
46.0538,0.012970
46.0638,0.015123
46.0738,0.014252
46.0838,0.012446
46.0938,0.010554
46.1038,0.010171
46.1138,0.002912
46.1238,0.000000
46.1338,0.028680
46.1438,0.011013
46.1538,0.007203
46.1638,0.004290
46.1738,0.019089
46.1838,0.011844
46.1938,0.003773
46.2039,0.008246
46.2139,0.013160
46.2239,0.007571
46.2339,0.017179
46.2439,0.027645
46.2539,0.007271
46.2639,0.008362
46.2739,0.003997
46.2839,0.009403
46.2939,0.000000
46.3039,0.019415
46.3139,0.000000
46.3239,0.004160
46.3339,0.011276
46.3439,0.021620
46.3539,0.003761
46.3639,0.009097
46.3739,0.012934
46.3839,0.005208
46.3939,0.009612
46.4039,0.000000
46.4139,0.006345
46.4239,0.020405
46.4339,0.017082
46.4439,0.007002
46.4539,0.002443
46.4639,0.008844
46.4739,0.000000
46.4839,0.008960
46.4939,0.007249
46.5039,0.006952
46.5139,0.009391
46.5239,0.014811
46.5339,0.002203
46.5439,0.018169
46.5539,0.019506
46.5639,0.028097
46.5739,0.012866
46.5839,0.022275
46.5939,0.018299
46.6039,0.012006
46.6139,0.000742
46.6239,0.017637
46.6339,0.012389
46.6439,0.024766
46.6539,0.016385
46.6639,0.018906
46.6739,0.005829
46.6839,0.012408
46.6939,0.000000
46.7039,0.014880
46.7139,0.020183
46.7239,0.021572
46.7339,0.007594
46.7439,0.000000
46.7539,0.006125
46.7639,0.009800
46.7739,0.013689
46.7839,0.000000
46.7939,0.009576
46.8039,0.002109
46.8139,0.021977
46.8239,0.000000
46.8339,0.018500
46.8439,0.009119
46.8539,0.000000
46.8639,0.023808
46.8739,0.021187
46.8839,0.020382
46.8939,0.011124
46.9039,0.005003
46.9139,0.010894
46.9239,0.014738
46.9339,0.006027
46.9439,0.003501
46.9539,0.014306
46.9639,0.011921
46.9739,0.017762
46.9839,0.022536
46.9939,0.017199
47.0039,0.001127
47.0139,0.010239
47.0239,0.013436
47.0339,0.016811
47.0439,0.017199
47.0539,0.009867
47.0639,0.006405
47.0739,0.018396
47.0839,0.013344
47.0939,0.012573
47.1039,0.004681
47.1139,0.027114
47.1239,0.012305
47.1339,0.009616
47.1439,0.012300
47.1539,0.009252
47.1639,0.000000
47.1739,0.012689
47.1839,0.000000
47.1939,0.011120
47.2039,0.000000
47.2139,0.000000
47.2239,0.015192
47.2339,0.001456
47.2439,0.013756
47.2539,0.011635
47.2639,0.011453
47.2739,0.005259
47.2839,0.009225
47.2939,0.005021
47.3039,0.017828
47.3139,0.006403
47.3239,0.008277
47.3339,0.016220
47.3439,0.005288
47.3539,0.000000
47.3639,0.001768
47.3739,0.018700
47.3839,0.010912
47.3939,0.012587
47.4040,0.012613
47.4140,0.024551
47.4240,0.000000
47.4340,0.009219
47.4440,0.010480
47.4540,0.010075
47.4640,0.016631
47.4740,0.016832
47.4840,0.008502
47.4940,0.000000
47.5040,0.030295
47.5140,0.010176
47.5240,0.010924
47.5340,0.020320
47.5440,0.007074
47.5540,0.020552
47.5640,0.007764
47.5740,0.024847
47.5840,0.013855
47.5940,0.004807
47.6040,0.027652
47.6140,0.015027
47.6240,0.005335
47.6340,0.000000
47.6440,0.015783
47.6540,0.021273
47.6640,0.013295
47.6740,0.012838
47.6840,0.022665
47.6940,0.014981
47.7040,0.004929
47.7140,0.005271
47.7240,0.014634
47.7340,0.014205
47.7440,0.018890
47.7540,0.013134
47.7640,0.015622
47.7740,0.012966
47.7840,0.017894
47.7940,0.016145
47.8040,0.008110
47.8140,0.008669
47.8240,0.012765
47.8340,0.011069
47.8440,0.020685
47.8540,0.011865
47.8640,0.000000
47.8740,0.000711
47.8840,0.008253
47.8940,0.015938
47.9040,0.004361
47.9140,0.015372
47.9240,0.004024
47.9340,0.011429
47.9440,0.013474
47.9540,0.001010
47.9640,0.013320
47.9740,0.023078
47.9840,0.008572
47.9940,0.010763
48.0040,0.012177
48.0140,0.010874
48.0240,0.010340
48.0340,0.009720
48.0440,0.000000
48.0540,0.013767
48.0640,0.001543
48.0740,0.013153
48.0840,0.015749
48.0940,0.013394
48.1040,0.003068
48.1140,0.012660
48.1240,0.008426
48.1340,0.005415
48.1440,0.026642
48.1540,0.002947
48.1640,0.014089
48.1740,0.022336
48.1840,0.013191
48.1940,0.005207
48.2040,0.005717
48.2140,0.000000
48.2240,0.010872
48.2340,0.011166
48.2440,0.008117
48.2540,0.021512
48.2640,0.009822
48.2740,0.000000
48.2840,0.022250
48.2940,0.000930
48.3040,0.014497
48.3140,0.015545
48.3240,0.009808
48.3340,0.017915
48.3440,0.011065
48.3540,0.007573
48.3640,0.000000
48.3740,0.000000
48.3840,0.032481
48.3940,0.016335
48.4040,0.020503
48.4140,0.030581
48.4240,0.007589
48.4340,0.009363
48.4440,0.000000
48.4540,0.008174
48.4640,0.007963
48.4740,0.007363
48.4840,0.018901
48.4940,0.016214
48.5040,0.017853
48.5140,0.000731
48.5240,0.010717
48.5340,0.013234
48.5440,0.025429
48.5540,0.011418
48.5640,0.009173
48.5740,0.019175
48.5840,0.008415
48.5940,0.014241
48.6041,0.014003
48.6141,0.006318
48.6241,0.004947
48.6341,0.009836
48.6441,0.006625
48.6541,0.000000
48.6641,0.015858
48.6741,0.014648
48.6841,0.004143
48.6941,0.003366
48.7041,0.013992
48.7141,0.024099
48.7241,0.018248
48.7341,0.019686
48.7441,0.007645
48.7541,0.013404
48.7641,0.009020
48.7741,0.004270
48.7841,0.011643
48.7941,0.003135
48.8041,0.004116
48.8141,0.006515
48.8241,0.007368
48.8341,0.009839
48.8441,0.000000
48.8541,0.002615
48.8641,0.022640
48.8741,0.010002
48.8841,0.014563
48.8941,0.013400
48.9041,0.009204
48.9141,0.003006
48.9241,0.005670
48.9341,0.025736
48.9441,0.005802
48.9541,0.023841
48.9641,0.006745
48.9741,0.007513
48.9841,0.010677
48.9941,0.008657
49.0041,0.002556
49.0141,0.009951
49.0241,0.000000
49.0341,0.012979
49.0441,0.011861
49.0541,0.015890
49.0641,0.006087
49.0741,0.015968
49.0841,0.013506
49.0941,0.011080
49.1041,0.025876
49.1141,0.013826
49.1241,0.006348
49.1341,0.022348
49.1441,0.014139
49.1541,0.024288
49.1641,0.000000
49.1741,0.007651
49.1841,0.007671
49.1941,0.000000
49.2041,0.011382
49.2141,0.007081
49.2241,0.000000
49.2341,0.003923
49.2441,0.021144
49.2541,0.017322
49.2641,0.004358
49.2741,0.004125
49.2841,0.016938
49.2941,0.000000
49.3041,0.014799
49.3141,0.000000
49.3241,0.023186
49.3341,0.015316
49.3441,0.000000
49.3541,0.007004
49.3641,0.012586
49.3741,0.000000
49.3841,0.009699
49.3941,0.013900
49.4041,0.000000
49.4141,0.016015
49.4241,0.009048
49.4341,0.017380
49.4441,0.008169
49.4541,0.001588
49.4641,0.000806
49.4741,0.007547
49.4841,0.008533
49.4941,0.018556
49.5041,0.007808
49.5141,0.000000
49.5241,0.006379
49.5341,0.000000
49.5441,0.012841
49.5541,0.014680
49.5641,0.016043
49.5741,0.007620
49.5841,0.004441
49.5941,0.005954
49.6041,0.009309
49.6141,0.005966
49.6241,0.022915
49.6341,0.007110
49.6441,0.009219
49.6541,0.004027
49.6641,0.004207
49.6741,0.000000
49.6841,0.001809
49.6941,0.025014
49.7041,0.014387
49.7141,0.007325
49.7241,0.004783
49.7341,0.019918
49.7441,0.003350
49.7541,0.000000
49.7641,0.013836
49.7741,0.002620
49.7841,0.000000
49.7941,0.001294
49.8042,0.013353
49.8142,0.009199
49.8242,0.002157
49.8342,0.013789
49.8442,0.003412
49.8542,0.000000
49.8642,0.000000
49.8742,0.010207
49.8842,0.003762
49.8942,0.010873
49.9042,0.018930
49.9142,0.004990
49.9242,0.031361
49.9342,0.012240
49.9442,0.008619
49.9542,0.000000
49.9642,0.007241
49.9742,0.008040
49.9842,0.016106
49.9942,0.005262
50.0042,0.013487
50.0142,0.010364
50.0242,0.017826
50.0342,0.018456
50.0442,0.012696
50.0542,0.016147
50.0642,0.019015
50.0742,0.014325
50.0842,0.012249
50.0942,0.013300
50.1042,0.022919
50.1142,0.010927
50.1242,0.015857
50.1342,0.004615
50.1442,0.022032
50.1542,0.013621
50.1642,0.007262
50.1742,0.009464
50.1842,0.008277
50.1942,0.010064
50.2042,0.011702
50.2142,0.008449
50.2242,0.000000
50.2342,0.024218
50.2442,0.012153
50.2542,0.012193
50.2642,0.009638
50.2742,0.017287
50.2842,0.010408
50.2942,0.007535
50.3042,0.008046
50.3142,0.020032
50.3242,0.011641
50.3342,0.009740
50.3442,0.006538
50.3542,0.007457
50.3642,0.018666
50.3742,0.002690
50.3842,0.015378
50.3942,0.015673
50.4042,0.011745
50.4142,0.008501
50.4242,0.000000
50.4342,0.015333
50.4442,0.000000
50.4542,0.011354
50.4642,0.010436
50.4742,0.016163
50.4842,0.002853
50.4942,0.002457
50.5042,0.014295
50.5142,0.008652
50.5242,0.000000
50.5342,0.009968
50.5442,0.024480
50.5542,0.014407
50.5642,0.000533
50.5742,0.013775
50.5842,0.017880
50.5942,0.000000
50.6042,0.007717
50.6142,0.020413
50.6242,0.000000
50.6342,0.007777
50.6442,0.008295
50.6542,0.006692
50.6642,0.021023
50.6742,0.019794
50.6842,0.007596
50.6942,0.001879
50.7042,0.020199
50.7142,0.016215
50.7242,0.009881
50.7342,0.015254
50.7442,0.015195
50.7542,0.003019
50.7642,0.005263
50.7742,0.010060
50.7842,0.000000
50.7942,0.007273
50.8042,0.003676
50.8142,0.011385
50.8242,0.001005
50.8342,0.013449
50.8442,0.011794
50.8542,0.009199
50.8642,0.013767
50.8742,0.014752
50.8842,0.008110
50.8942,0.010297
50.9042,0.004584
50.9142,0.004490
50.9242,0.022657
50.9342,0.008395
50.9442,0.009919
50.9542,0.009395
50.9642,0.012985
50.9742,0.005661
50.9842,0.006430
50.9942,0.017508
51.0043,0.000000
51.0143,0.011507
51.0243,0.003445
51.0343,0.000000
51.0443,0.009362
51.0543,0.000776
51.0643,0.000000
51.0743,0.030778
51.0843,0.014348
51.0943,0.014544
51.1043,0.009585
51.1143,0.000458
51.1243,0.008687
51.1343,0.007169
51.1443,0.000000
51.1543,0.024341
51.1643,0.009295
51.1743,0.003348
51.1843,0.010996
51.1943,0.000000
51.2043,0.002507
51.2143,0.022302
51.2243,0.005852
51.2343,0.009865
51.2443,0.010838
51.2543,0.008617
51.2643,0.005700
51.2743,0.028162
51.2843,0.004081
51.2943,0.002858
51.3043,0.013935
51.3143,0.000000
51.3243,0.018179
51.3343,0.008401
51.3443,0.011041
51.3543,0.012373
51.3643,0.007293
51.3743,0.017334
51.3843,0.015207
51.3943,0.014140
51.4043,0.000000
51.4143,0.007219
51.4243,0.009118
51.4343,0.023910
51.4443,0.000000
51.4543,0.004903
51.4643,0.018661
51.4743,0.002498
51.4843,0.004747
51.4943,0.023400
51.5043,0.012934
51.5143,0.016872
51.5243,0.015788
51.5343,0.010944
51.5443,0.010739
51.5543,0.017101
51.5643,0.003232
51.5743,0.023880
51.5843,0.005735
51.5943,0.018192
51.6043,0.014055
51.6143,0.005628
51.6243,0.013876
51.6343,0.011027
51.6443,0.000000
51.6543,0.009313
51.6643,0.000017
51.6743,0.014067
51.6843,0.008875
51.6943,0.017026
51.7043,0.004433
51.7143,0.000000
51.7243,0.001397
51.7343,0.026167
51.7443,0.034239
51.7543,0.026017
51.7643,0.000000
51.7743,0.000000
51.7843,0.001485
51.7943,0.016199
51.8043,0.026869
51.8143,0.017245
51.8243,0.011526
51.8343,0.002610
51.8443,0.007721
51.8543,0.010715
51.8643,0.017067
51.8743,0.006013
51.8843,0.013215
51.8943,0.012206
51.9043,0.010808
51.9143,0.006842
51.9243,0.010973
51.9343,0.009238
51.9443,0.003751
51.9543,0.017082
51.9643,0.022603
51.9743,0.011366
51.9843,0.009637
51.9943,0.016075
52.0043,0.011488
52.0143,0.019128
52.0243,0.010856
52.0343,0.014694
52.0443,0.023873
52.0543,0.020147
52.0643,0.008750
52.0743,0.018656
52.0843,0.001462
52.0943,0.008397
52.1043,0.016673
52.1143,0.022243
52.1243,0.003993
52.1343,0.009786
52.1443,0.010029
52.1543,0.009267
52.1643,0.000275
52.1743,0.014010
52.1843,0.000000
52.1943,0.019107
52.2044,0.020803
52.2144,0.004896
52.2244,0.000000
52.2344,0.009747
52.2444,0.005845
52.2544,0.008327
52.2644,0.010737
52.2744,0.002562
52.2844,0.023277
52.2944,0.004875
52.3044,0.017487
52.3144,0.002885
52.3244,0.010495
52.3344,0.013606
52.3444,0.011089
52.3544,0.007972
52.3644,0.006060
52.3744,0.006750
52.3844,0.004603
52.3944,0.012668
52.4044,0.024654
52.4144,0.012878
52.4244,0.014770
52.4344,0.018662
52.4444,0.006395
52.4544,0.000000
52.4644,0.010027
52.4744,0.016843
52.4844,0.026086
52.4944,0.002162
52.5044,0.018802
52.5144,0.012092
52.5244,0.006893
52.5344,0.001635
52.5444,0.005332
52.5544,0.014590
52.5644,0.019785
52.5744,0.000000
52.5844,0.014103
52.5944,0.005415
52.6044,0.006162
52.6144,0.013335
52.6244,0.025372
52.6344,0.004260
52.6444,0.009238
52.6544,0.000000
52.6644,0.013511
52.6744,0.004483
52.6844,0.022611
52.6944,0.012886
52.7044,0.007737
52.7144,0.007793
52.7244,0.012921
52.7344,0.015532
52.7444,0.000652
52.7544,0.008814
52.7644,0.009982
52.7744,0.011696
52.7844,0.020449
52.7944,0.000000
52.8044,0.017650
52.8144,0.012918
52.8244,0.006020
52.8344,0.016453
52.8444,0.006938
52.8544,0.000000
52.8644,0.000000
52.8744,0.000271
52.8844,0.005649
52.8944,0.011376
52.9044,0.014781
52.9144,0.007938
52.9244,0.000000
52.9344,0.006958
52.9444,0.008256
52.9544,0.023903
52.9644,0.014457
52.9744,0.000000
52.9844,0.007482
52.9944,0.015574
53.0044,0.010170
53.0144,0.000000
53.0244,0.016549
53.0344,0.012910
53.0444,0.008746
53.0544,0.003551
53.0644,0.018109
53.0744,0.000000
53.0844,0.000000
53.0944,0.004123
53.1044,0.012420
53.1144,0.000000
53.1244,0.005644
53.1344,0.007271
53.1444,0.012747
53.1544,0.007788
53.1644,0.007817
53.1744,0.004355
53.1844,0.018714
53.1944,0.015280
53.2044,0.014992
53.2144,0.003778
53.2244,0.005901
53.2344,0.013813
53.2444,0.005302
53.2544,0.002590
53.2644,0.012311
53.2744,0.000000
53.2844,0.008326
53.2944,0.017140
53.3044,0.011164
53.3144,0.001625
53.3244,0.013783
53.3344,0.005194
53.3444,0.016767
53.3544,0.014075
53.3644,0.007225
53.3744,0.004003
53.3844,0.003207
53.3944,0.030719
53.4045,0.000000
53.4145,0.000000
53.4245,0.018821
53.4345,0.017095
53.4445,0.012884
53.4545,0.000000
53.4645,0.014312
53.4745,0.002164
53.4845,0.009211
53.4945,0.013257
53.5045,0.014054
53.5145,0.004796
53.5245,0.020281
53.5345,0.016505
53.5445,0.002320
53.5545,0.006163
53.5645,0.003932
53.5745,0.009500
53.5845,0.015035
53.5945,0.000000
53.6045,0.000000
53.6145,0.003345
53.6245,0.020823
53.6345,0.011902
53.6445,0.022619
53.6545,0.008755
53.6645,0.003265
53.6745,0.000000
53.6845,0.003368
53.6945,0.005040
53.7045,0.000000
53.7145,0.003273
53.7245,0.003202
53.7345,0.010175
53.7445,0.009664
53.7545,0.012561
53.7645,0.000000
53.7745,0.000921
53.7845,0.017409
53.7945,0.007929
53.8045,0.016777
53.8145,0.008871
53.8245,0.011499
53.8345,0.014231
53.8445,0.005549
53.8545,0.004664
53.8645,0.004561
53.8745,0.009377
53.8845,0.014595
53.8945,0.006748
53.9045,0.019242
53.9145,0.023998
53.9245,0.002973
53.9345,0.019509
53.9445,0.009858
53.9545,0.013047
53.9645,0.008930
53.9745,0.019754
53.9845,0.012780
53.9945,0.007219
54.0045,0.006662
54.0145,0.000391
54.0245,0.005428
54.0345,0.019764
54.0445,0.018665
54.0545,0.004880
54.0645,0.001217
54.0745,0.017615
54.0845,0.013434
54.0945,0.000000
54.1045,0.033039
54.1145,0.010094
54.1245,0.023614
54.1345,0.011394
54.1445,0.001675
54.1545,0.011553
54.1645,0.000000
54.1745,0.008993
54.1845,0.001297
54.1945,0.008366
54.2045,0.011985
54.2145,0.012365
54.2245,0.000000
54.2345,0.004842
54.2445,0.000000
54.2545,0.014968
54.2645,0.011623
54.2745,0.000602
54.2845,0.021248
54.2945,0.013733
54.3045,0.009159
54.3145,0.006214
54.3245,0.004900
54.3345,0.003687
54.3445,0.019392
54.3545,0.012196
54.3645,0.001609
54.3745,0.020376
54.3845,0.009278
54.3945,0.002649
54.4045,0.025804
54.4145,0.001241
54.4245,0.003399
54.4345,0.010002
54.4445,0.012578
54.4545,0.003978
54.4645,0.000000
54.4745,0.010261
54.4845,0.001633
54.4945,0.007128
54.5045,0.003519
54.5145,0.001332
54.5245,0.007869
54.5345,0.004944
54.5445,0.003280
54.5545,0.017726
54.5645,0.002041
54.5745,0.007981
54.5845,0.009701
54.5945,0.000000
54.6046,0.001059
54.6146,0.009684
54.6246,0.009385
54.6346,0.003695
54.6446,0.009792
54.6546,0.012142
54.6646,0.014695
54.6746,0.015332
54.6846,0.019673
54.6946,0.010862
54.7046,0.000000
54.7146,0.007635
54.7246,0.000000
54.7346,0.016761
54.7446,0.020985
54.7546,0.009952
54.7646,0.019299
54.7746,0.018753
54.7846,0.012430
54.7946,0.014214
54.8046,0.017590
54.8146,0.000000
54.8246,0.011983
54.8346,0.014433
54.8446,0.000000
54.8546,0.025298
54.8646,0.018741
54.8746,0.018806
54.8846,0.013272
54.8946,0.002412
54.9046,0.000000
54.9146,0.009207
54.9246,0.015575
54.9346,0.014340
54.9446,0.023682
54.9546,0.007515
54.9646,0.007120
54.9746,0.010063
54.9846,0.000751
54.9946,0.022016
55.0046,0.008000
55.0146,0.012026
55.0246,0.016515
55.0346,0.003979
55.0446,0.012219
55.0546,0.009939
55.0646,0.017803
55.0746,0.010068
55.0846,0.000000
55.0946,0.002525
55.1046,0.000000
55.1146,0.025418
55.1246,0.021317
55.1346,0.000000
55.1446,0.001916
55.1546,0.000000
55.1646,0.011732
55.1746,0.002353
55.1846,0.007876
55.1946,0.000000
55.2046,0.013443
55.2146,0.000000
55.2246,0.030025
55.2346,0.022035
55.2446,0.029854
55.2546,0.014851
55.2646,0.022456
55.2746,0.017143
55.2846,0.001965
55.2946,0.007022
55.3046,0.013393
55.3146,0.019218
55.3246,0.009948
55.3346,0.014437
55.3446,0.007339
55.3546,0.006701
55.3646,0.000000
55.3746,0.013542
55.3846,0.006063
55.3946,0.000000
55.4046,0.005257
55.4146,0.012283
55.4246,0.015345
55.4346,0.008525
55.4446,0.018546
55.4546,0.021922
55.4646,0.007706
55.4746,0.017790
55.4846,0.004661
55.4946,0.000000
55.5046,0.002442
55.5146,0.003084
55.5246,0.006498
55.5346,0.025858
55.5446,0.005811
55.5546,0.006989
55.5646,0.011229
55.5746,0.000000
55.5846,0.011168
55.5946,0.015254
55.6046,0.021861
55.6146,0.020511
55.6246,0.012905
55.6346,0.008213
55.6446,0.008676
55.6546,0.013260
55.6646,0.009627
55.6746,0.009274
55.6846,0.002524
55.6946,0.015366
55.7046,0.012382
55.7146,0.003950
55.7246,0.021912
55.7346,0.011669
55.7446,0.000000
55.7546,0.017559
55.7646,0.004619
55.7746,0.006722
55.7846,0.008505
55.7946,0.016906
55.8047,0.009538
55.8147,0.014947
55.8247,0.000000
55.8347,0.001174
55.8447,0.010256
55.8547,0.004199
55.8647,0.008365
55.8747,0.015967
55.8847,0.003575
55.8947,0.004117
55.9047,0.010878
55.9147,0.000000
55.9247,0.018061
55.9347,0.011041
55.9447,0.010745
55.9547,0.005686
55.9647,0.015513
55.9747,0.008709
55.9847,0.019809
55.9947,0.000000
56.0047,0.010506
56.0147,0.010339
56.0247,0.012490
56.0347,0.021229
56.0447,0.000000
56.0547,0.000000
56.0647,0.007176
56.0747,0.000000
56.0847,0.028453
56.0947,0.017468
56.1047,0.014138
56.1147,0.016263
56.1247,0.020168
56.1347,0.005083
56.1447,0.007112
56.1547,0.012738
56.1647,0.005966
56.1747,0.002580
56.1847,0.005764
56.1947,0.013054
56.2047,0.017292
56.2147,0.000000
56.2247,0.008482
56.2347,0.009568
56.2447,0.000000
56.2547,0.013591
56.2647,0.009144
56.2747,0.002492
56.2847,0.006141
56.2947,0.014282
56.3047,0.017823
56.3147,0.012717
56.3247,0.025249
56.3347,0.018923
56.3447,0.014411
56.3547,0.004378
56.3647,0.019049
56.3747,0.003851
56.3847,0.015975
56.3947,0.000000
56.4047,0.006050
56.4147,0.000000
56.4247,0.007710
56.4347,0.000000
56.4447,0.010229
56.4547,0.013737
56.4647,0.004799
56.4747,0.007440
56.4847,0.011756
56.4947,0.009623
56.5047,0.020784
56.5147,0.004517
56.5247,0.014298
56.5347,0.012082
56.5447,0.000000
56.5547,0.010698
56.5647,0.009305
56.5747,0.006061
56.5847,0.024195
56.5947,0.020280
56.6047,0.003899
56.6147,0.015083
56.6247,0.015951
56.6347,0.011167
56.6447,0.001215
56.6547,0.002381
56.6647,0.014223
56.6747,0.014055
56.6847,0.007717
56.6947,0.020526
56.7047,0.021947
56.7147,0.021853
56.7247,0.021887
56.7347,0.009873
56.7447,0.000000
56.7547,0.007421
56.7647,0.009082
56.7747,0.004962
56.7847,0.006954
56.7947,0.000756
56.8047,0.015716
56.8147,0.023026
56.8247,0.029056
56.8347,0.011986
56.8447,0.008627
56.8547,0.009704
56.8647,0.020890
56.8747,0.020754
56.8847,0.008075
56.8947,0.019628
56.9047,0.011293
56.9147,0.004116
56.9247,0.008763
56.9347,0.023625
56.9447,0.015774
56.9547,0.005946
56.9647,0.017499
56.9747,0.015711
56.9847,0.007520
56.9947,0.004027
57.0048,0.001110
57.0148,0.000000
57.0248,0.004766
57.0348,0.008579
57.0448,0.020081
57.0548,0.016594
57.0648,0.011572
57.0748,0.000000
57.0848,0.012362
57.0948,0.000000
57.1048,0.016986
57.1148,0.017212
57.1248,0.010407
57.1348,0.016535
57.1448,0.018114
57.1548,0.010877
57.1648,0.008841
57.1748,0.000000
57.1848,0.007160
57.1948,0.002027
57.2048,0.001947
57.2148,0.004137
57.2248,0.000000
57.2348,0.017835
57.2448,0.011752
57.2548,0.019287
57.2648,0.016416
57.2748,0.013991
57.2848,0.016354
57.2948,0.011207
57.3048,0.020441
57.3148,0.005922
57.3248,0.009839
57.3348,0.007767
57.3448,0.026136
57.3548,0.004945
57.3648,0.020302
57.3748,0.000000
57.3848,0.010802
57.3948,0.008547
57.4048,0.001833
57.4148,0.004684
57.4248,0.014025
57.4348,0.007308
57.4448,0.002279
57.4548,0.017182
57.4648,0.009831
57.4748,0.012650
57.4848,0.018745
57.4948,0.022367
57.5048,0.000000
57.5148,0.009141
57.5248,0.000000
57.5348,0.031809
57.5448,0.011206
57.5548,0.017785
57.5648,0.004983
57.5748,0.007157
57.5848,0.018795
57.5948,0.014121
57.6048,0.023422
57.6148,0.003325
57.6248,0.008256
57.6348,0.014105
57.6448,0.015326
57.6548,0.013354
57.6648,0.000000
57.6748,0.002459
57.6848,0.012733
57.6948,0.000000
57.7048,0.002912
57.7148,0.010299
57.7248,0.003791
57.7348,0.011834
57.7448,0.009283
57.7548,0.003695
57.7648,0.003884
57.7748,0.020223
57.7848,0.013073
57.7948,0.011979
57.8048,0.010439
57.8148,0.002741
57.8248,0.005485
57.8348,0.000000
57.8448,0.004908
57.8548,0.005043
57.8648,0.014389
57.8748,0.005175
57.8848,0.016287
57.8948,0.007922
57.9048,0.011188
57.9148,0.009751
57.9248,0.015598
57.9348,0.019650
57.9448,0.002104
57.9548,0.024075
57.9648,0.003146
57.9748,0.008526
57.9848,0.005769
57.9948,0.022062
58.0048,0.001513
58.0148,0.015740
58.0248,0.000000
58.0348,0.016511
58.0448,0.008470
58.0548,0.007004
58.0648,0.004466
58.0748,0.009467
58.0848,0.007160
58.0948,0.000000
58.1048,0.003721
58.1148,0.016387
58.1248,0.006779
58.1348,0.003675
58.1448,0.010372
58.1548,0.013909
58.1648,0.015201
58.1748,0.012703
58.1848,0.019672
58.1948,0.010393
58.2049,0.008111
58.2149,0.016988
58.2249,0.004332
58.2349,0.006767
58.2449,0.000000
58.2549,0.024511
58.2649,0.026683
58.2749,0.008600
58.2849,0.016108
58.2949,0.015596
58.3049,0.011515
58.3149,0.019724
58.3249,0.000000
58.3349,0.008521
58.3449,0.000000
58.3549,0.001912
58.3649,0.000000
58.3749,0.000000
58.3849,0.006037
58.3949,0.012919
58.4049,0.004678
58.4149,0.005639
58.4249,0.004122
58.4349,0.011123
58.4449,0.005164
58.4549,0.001948
58.4649,0.017459
58.4749,0.003021
58.4849,0.000000
58.4949,0.015919
58.5049,0.000000
58.5149,0.019835
58.5249,0.001792
58.5349,0.010641
58.5449,0.002043
58.5549,0.010104
58.5649,0.005832
58.5749,0.002140
58.5849,0.000000
58.5949,0.005674
58.6049,0.013800
58.6149,0.015395
58.6249,0.004251
58.6349,0.004270
58.6449,0.008605
58.6549,0.010011
58.6649,0.009974
58.6749,0.006529
58.6849,0.007076
58.6949,0.007702
58.7049,0.000000
58.7149,0.006755
58.7249,0.016257
58.7349,0.021146
58.7449,0.019411
58.7549,0.010721
58.7649,0.000489
58.7749,0.005619
58.7849,0.003905
58.7949,0.000000
58.8049,0.002463
58.8149,0.004169
58.8249,0.000000
58.8349,0.017462
58.8449,0.014873
58.8549,0.009606
58.8649,0.013054
58.8749,0.012447
58.8849,0.004132
58.8949,0.024391
58.9049,0.003851
58.9149,0.000000
58.9249,0.011290
58.9349,0.014514
58.9449,0.007585
58.9549,0.019958
58.9649,0.011445
58.9749,0.003435
58.9849,0.005250
58.9949,0.011189
59.0049,0.010644
59.0149,0.019707
59.0249,0.016678
59.0349,0.000000
59.0449,0.008650
59.0549,0.000057
59.0649,0.021669
59.0749,0.002212
59.0849,0.011617
59.0949,0.004417
59.1049,0.000000
59.1149,0.000000
59.1249,0.008005
59.1349,0.014549
59.1449,0.014248
59.1549,0.000000
59.1649,0.012506
59.1749,0.017598
59.1849,0.014102
59.1949,0.007106
59.2049,0.010385
59.2149,0.011219
59.2249,0.021176
59.2349,0.023611
59.2449,0.015159
59.2549,0.010427
59.2649,0.009751
59.2749,0.010581
59.2849,0.011643
59.2949,0.005870
59.3049,0.025745
59.3149,0.003664
59.3249,0.020364
59.3349,0.000000
59.3449,0.007797
59.3549,0.007289
59.3649,0.011830
59.3749,0.007085
59.3849,0.021088
59.3949,0.008062
59.4050,0.001766
59.4150,0.002272
59.4250,0.006216
59.4350,0.015795
59.4450,0.017244
59.4550,0.000382
59.4650,0.003599
59.4750,0.001476
59.4850,0.007716
59.4950,0.017696
59.5050,0.011371
59.5150,0.014401
59.5250,0.015975
59.5350,0.005306
59.5450,0.000000
59.5550,0.005301
59.5650,0.016571
59.5750,0.014823
59.5850,0.010633
59.5950,0.017591
59.6050,0.011165
59.6150,0.007345
59.6250,0.000000
59.6350,0.020170
59.6450,0.009231
59.6550,0.006389
59.6650,0.009179
59.6750,0.021990
59.6850,0.017941
59.6950,0.007120
59.7050,0.013758
59.7150,0.019817
59.7250,0.012779
59.7350,0.010966
59.7450,0.000000
59.7550,0.019966
59.7650,0.001773
59.7750,0.000000
59.7850,0.000000
59.7950,0.003159
59.8050,0.013888
59.8150,0.019285
59.8250,0.012733
59.8350,0.023884
59.8450,0.006775
59.8550,0.008143
59.8650,0.000000
59.8750,0.005394
59.8850,0.000000
59.8950,0.000000
59.9050,0.015041
59.9150,0.000000
59.9250,0.000000
59.9350,0.000000
59.9450,0.016211
59.9550,0.023111
59.9650,0.009402
59.9750,0.017543
59.9850,0.000687
59.9950,0.019839
60.0050,0.004275
60.0150,0.015344
60.0250,0.009789
60.0350,0.000000
60.0450,0.002937
60.0550,0.011394
60.0650,0.000000
60.0750,0.012418
60.0850,0.000000
60.0950,0.014396
60.1050,0.000000
60.1150,0.013647
60.1250,0.016651
60.1350,0.008792
60.1450,0.009516
60.1550,0.022062
60.1650,0.003934
60.1750,0.005950
60.1850,0.015374
60.1950,0.013653
60.2050,0.008359
60.2150,0.000610
60.2250,0.018149
60.2350,0.000486
60.2450,0.028649
60.2550,0.000892
60.2650,0.001649
60.2750,0.013261
60.2850,0.014957
60.2950,0.002810
60.3050,0.024180
60.3150,0.013319
60.3250,0.008739
60.3350,0.013853
60.3450,0.020494
60.3550,0.023727
60.3650,0.012441
60.3750,0.000752
60.3850,0.000925
60.3950,0.000000
60.4050,0.005951
60.4150,0.011445
60.4250,0.012906
60.4350,0.020261
60.4450,0.000000
60.4550,0.011270
60.4650,0.015099
60.4750,0.000000
60.4850,0.015155
60.4950,0.033426
60.5050,0.017832
60.5150,0.014169
60.5250,0.009579
60.5350,0.013693
60.5450,0.024191
60.5550,0.009185
60.5650,0.021573
60.5750,0.015803
60.5850,0.025170
60.5950,0.020938
60.6051,0.013811
60.6151,0.013365
60.6251,0.009929
60.6351,0.020322
60.6451,0.007857
60.6551,0.013562
60.6651,0.011179
60.6751,0.002071
60.6851,0.014640
60.6951,0.000751
60.7051,0.009445
60.7151,0.018446
60.7251,0.014539
60.7351,0.014491
60.7451,0.006431
60.7551,0.021821
60.7651,0.006423
60.7751,0.019246
60.7851,0.024069
60.7951,0.001518
60.8051,0.010596
60.8151,0.009947
60.8251,0.016204
60.8351,0.006561
60.8451,0.004873
60.8551,0.013856
60.8651,0.009885
60.8751,0.013297
60.8851,0.021697
60.8951,0.001708
60.9051,0.013830
60.9151,0.010105
60.9251,0.015116
60.9351,0.010325
60.9451,0.005674
60.9551,0.018356
60.9651,0.037480
60.9751,0.014600
60.9851,0.009694
60.9951,0.009768
61.0051,0.023178
61.0151,0.008784
61.0251,0.026297
61.0351,0.002906
61.0451,0.017641
61.0551,0.021511
61.0651,0.022407
61.0751,0.021949
61.0851,0.018643
61.0951,0.025848
61.1051,0.008796
61.1151,0.011677
61.1251,0.013712
61.1351,0.028911
61.1451,0.020880
61.1551,0.022714
61.1651,0.015934
61.1751,0.024011
61.1851,0.005170
61.1951,0.014425
61.2051,0.016068
61.2151,0.014124
61.2251,0.015460
61.2351,0.022518
61.2451,0.020163
61.2551,0.027919
61.2651,0.001793
61.2751,0.030504
61.2851,0.013515
61.2951,0.029356
61.3051,0.015604
61.3151,0.022017
61.3251,0.010564
61.3351,0.009567
61.3451,0.024063
61.3551,0.000000
61.3651,0.009930
61.3751,0.025904
61.3851,0.016576
61.3951,0.012954
61.4051,0.032315
61.4151,0.035249
61.4251,0.020379
61.4351,0.030688
61.4451,0.032757
61.4551,0.020614
61.4651,0.016770
61.4751,0.021702
61.4851,0.009481
61.4951,0.025785
61.5051,0.018732
61.5151,0.021945
61.5251,0.021956
61.5351,0.014966
61.5451,0.021587
61.5551,0.011126
61.5651,0.018271
61.5751,0.013352
61.5851,0.015374
61.5951,0.004456
61.6051,0.019212
61.6151,0.026661
61.6251,0.024329
61.6351,0.031709
61.6451,0.015548
61.6551,0.019472
61.6651,0.030770
61.6751,0.022873
61.6851,0.025179
61.6951,0.040746
61.7051,0.021932
61.7151,0.020227
61.7251,0.016291
61.7351,0.022056
61.7451,0.032679
61.7551,0.029229
61.7651,0.036237
61.7751,0.027799
61.7851,0.007122
61.7951,0.030219
61.8052,0.026158
61.8152,0.025475
61.8252,0.035345
61.8352,0.023543
61.8452,0.030514
61.8552,0.017402
61.8652,0.014009
61.8752,0.021505
61.8852,0.023926
61.8952,0.030960
61.9052,0.017937
61.9152,0.038914
61.9252,0.019275
61.9352,0.026436
61.9452,0.027377
61.9552,0.029820
61.9652,0.031175
61.9752,0.045809
61.9852,0.023034
61.9952,0.030501
62.0052,0.027475
62.0152,0.036151
62.0252,0.032024
62.0352,0.030336
62.0452,0.016772
62.0552,0.025244
62.0652,0.021202
62.0752,0.025583
62.0852,0.022700
62.0952,0.025309
62.1052,0.026313
62.1152,0.026601
62.1252,0.027543
62.1352,0.022620
62.1452,0.030489
62.1552,0.023127
62.1652,0.025700
62.1752,0.030238
62.1852,0.010136
62.1952,0.050871
62.2052,0.035287
62.2152,0.033798
62.2252,0.027215
62.2352,0.032292
62.2452,0.022013
62.2552,0.035765
62.2652,0.018525
62.2752,0.021996
62.2852,0.026620
62.2952,0.044531
62.3052,0.023789
62.3152,0.035427
62.3252,0.016408
62.3352,0.033262
62.3452,0.047099
62.3552,0.037374
62.3652,0.016941
62.3752,0.034029
62.3852,0.030123
62.3952,0.043802
62.4052,0.033344
62.4152,0.022780
62.4252,0.033366
62.4352,0.029044
62.4452,0.017488
62.4552,0.033532
62.4652,0.035118
62.4752,0.038290
62.4852,0.043537
62.4952,0.033309
62.5052,0.023702
62.5152,0.029177
62.5252,0.035880
62.5352,0.045909
62.5452,0.036377
62.5552,0.035447
62.5652,0.034772
62.5752,0.036757
62.5852,0.052266
62.5952,0.036467
62.6052,0.035194
62.6152,0.037769
62.6252,0.032212
62.6352,0.025294
62.6452,0.024025
62.6552,0.032292
62.6652,0.047717
62.6752,0.047766
62.6852,0.029663
62.6952,0.037487
62.7052,0.039967
62.7152,0.033278
62.7252,0.049710
62.7352,0.045499
62.7452,0.042453
62.7552,0.040277
62.7652,0.027389
62.7752,0.050912
62.7852,0.044865
62.7952,0.043659
62.8052,0.034645
62.8152,0.035504
62.8252,0.044835
62.8352,0.049861
62.8452,0.055007
62.8552,0.035491
62.8652,0.040268
62.8752,0.024950
62.8852,0.022182
62.8952,0.046232
62.9052,0.035377
62.9152,0.026584
62.9252,0.033233
62.9352,0.045446
62.9452,0.045942
62.9552,0.029940
62.9652,0.053097
62.9752,0.037808
62.9852,0.045740
62.9952,0.044010
63.0053,0.043785
63.0153,0.036550
63.0253,0.044020
63.0353,0.046538
63.0453,0.042958
63.0553,0.045529
63.0653,0.053706
63.0753,0.041291
63.0853,0.050457
63.0953,0.043717
63.1053,0.056967
63.1153,0.034493
63.1253,0.056342
63.1353,0.041829
63.1453,0.063147
63.1553,0.049906
63.1653,0.053397
63.1753,0.045479
63.1853,0.052384
63.1953,0.052552
63.2053,0.046142
63.2153,0.053568
63.2253,0.020739
63.2353,0.042645
63.2453,0.048142
63.2553,0.052159
63.2653,0.056093
63.2753,0.046468
63.2853,0.045539
63.2953,0.055809
63.3053,0.058222
63.3153,0.055103
63.3253,0.048133
63.3353,0.069920
63.3453,0.050341
63.3553,0.051612
63.3653,0.063119
63.3753,0.062455
63.3853,0.056065
63.3953,0.043367
63.4053,0.051657
63.4153,0.055070
63.4253,0.066723
63.4353,0.074880
63.4453,0.046666
63.4553,0.058456
63.4653,0.045291
63.4753,0.050988
63.4853,0.045224
63.4953,0.065694
63.5053,0.054420
63.5153,0.055042
63.5253,0.053266
63.5353,0.056059
63.5453,0.056510
63.5553,0.047923
63.5653,0.040080
63.5753,0.043141
63.5853,0.041053
63.5953,0.055676
63.6053,0.047763
63.6153,0.062315
63.6253,0.056578
63.6353,0.040148
63.6453,0.051727
63.6553,0.038207
63.6653,0.046216
63.6753,0.051627
63.6853,0.048166
63.6953,0.070988
63.7053,0.062079
63.7153,0.053646
63.7253,0.067864
63.7353,0.048834
63.7453,0.054152
63.7553,0.063822
63.7653,0.048247
63.7753,0.062833
63.7853,0.059876
63.7953,0.062420
63.8053,0.072276
63.8153,0.061723
63.8253,0.059268
63.8353,0.046463
63.8453,0.060306
63.8553,0.054967
63.8653,0.058004
63.8753,0.055384
63.8853,0.063286
63.8953,0.051612
63.9053,0.061416
63.9153,0.051570
63.9253,0.045696
63.9353,0.057536
63.9453,0.064164
63.9553,0.054421
63.9653,0.061913
63.9753,0.058101
63.9853,0.052905
63.9953,0.065831
64.0053,0.056347
64.0153,0.064739
64.0253,0.050245
64.0353,0.063206
64.0453,0.067287
64.0553,0.065296
64.0653,0.069807
64.0753,0.068016
64.0853,0.065431
64.0953,0.069991
64.1053,0.060419
64.1153,0.067765
64.1253,0.063955
64.1353,0.078772
64.1453,0.066342
64.1553,0.054056
64.1653,0.066551
64.1753,0.057104
64.1853,0.070728
64.1953,0.071059
64.2054,0.060402
64.2154,0.057159
64.2254,0.066711
64.2354,0.058605
64.2454,0.059317
64.2554,0.062164
64.2654,0.071395
64.2754,0.054717
64.2854,0.060741
64.2954,0.086155
64.3054,0.082784
64.3154,0.077021
64.3254,0.067882
64.3354,0.073736
64.3454,0.064832
64.3554,0.046461
64.3654,0.063726
64.3754,0.064686
64.3854,0.068893
64.3954,0.072721
64.4054,0.082254
64.4154,0.069491
64.4254,0.061399
64.4354,0.068050
64.4454,0.074960
64.4554,0.069100
64.4654,0.063761
64.4754,0.074576
64.4854,0.061428
64.4954,0.063733
64.5054,0.074282
64.5154,0.064862
64.5254,0.068515
64.5354,0.071654
64.5454,0.071384
64.5554,0.064169
64.5654,0.074734
64.5754,0.064954
64.5854,0.085692
64.5954,0.069468
64.6054,0.077735
64.6154,0.078930
64.6254,0.070418
64.6354,0.065714
64.6454,0.079481
64.6554,0.062456
64.6654,0.063872
64.6754,0.079079
64.6854,0.072811
64.6954,0.068955
64.7054,0.070815
64.7154,0.068634
64.7254,0.092641
64.7354,0.083534
64.7454,0.068986
64.7554,0.073274
64.7654,0.080744
64.7754,0.068358
64.7854,0.071890
64.7954,0.074169
64.8054,0.069698
64.8154,0.085716
64.8254,0.071425
64.8354,0.076404
64.8454,0.078465
64.8554,0.090416
64.8654,0.077232
64.8754,0.095214
64.8854,0.075413
64.8954,0.076745
64.9054,0.086203
64.9154,0.094265
64.9254,0.076985
64.9354,0.089187
64.9454,0.086274
64.9554,0.073605
64.9654,0.079744
64.9754,0.079760
64.9854,0.072031
64.9954,0.081794
65.0054,0.081318
65.0154,0.083874
65.0254,0.081633
65.0354,0.075934
65.0454,0.101039
65.0554,0.083404
65.0654,0.092266
65.0754,0.085570
65.0854,0.094320
65.0954,0.076254
65.1054,0.081950
65.1154,0.079276
65.1254,0.078484
65.1354,0.085399
65.1454,0.081489
65.1554,0.072241
65.1654,0.081436
65.1754,0.080969
65.1854,0.091303
65.1954,0.072882
65.2054,0.080554
65.2154,0.078855
65.2254,0.091018
65.2354,0.080895
65.2454,0.093828
65.2554,0.085284
65.2654,0.089779
65.2754,0.094908
65.2854,0.076646
65.2954,0.084487
65.3054,0.090035
65.3154,0.088451
65.3254,0.076693
65.3354,0.092843
65.3454,0.087855
65.3554,0.088701
65.3654,0.086106
65.3754,0.062625
65.3854,0.092645
65.3954,0.093189
65.4055,0.085315
65.4155,0.077014
65.4255,0.084809
65.4355,0.097256
65.4455,0.086236
65.4555,0.089882
65.4655,0.087237
65.4755,0.092632
65.4855,0.079778
65.4955,0.088899
65.5055,0.099491
65.5155,0.083588
65.5255,0.088930
65.5355,0.099756
65.5455,0.097511
65.5555,0.095361
65.5655,0.095057
65.5755,0.095135
65.5855,0.090512
65.5955,0.101378
65.6055,0.089018
65.6155,0.085017
65.6255,0.082106
65.6355,0.088449
65.6455,0.088553
65.6555,0.088103
65.6655,0.084595
65.6755,0.097198
65.6855,0.086840
65.6955,0.099006
65.7055,0.100593
65.7155,0.115615
65.7255,0.091601
65.7355,0.094167
65.7455,0.089681
65.7555,0.086486
65.7655,0.092704
65.7755,0.090065
65.7855,0.087008
65.7955,0.098581
65.8055,0.088319
65.8155,0.101630
65.8255,0.104158
65.8355,0.090601
65.8455,0.108915
65.8555,0.101145
65.8655,0.097561
65.8755,0.084123
65.8855,0.084856
65.8955,0.111351
65.9055,0.109536
65.9155,0.111985
65.9255,0.114255
65.9355,0.110604
65.9455,0.101722
65.9555,0.104503
65.9655,0.094760
65.9755,0.102353
65.9855,0.106619
65.9955,0.106983
66.0055,0.100071
66.0155,0.085048
66.0255,0.089389
66.0355,0.105513
66.0455,0.097873
66.0555,0.107449
66.0655,0.092600
66.0755,0.113441
66.0855,0.095259
66.0955,0.114783
66.1055,0.090770
66.1155,0.108221
66.1255,0.096154
66.1355,0.103746
66.1455,0.112640
66.1555,0.111455
66.1655,0.097869
66.1755,0.099765
66.1855,0.092296
66.1955,0.090755
66.2055,0.098632
66.2155,0.098678
66.2255,0.093678
66.2355,0.104299
66.2455,0.105896
66.2555,0.106262
66.2655,0.100190
66.2755,0.102162
66.2855,0.104474
66.2955,0.113759
66.3055,0.102022
66.3155,0.094221
66.3255,0.105295
66.3355,0.104589
66.3455,0.095372
66.3555,0.105313
66.3655,0.101643
66.3755,0.108314
66.3855,0.112510
66.3955,0.105074
66.4055,0.113670
66.4155,0.107348
66.4255,0.107896
66.4355,0.107755
66.4455,0.108892
66.4555,0.099647
66.4655,0.096243
66.4755,0.120035
66.4855,0.113000
66.4955,0.107183
66.5055,0.120246
66.5155,0.134872
66.5255,0.100173
66.5355,0.112079
66.5455,0.117944
66.5555,0.099783
66.5655,0.100828
66.5755,0.120881
66.5855,0.113042
66.5955,0.108144
66.6056,0.100786
66.6156,0.116739
66.6256,0.103135
66.6356,0.106413
66.6456,0.107137
66.6556,0.112290
66.6656,0.106411
66.6756,0.107839
66.6856,0.123217
66.6956,0.117219
66.7056,0.116218
66.7156,0.119803
66.7256,0.108061
66.7356,0.119660
66.7456,0.120386
66.7556,0.109002
66.7656,0.122185
66.7756,0.119516
66.7856,0.119949
66.7956,0.131401
66.8056,0.119270
66.8156,0.111124
66.8256,0.119774
66.8356,0.119059
66.8456,0.110303
66.8556,0.103202
66.8656,0.119094
66.8756,0.127381
66.8856,0.127678
66.8956,0.122539
66.9056,0.133060
66.9156,0.122118
66.9256,0.119366
66.9356,0.122798
66.9456,0.115523
66.9556,0.111471
66.9656,0.114002
66.9756,0.118219
66.9856,0.129206
66.9956,0.110923
67.0056,0.114929
67.0156,0.129387
67.0256,0.120313
67.0356,0.121796
67.0456,0.120616
67.0556,0.139299
67.0656,0.128544
67.0756,0.126301
67.0856,0.126088
67.0956,0.128009
67.1056,0.139743
67.1156,0.122190
67.1256,0.126755
67.1356,0.125863
67.1456,0.133082
67.1556,0.139718
67.1656,0.121598
67.1756,0.130154
67.1856,0.128164
67.1956,0.115837
67.2056,0.134966
67.2156,0.139937
67.2256,0.134213
67.2356,0.122825
67.2456,0.117253
67.2556,0.133462
67.2656,0.119924
67.2756,0.120947
67.2856,0.130687
67.2956,0.135125
67.3056,0.126776
67.3156,0.128039
67.3256,0.129024
67.3356,0.122818
67.3456,0.127332
67.3556,0.117661
67.3656,0.136712
67.3756,0.153362
67.3856,0.131764
67.3956,0.141040
67.4056,0.129646
67.4156,0.121196
67.4256,0.150205
67.4356,0.125659
67.4456,0.140229
67.4556,0.134610
67.4656,0.142607
67.4756,0.132802
67.4856,0.124257
67.4956,0.128479
67.5056,0.152844
67.5156,0.136813
67.5256,0.151905
67.5356,0.131775
67.5456,0.140655
67.5556,0.124904
67.5656,0.135643
67.5756,0.153420
67.5856,0.129595
67.5956,0.130573
67.6056,0.142947
67.6156,0.137474
67.6256,0.151957
67.6356,0.135092
67.6456,0.137801
67.6556,0.140017
67.6656,0.129107
67.6756,0.127556
67.6856,0.127058
67.6956,0.111946
67.7056,0.137960
67.7156,0.128467
67.7256,0.134793
67.7356,0.147498
67.7456,0.132002
67.7556,0.145321
67.7656,0.127393
67.7756,0.134788
67.7856,0.154429
67.7956,0.137311
67.8057,0.151270
67.8157,0.160044
67.8257,0.138083
67.8357,0.136342
67.8457,0.124620
67.8557,0.144470
67.8657,0.145404
67.8757,0.148770
67.8857,0.153969
67.8957,0.134866
67.9057,0.158277
67.9157,0.141288
67.9257,0.146687
67.9357,0.143473
67.9457,0.138077
67.9557,0.134892
67.9657,0.146401
67.9757,0.137241
67.9857,0.143427
67.9957,0.142129
68.0057,0.142764
68.0157,0.131503
68.0257,0.120797
68.0357,0.153083
68.0457,0.155611
68.0557,0.126350
68.0657,0.150426
68.0757,0.149056
68.0857,0.136962
68.0957,0.154975
68.1057,0.157135
68.1157,0.156742
68.1257,0.162463
68.1357,0.156743
68.1457,0.142329
68.1557,0.149357
68.1657,0.152540
68.1757,0.161847
68.1857,0.147925
68.1957,0.145113
68.2057,0.137179
68.2157,0.157634
68.2257,0.152562
68.2357,0.144196
68.2457,0.157531
68.2557,0.148885
68.2657,0.141248
68.2757,0.162732
68.2857,0.135821
68.2957,0.153716
68.3057,0.151919
68.3157,0.139936
68.3257,0.155890
68.3357,0.147979
68.3457,0.167236
68.3557,0.162041
68.3657,0.156019
68.3757,0.134557
68.3857,0.150287
68.3957,0.149911
68.4057,0.164898
68.4157,0.156880
68.4257,0.158234
68.4357,0.164079
68.4457,0.169228
68.4557,0.168095
68.4657,0.161037
68.4757,0.154735
68.4857,0.160632
68.4957,0.157131
68.5057,0.163926
68.5157,0.153339
68.5257,0.165352
68.5357,0.158740
68.5457,0.161699
68.5557,0.149285
68.5657,0.156910
68.5757,0.162915
68.5857,0.158128
68.5957,0.141056
68.6057,0.150203
68.6157,0.163054
68.6257,0.172598
68.6357,0.158948
68.6457,0.157142
68.6557,0.169717
68.6657,0.161631
68.6757,0.167734
68.6857,0.159669
68.6957,0.159031
68.7057,0.169102
68.7157,0.168152
68.7257,0.160452
68.7357,0.154271
68.7457,0.150157
68.7557,0.151458
68.7657,0.158938
68.7757,0.166783
68.7857,0.151173
68.7957,0.151942
68.8057,0.168012
68.8157,0.177789
68.8257,0.174197
68.8357,0.151001
68.8457,0.169116
68.8557,0.173876
68.8657,0.162516
68.8757,0.164831
68.8857,0.169643
68.8957,0.171126
68.9057,0.170489
68.9157,0.173515
68.9257,0.169695
68.9357,0.163212
68.9457,0.164898
68.9557,0.162484
68.9657,0.165278
68.9757,0.173710
68.9857,0.163284
68.9957,0.178276
69.0058,0.162060
69.0158,0.171842
69.0258,0.177153
69.0358,0.174308
69.0458,0.156188
69.0558,0.172285
69.0658,0.165567
69.0758,0.161143
69.0858,0.173755
69.0958,0.162232
69.1058,0.174433
69.1158,0.184374
69.1258,0.175396
69.1358,0.171368
69.1458,0.172197
69.1558,0.181047
69.1658,0.171543
69.1758,0.170517
69.1858,0.167042
69.1958,0.167593
69.2058,0.182144
69.2158,0.171364
69.2258,0.179947
69.2358,0.180846
69.2458,0.168364
69.2558,0.169905
69.2658,0.181138
69.2758,0.177897
69.2858,0.175597
69.2958,0.180976
69.3058,0.185636
69.3158,0.177480
69.3258,0.173495
69.3358,0.179239
69.3458,0.172119
69.3558,0.179953
69.3658,0.179082
69.3758,0.172796
69.3858,0.176340
69.3958,0.177240
69.4058,0.185955
69.4158,0.173345
69.4258,0.174127
69.4358,0.177870
69.4458,0.185627
69.4558,0.187191
69.4658,0.183724
69.4758,0.187605
69.4858,0.191441
69.4958,0.183661
69.5058,0.176245
69.5158,0.182296
69.5258,0.172280
69.5358,0.186589
69.5458,0.179756
69.5558,0.184844
69.5658,0.183527
69.5758,0.181401
69.5858,0.186527
69.5958,0.183984
69.6058,0.180197
69.6158,0.176717
69.6258,0.188607
69.6358,0.176368
69.6458,0.200637
69.6558,0.196836
69.6658,0.174080
69.6758,0.192079
69.6858,0.196425
69.6958,0.182890
69.7058,0.190649
69.7158,0.187099
69.7258,0.193816
69.7358,0.185051
69.7458,0.196995
69.7558,0.187997
69.7658,0.186869
69.7758,0.194855
69.7858,0.197135
69.7958,0.171501
69.8058,0.167221
69.8158,0.193449
69.8258,0.185682
69.8358,0.180672
69.8458,0.188511
69.8558,0.215055
69.8658,0.181388
69.8758,0.199377
69.8858,0.186464
69.8958,0.181201
69.9058,0.188187
69.9158,0.181975
69.9258,0.181066
69.9358,0.188075
69.9458,0.185416
69.9558,0.193234
69.9658,0.196016
69.9758,0.188620
69.9858,0.200233
69.9958,0.190149
70.0058,0.194498
70.0158,0.178635
70.0258,0.196908
70.0358,0.214528
70.0458,0.203130
70.0558,0.195648
70.0658,0.188021
70.0758,0.210597
70.0858,0.196507
70.0958,0.192660
70.1058,0.193113
70.1158,0.215134
70.1258,0.197854
70.1358,0.202652
70.1458,0.197670
70.1558,0.199019
70.1658,0.196386
70.1758,0.211407
70.1858,0.200623
70.1958,0.189249
70.2059,0.203905
70.2159,0.200072
70.2259,0.204277
70.2359,0.198812
70.2459,0.197371
70.2559,0.209087
70.2659,0.217040
70.2759,0.187528
70.2859,0.203286
70.2959,0.198539
70.3059,0.195793
70.3159,0.186064
70.3259,0.206429
70.3359,0.199900
70.3459,0.199648
70.3559,0.213837
70.3659,0.200922
70.3759,0.200804
70.3859,0.194191
70.3959,0.197835
70.4059,0.217047
70.4159,0.210426
70.4259,0.216050
70.4359,0.199239
70.4459,0.209067
70.4559,0.214773
70.4659,0.211237
70.4759,0.219456
70.4859,0.210240
70.4959,0.207218
70.5059,0.188605
70.5159,0.210982
70.5259,0.212634
70.5359,0.217239
70.5459,0.201906
70.5559,0.208197
70.5659,0.195947
70.5759,0.195963
70.5859,0.213172
70.5959,0.219400
70.6059,0.219879
70.6159,0.213171
70.6259,0.226228
70.6359,0.206916
70.6459,0.217436
70.6559,0.199901
70.6659,0.185489
70.6759,0.206978
70.6859,0.210055
70.6959,0.213086
70.7059,0.209910
70.7159,0.214478
70.7259,0.225697
70.7359,0.217865
70.7459,0.206022
70.7559,0.192232
70.7659,0.203914
70.7759,0.223443
70.7859,0.208853
70.7959,0.218492
70.8059,0.218366
70.8159,0.212978
70.8259,0.212908
70.8359,0.208466
70.8459,0.231775
70.8559,0.206486
70.8659,0.223277
70.8759,0.221131
70.8859,0.219579
70.8959,0.213873
70.9059,0.203166
70.9159,0.205991
70.9259,0.209148
70.9359,0.218474
70.9459,0.222811
70.9559,0.218366
70.9659,0.218099
70.9759,0.224528
70.9859,0.199635
70.9959,0.198865
71.0059,0.204303
71.0159,0.224253
71.0259,0.200937
71.0359,0.217095
71.0459,0.210052
71.0559,0.218738
71.0659,0.216523
71.0759,0.219818
71.0859,0.214781
71.0959,0.223791
71.1059,0.229997
71.1159,0.228564
71.1259,0.215702
71.1359,0.211836
71.1459,0.220476
71.1559,0.234867
71.1659,0.218792
71.1759,0.226079
71.1859,0.225791
71.1959,0.225848
71.2059,0.230004
71.2159,0.209437
71.2259,0.212414
71.2359,0.220648
71.2459,0.230258
71.2559,0.230386
71.2659,0.220340
71.2759,0.228839
71.2859,0.217625
71.2959,0.214531
71.3059,0.210653
71.3159,0.220330
71.3259,0.218797
71.3359,0.229739
71.3459,0.226355
71.3559,0.222426
71.3659,0.222598
71.3759,0.218918
71.3859,0.208176
71.3959,0.213088
71.4060,0.228977
71.4160,0.221712
71.4260,0.212461
71.4360,0.234028
71.4460,0.236811
71.4560,0.232996
71.4660,0.226885
71.4760,0.225915
71.4860,0.223561
71.4960,0.225197
71.5060,0.229050
71.5160,0.229810
71.5260,0.227913
71.5360,0.198193
71.5460,0.233747
71.5560,0.226262
71.5660,0.213933
71.5760,0.226504
71.5860,0.227466
71.5960,0.212605
71.6060,0.220156
71.6160,0.216574
71.6260,0.217757
71.6360,0.230232
71.6460,0.220814
71.6560,0.226660
71.6660,0.231937
71.6760,0.222686
71.6860,0.232498
71.6960,0.237239
71.7060,0.233287
71.7160,0.231435
71.7260,0.233590
71.7360,0.230032
71.7460,0.233781
71.7560,0.217717
71.7660,0.226627
71.7760,0.230476
71.7860,0.226855
71.7960,0.247588
71.8060,0.226152
71.8160,0.213537
71.8260,0.228352
71.8360,0.234650
71.8460,0.221153
71.8560,0.227954
71.8660,0.227773
71.8760,0.227993
71.8860,0.223794
71.8960,0.237465
71.9060,0.246138
71.9160,0.222192
71.9260,0.218561
71.9360,0.225624
71.9460,0.240487
71.9560,0.227274
71.9660,0.232374
71.9760,0.222252
71.9860,0.243926
71.9960,0.227398
72.0060,0.231860
72.0160,0.223601
72.0260,0.222935
72.0360,0.230147
72.0460,0.231111
72.0560,0.237283
72.0660,0.216981
72.0760,0.222976
72.0860,0.225187
72.0960,0.231746
72.1060,0.221848
72.1160,0.230221
72.1260,0.225934
72.1360,0.230097
72.1460,0.225083
72.1560,0.223285
72.1660,0.233756
72.1760,0.240476
72.1860,0.238176
72.1960,0.240666
72.2060,0.241700
72.2160,0.230671
72.2260,0.247017
72.2360,0.238193
72.2460,0.224639
72.2560,0.226982
72.2660,0.233632
72.2760,0.239561
72.2860,0.230779
72.2960,0.224933
72.3060,0.239116
72.3160,0.223949
72.3260,0.235405
72.3360,0.233410
72.3460,0.222415
72.3560,0.247462
72.3660,0.233466
72.3760,0.223933
72.3860,0.233898
72.3960,0.219756
72.4060,0.236573
72.4160,0.240661
72.4260,0.255474
72.4360,0.234728
72.4460,0.228759
72.4560,0.235770
72.4660,0.245724
72.4760,0.238293
72.4860,0.241032
72.4960,0.240535
72.5060,0.238589
72.5160,0.223407
72.5260,0.223054
72.5360,0.222152
72.5460,0.225289
72.5560,0.226292
72.5660,0.249910
72.5760,0.229459
72.5860,0.235993
72.5960,0.233324
72.6061,0.236903
72.6161,0.235995
72.6261,0.225466
72.6361,0.240375
72.6461,0.230233
72.6561,0.230043
72.6661,0.233376
72.6761,0.242377
72.6861,0.230986
72.6961,0.236794
72.7061,0.239359
72.7161,0.238267
72.7261,0.237905
72.7361,0.225135
72.7461,0.237454
72.7561,0.229196
72.7661,0.222509
72.7761,0.232962
72.7861,0.232586
72.7961,0.260492
72.8061,0.244693
72.8161,0.243231
72.8261,0.233767
72.8361,0.235619
72.8461,0.257746
72.8561,0.232158
72.8661,0.239356
72.8761,0.252118
72.8861,0.231669
72.8961,0.238727
72.9061,0.237454
72.9161,0.230559
72.9261,0.243938
72.9361,0.228885
72.9461,0.244083
72.9561,0.241382
72.9661,0.245197
72.9761,0.236528
72.9861,0.241265
72.9961,0.246426
73.0061,0.227013
73.0161,0.228683
73.0261,0.243071
73.0361,0.245067
73.0461,0.239633
73.0561,0.245975
73.0661,0.235783
73.0761,0.248883
73.0861,0.238229
73.0961,0.232645
73.1061,0.250338
73.1161,0.245618
73.1261,0.235464
73.1361,0.235688
73.1461,0.244000
73.1561,0.231252
73.1661,0.241883
73.1761,0.238031
73.1861,0.241161
73.1961,0.223334
73.2061,0.232310
73.2161,0.241657
73.2261,0.248109
73.2361,0.238700
73.2461,0.245590
73.2561,0.228017
73.2661,0.236341
73.2761,0.242228
73.2861,0.239550
73.2961,0.246209
73.3061,0.238112
73.3161,0.238248
73.3261,0.245513
73.3361,0.236043
73.3461,0.233138
73.3561,0.244176
73.3661,0.232805
73.3761,0.251920
73.3861,0.225892
73.3961,0.238299
73.4061,0.253755
73.4161,0.256604
73.4261,0.240124
73.4361,0.249741
73.4461,0.247166
73.4561,0.237087
73.4661,0.244812
73.4761,0.234237
73.4861,0.228688
73.4961,0.245272
73.5061,0.245797
73.5161,0.231862
73.5261,0.240257
73.5361,0.231964
73.5461,0.237815
73.5561,0.238066
73.5661,0.247538
73.5761,0.237662
73.5861,0.231621
73.5961,0.255493
73.6061,0.245778
73.6161,0.249038
73.6261,0.246787
73.6361,0.249501
73.6461,0.245516
73.6561,0.245795
73.6661,0.243143
73.6761,0.238661
73.6861,0.249317
73.6961,0.240157
73.7061,0.243265
73.7161,0.245333
73.7261,0.246058
73.7361,0.234356
73.7461,0.244129
73.7561,0.234401
73.7661,0.244044
73.7761,0.248902
73.7861,0.257110
73.7961,0.247380
73.8062,0.249718
73.8162,0.234151
73.8262,0.247206
73.8362,0.234024
73.8462,0.252613
73.8562,0.234510
73.8662,0.235269
73.8762,0.249170
73.8862,0.256616
73.8962,0.251686
73.9062,0.240437
73.9162,0.235399
73.9262,0.239936
73.9362,0.244410
73.9462,0.242829
73.9562,0.235262
73.9662,0.253826
73.9762,0.254044
73.9862,0.258704
73.9962,0.230385
74.0062,0.237243
74.0162,0.245762
74.0262,0.243837
74.0362,0.240245
74.0462,0.237034
74.0562,0.235944
74.0662,0.260178
74.0762,0.232595
74.0862,0.231593
74.0962,0.234589
74.1062,0.245674
74.1162,0.241993
74.1262,0.247528
74.1362,0.238606
74.1462,0.245005
74.1562,0.245019
74.1662,0.256980
74.1762,0.258654
74.1862,0.243255
74.1962,0.251342
74.2062,0.245841
74.2162,0.250748
74.2262,0.247700
74.2362,0.250548
74.2462,0.251524
74.2562,0.248135
74.2662,0.245872
74.2762,0.253159
74.2862,0.243778
74.2962,0.240284
74.3062,0.232498
74.3162,0.248372
74.3262,0.250546
74.3362,0.231254
74.3462,0.240172
74.3562,0.251128
74.3662,0.244007
74.3762,0.245636
74.3862,0.252532
74.3962,0.244402
74.4062,0.248378
74.4162,0.236693
74.4262,0.248189
74.4362,0.234702
74.4462,0.235075
74.4562,0.241457
74.4662,0.249911
74.4762,0.245975
74.4862,0.239277
74.4962,0.252646
74.5062,0.248211
74.5162,0.254056
74.5262,0.238605
74.5362,0.257239
74.5462,0.258455
74.5562,0.253127
74.5662,0.249771
74.5762,0.249873
74.5862,0.248581
74.5962,0.234984
74.6062,0.241214
74.6162,0.245204
74.6262,0.237826
74.6362,0.257581
74.6462,0.250138
74.6562,0.260427
74.6662,0.252522
74.6762,0.235060
74.6862,0.256722
74.6962,0.242693
74.7062,0.257247
74.7162,0.258427
74.7262,0.257208
74.7362,0.255013
74.7462,0.249925
74.7562,0.246406
74.7662,0.261601
74.7762,0.248730
74.7862,0.243500
74.7962,0.250149
74.8062,0.255835
74.8162,0.255571
74.8262,0.238016
74.8362,0.255378
74.8462,0.252281
74.8562,0.244032
74.8662,0.240230
74.8762,0.258296
74.8862,0.259116
74.8962,0.259473
74.9062,0.236481
74.9162,0.245297
74.9262,0.247459
74.9362,0.259052
74.9462,0.253522
74.9562,0.245299
74.9662,0.248415
74.9762,0.252858
74.9862,0.253157
74.9962,0.260648
75.0063,0.258885
75.0163,0.257237
75.0263,0.241175
75.0363,0.241693
75.0463,0.239418
75.0563,0.250757
75.0663,0.243643
75.0763,0.252192
75.0863,0.253374
75.0963,0.249453
75.1063,0.254765
75.1163,0.242610
75.1263,0.235977
75.1363,0.242182
75.1463,0.254559
75.1563,0.262608
75.1663,0.259753
75.1763,0.246358
75.1863,0.255675
75.1963,0.236928
75.2063,0.260448
75.2163,0.252306
75.2263,0.254465
75.2363,0.232876
75.2463,0.251914
75.2563,0.263005
75.2663,0.250653
75.2763,0.247593
75.2863,0.246311
75.2963,0.242620
75.3063,0.249133
75.3163,0.238710
75.3263,0.252073
75.3363,0.257376
75.3463,0.245085
75.3563,0.251617
75.3663,0.248061
75.3763,0.251756
75.3863,0.255903
75.3963,0.251962
75.4063,0.255551
75.4163,0.252866
75.4263,0.255622
75.4363,0.251269
75.4463,0.251413
75.4563,0.254319
75.4663,0.248230
75.4763,0.252431
75.4863,0.241724
75.4963,0.234377
75.5063,0.249636
75.5163,0.242528
75.5263,0.264382
75.5363,0.242550
75.5463,0.255082
75.5563,0.243295
75.5663,0.248806
75.5763,0.240078
75.5863,0.239356
75.5963,0.251340
75.6063,0.245898
75.6163,0.255035
75.6263,0.259099
75.6363,0.236383
75.6463,0.257552
75.6563,0.241141
75.6663,0.246188
75.6763,0.237659
75.6863,0.237919
75.6963,0.233354
75.7063,0.245701
75.7163,0.249447
75.7263,0.246006
75.7363,0.234674
75.7463,0.233364
75.7563,0.249121
75.7663,0.255373
75.7763,0.251063
75.7863,0.264044
75.7963,0.248816
75.8063,0.251664
75.8163,0.248993
75.8263,0.242929
75.8363,0.247887
75.8463,0.255928
75.8563,0.256261
75.8663,0.252120
75.8763,0.261937
75.8863,0.252958
75.8963,0.251932
75.9063,0.261355
75.9163,0.243636
75.9263,0.260799
75.9363,0.241602
75.9463,0.247285
75.9563,0.234740
75.9663,0.251460
75.9763,0.260074
75.9863,0.241985
75.9963,0.247244
76.0063,0.247751
76.0163,0.247822
76.0263,0.241178
76.0363,0.249879
76.0463,0.262158
76.0563,0.245608
76.0663,0.251475
76.0763,0.251429
76.0863,0.246504
76.0963,0.251913
76.1063,0.246658
76.1163,0.253063
76.1263,0.249175
76.1363,0.238511
76.1463,0.235382
76.1563,0.232688
76.1663,0.246528
76.1763,0.256471
76.1863,0.244002
76.1963,0.247885
76.2064,0.244646
76.2164,0.243214
76.2264,0.267531
76.2364,0.243543
76.2464,0.239126
76.2564,0.242801
76.2664,0.250575
76.2764,0.245405
76.2864,0.252297
76.2964,0.244183
76.3064,0.245338
76.3164,0.244399
76.3264,0.249343
76.3364,0.255799
76.3464,0.256660
76.3564,0.261382
76.3664,0.239638
76.3764,0.241835
76.3864,0.242820
76.3964,0.250158
76.4064,0.241583
76.4164,0.244703
76.4264,0.255707
76.4364,0.258807
76.4464,0.255806
76.4564,0.252841
76.4664,0.244991
76.4764,0.250477
76.4864,0.259448
76.4964,0.255629
76.5064,0.257429
76.5164,0.257972
76.5264,0.247758
76.5364,0.255466
76.5464,0.247373
76.5564,0.255187
76.5664,0.260254
76.5764,0.262885
76.5864,0.255226
76.5964,0.253634
76.6064,0.261599
76.6164,0.243595
76.6264,0.262092
76.6364,0.251585
76.6464,0.251658
76.6564,0.246960
76.6664,0.241196
76.6764,0.262368
76.6864,0.253841
76.6964,0.247669
76.7064,0.253437
76.7164,0.247957
76.7264,0.237025
76.7364,0.249252
76.7464,0.239435
76.7564,0.252607
76.7664,0.263404
76.7764,0.245600
76.7864,0.257071
76.7964,0.245638
76.8064,0.250607
76.8164,0.243759
76.8264,0.255751
76.8364,0.261581
76.8464,0.252361
76.8564,0.255119
76.8664,0.255117
76.8764,0.248871
76.8864,0.261332
76.8964,0.246744
76.9064,0.238319
76.9164,0.243539
76.9264,0.255849
76.9364,0.247840
76.9464,0.251690
76.9564,0.249051
76.9664,0.252419
76.9764,0.259731
76.9864,0.263201
76.9964,0.243254
77.0064,0.258477
77.0164,0.252606
77.0264,0.241259
77.0364,0.255010
77.0464,0.265856
77.0564,0.245175
77.0664,0.249262
77.0764,0.238256
77.0864,0.250181
77.0964,0.252408
77.1064,0.266929
77.1164,0.243675
77.1264,0.258872
77.1364,0.253578
77.1464,0.269056
77.1564,0.252597
77.1664,0.250795
77.1764,0.257990
77.1864,0.255140
77.1964,0.258725
77.2064,0.255741
77.2164,0.239458
77.2264,0.255450
77.2364,0.255274
77.2464,0.245377
77.2564,0.253622
77.2664,0.236629
77.2764,0.253369
77.2864,0.256815
77.2964,0.259024
77.3064,0.256965
77.3164,0.244279
77.3264,0.239657
77.3364,0.258920
77.3464,0.254640
77.3564,0.255356
77.3664,0.264871
77.3764,0.238574
77.3864,0.265866
77.3964,0.246954
77.4065,0.258061
77.4165,0.251367
77.4265,0.248717
77.4365,0.239421
77.4465,0.246123
77.4565,0.255248
77.4665,0.254362
77.4765,0.259148
77.4865,0.246009
77.4965,0.257526
77.5065,0.252090
77.5165,0.256633
77.5265,0.255686
77.5365,0.247818
77.5465,0.253617
77.5565,0.255296
77.5665,0.257910
77.5765,0.263669
77.5865,0.246562
77.5965,0.242316
77.6065,0.261949
77.6165,0.241375
77.6265,0.259943
77.6365,0.244410
77.6465,0.246656
77.6565,0.251070
77.6665,0.240100
77.6765,0.243960
77.6865,0.238344
77.6965,0.257092
77.7065,0.251654
77.7165,0.251871
77.7265,0.251276
77.7365,0.251632
77.7465,0.247926
77.7565,0.259442
77.7665,0.237695
77.7765,0.240268
77.7865,0.262683
77.7965,0.253963
77.8065,0.235637
77.8165,0.254398
77.8265,0.239135
77.8365,0.262263
77.8465,0.259229
77.8565,0.268655
77.8665,0.249493
77.8765,0.242158
77.8865,0.247577
77.8965,0.247768
77.9065,0.255002
77.9165,0.237274
77.9265,0.251892
77.9365,0.243827
77.9465,0.247847
77.9565,0.263023
77.9665,0.259988
77.9765,0.257813
77.9865,0.257074
77.9965,0.249875
78.0065,0.251610
78.0165,0.239426
78.0265,0.242143
78.0365,0.253035
78.0465,0.243071
78.0565,0.257555
78.0665,0.251647
78.0765,0.249672
78.0865,0.247205
78.0965,0.255674
78.1065,0.257498
78.1165,0.245041
78.1265,0.247895
78.1365,0.250592
78.1465,0.254673
78.1565,0.254579
78.1665,0.251302
78.1765,0.257793
78.1865,0.251048
78.1965,0.240968
78.2065,0.262846
78.2165,0.259996
78.2265,0.241147
78.2365,0.253598
78.2465,0.262582
78.2565,0.249751
78.2665,0.258365
78.2765,0.261083
78.2865,0.254351
78.2965,0.269357
78.3065,0.257418
78.3165,0.253043
78.3265,0.250897
78.3365,0.251862
78.3465,0.247731
78.3565,0.243346
78.3665,0.245067
78.3765,0.251127
78.3865,0.258700
78.3965,0.254893
78.4065,0.253639
78.4165,0.269257
78.4265,0.265763
78.4365,0.245007
78.4465,0.257949
78.4565,0.242822
78.4665,0.254469
78.4765,0.241348
78.4865,0.247483
78.4965,0.257337
78.5065,0.248716
78.5165,0.243727
78.5265,0.246864
78.5365,0.244821
78.5465,0.255677
78.5565,0.262005
78.5665,0.250814
78.5765,0.260632
78.5865,0.247816
78.5965,0.251599
78.6066,0.266686
78.6166,0.250997
78.6266,0.260986
78.6366,0.246672
78.6466,0.252277
78.6566,0.245579
78.6666,0.252982
78.6766,0.254372
78.6866,0.258515
78.6966,0.247835
78.7066,0.251136
78.7166,0.261989
78.7266,0.242814
78.7366,0.232690
78.7466,0.247269
78.7566,0.257384
78.7666,0.253171
78.7766,0.244864
78.7866,0.253091
78.7966,0.249592
78.8066,0.240006
78.8166,0.249814
78.8266,0.258500
78.8366,0.250324
78.8466,0.240449
78.8566,0.266365
78.8666,0.244618
78.8766,0.255552
78.8866,0.259256
78.8966,0.255954
78.9066,0.250727
78.9166,0.238060
78.9266,0.261975
78.9366,0.243269
78.9466,0.260384
78.9566,0.261499
78.9666,0.242847
78.9766,0.242731
78.9866,0.249483
78.9966,0.259990
79.0066,0.247857
79.0166,0.253394
79.0266,0.248632
79.0366,0.258939
79.0466,0.247579
79.0566,0.246897
79.0666,0.244409
79.0766,0.244167
79.0866,0.261191
79.0966,0.249821
79.1066,0.245081
79.1166,0.239325
79.1266,0.250535
79.1366,0.246136
79.1466,0.244623
79.1566,0.246520
79.1666,0.253692
79.1766,0.243435
79.1866,0.250278
79.1966,0.259817
79.2066,0.248309
79.2166,0.244229
79.2266,0.261188
79.2366,0.252046
79.2466,0.251358
79.2566,0.256929
79.2666,0.252073
79.2766,0.253328
79.2866,0.240206
79.2966,0.246063
79.3066,0.267682
79.3166,0.244465
79.3266,0.253341
79.3366,0.266732
79.3466,0.258295
79.3566,0.255129
79.3666,0.246397
79.3766,0.247828
79.3866,0.250345
79.3966,0.255520
79.4066,0.263008
79.4166,0.253772
79.4266,0.248269
79.4366,0.252067
79.4466,0.257010
79.4566,0.255543
79.4666,0.250863
79.4766,0.243895
79.4866,0.261478
79.4966,0.250771
79.5066,0.254833
79.5166,0.247461
79.5266,0.247260
79.5366,0.256861
79.5466,0.242755
79.5566,0.243582
79.5666,0.264964
79.5766,0.259508
79.5866,0.256237
79.5966,0.244326
79.6066,0.254675
79.6166,0.252325
79.6266,0.249380
79.6366,0.252205
79.6466,0.241479
79.6566,0.236375
79.6666,0.255310
79.6766,0.254231
79.6866,0.254957
79.6966,0.259102
79.7066,0.257042
79.7166,0.264831
79.7266,0.262393
79.7366,0.253429
79.7466,0.254230
79.7566,0.254765
79.7666,0.240702
79.7766,0.260336
79.7866,0.257662
79.7966,0.239723
79.8067,0.265383
79.8167,0.249565
79.8267,0.252000
79.8367,0.251851
79.8467,0.251626
79.8567,0.272162
79.8667,0.250919
79.8767,0.250417
79.8867,0.253171
79.8967,0.246232
79.9067,0.255357
79.9167,0.246457
79.9267,0.257036
79.9367,0.244690
79.9467,0.248339
79.9567,0.245001
79.9667,0.248787
79.9767,0.238754
79.9867,0.233488
79.9967,0.250477
80.0067,0.240768
80.0167,0.266928
80.0267,0.250185
80.0367,0.258723
80.0467,0.255524
80.0567,0.244545
80.0667,0.249675
80.0767,0.258958
80.0867,0.258428
80.0967,0.259944
80.1067,0.247750
80.1167,0.257661
80.1267,0.248134
80.1367,0.261044
80.1467,0.260780
80.1567,0.241929
80.1667,0.255109
80.1767,0.244116
80.1867,0.259479
80.1967,0.243806
80.2067,0.255387
80.2167,0.258690
80.2267,0.253290
80.2367,0.259615
80.2467,0.255037
80.2567,0.265192
80.2667,0.243812
80.2767,0.249519
80.2867,0.237197
80.2967,0.250144
80.3067,0.242982
80.3167,0.241344
80.3267,0.239954
80.3367,0.248570
80.3467,0.254342
80.3567,0.256090
80.3667,0.260235
80.3767,0.259726
80.3867,0.243094
80.3967,0.246133
80.4067,0.253565
80.4167,0.253638
80.4267,0.262957
80.4367,0.249557
80.4467,0.257946
80.4567,0.250605
80.4667,0.254551
80.4767,0.254736
80.4867,0.251390
80.4967,0.243698
80.5067,0.253656
80.5167,0.256524
80.5267,0.252169
80.5367,0.229143
80.5467,0.249765
80.5567,0.256537
80.5667,0.243200
80.5767,0.259495
80.5867,0.245993
80.5967,0.248263
80.6067,0.252395
80.6167,0.243300
80.6267,0.257888
80.6367,0.260629
80.6467,0.241635
80.6567,0.248871
80.6667,0.265420
80.6767,0.258986
80.6867,0.237199
80.6967,0.259358
80.7067,0.222568
80.7167,0.254766
80.7267,0.242907
80.7367,0.253352
80.7467,0.251557
80.7567,0.250561
80.7667,0.254084
80.7767,0.245337
80.7867,0.244419
80.7967,0.256559
80.8067,0.249064
80.8167,0.244364
80.8267,0.247398
80.8367,0.246605
80.8467,0.245855
80.8567,0.252066
80.8667,0.241456
80.8767,0.260480
80.8867,0.250000
80.8967,0.233415
80.9067,0.250198
80.9167,0.240447
80.9267,0.247561
80.9367,0.246452
80.9467,0.252983
80.9567,0.252781
80.9667,0.249108
80.9767,0.262500
80.9867,0.241311
80.9967,0.257919
81.0068,0.258025
81.0168,0.249459
81.0268,0.250312
81.0368,0.254128
81.0468,0.243876
81.0568,0.242233
81.0668,0.242527
81.0768,0.248376
81.0868,0.242160
81.0968,0.240011
81.1068,0.237376
81.1168,0.237666
81.1268,0.240291
81.1368,0.240345
81.1468,0.246009
81.1568,0.238811
81.1668,0.248824
81.1768,0.260500
81.1868,0.254622
81.1968,0.236004
81.2068,0.241964
81.2168,0.234057
81.2268,0.245646
81.2368,0.245973
81.2468,0.245202
81.2568,0.235277
81.2668,0.238336
81.2768,0.251038
81.2868,0.246426
81.2968,0.236164
81.3068,0.232694
81.3168,0.242240
81.3268,0.241697
81.3368,0.232242
81.3468,0.239919
81.3568,0.238361
81.3668,0.237392
81.3768,0.238518
81.3868,0.243987
81.3968,0.242358
81.4068,0.251533
81.4168,0.242922
81.4268,0.247625
81.4368,0.230445
81.4468,0.242093
81.4568,0.237744
81.4668,0.246359
81.4768,0.242444
81.4868,0.252855
81.4968,0.232641
81.5068,0.234247
81.5168,0.242508
81.5268,0.238579
81.5368,0.231908
81.5468,0.242281
81.5568,0.235170
81.5668,0.242573
81.5768,0.225206
81.5868,0.236293
81.5968,0.239730
81.6068,0.239663
81.6168,0.243734
81.6268,0.236018
81.6368,0.241387
81.6468,0.237081
81.6568,0.243333
81.6668,0.224994
81.6768,0.216291
81.6868,0.246983
81.6968,0.232232
81.7068,0.222981
81.7168,0.235148
81.7268,0.232110
81.7368,0.239036
81.7468,0.239846
81.7568,0.232392
81.7668,0.242986
81.7768,0.225689
81.7868,0.216393
81.7968,0.236199
81.8068,0.232775
81.8168,0.219501
81.8268,0.239351
81.8368,0.220708
81.8468,0.233212
81.8568,0.240065
81.8668,0.235800
81.8768,0.235164
81.8868,0.229582
81.8968,0.234538
81.9068,0.237072
81.9168,0.227660
81.9268,0.223583
81.9368,0.238748
81.9468,0.247066
81.9568,0.244021
81.9668,0.210862
81.9768,0.241694
81.9868,0.226417
81.9968,0.245705
82.0068,0.222799
82.0168,0.221888
82.0268,0.230320
82.0368,0.227313
82.0468,0.227516
82.0568,0.237682
82.0668,0.239834
82.0768,0.222194
82.0868,0.242670
82.0968,0.219505
82.1068,0.224317
82.1168,0.249221
82.1268,0.231711
82.1368,0.223298
82.1468,0.230465
82.1568,0.233798
82.1668,0.230650
82.1768,0.237993
82.1868,0.220625
82.1968,0.222113
82.2069,0.220019
82.2169,0.220291
82.2269,0.227071
82.2369,0.218017
82.2469,0.228646
82.2569,0.231177
82.2669,0.216127
82.2769,0.220660
82.2869,0.221409
82.2969,0.223530
82.3069,0.223759
82.3169,0.232109
82.3269,0.232495
82.3369,0.217979
82.3469,0.229769
82.3569,0.235024
82.3669,0.233489
82.3769,0.225240
82.3869,0.222953
82.3969,0.211946
82.4069,0.219656
82.4169,0.210795
82.4269,0.231653
82.4369,0.220207
82.4469,0.221410
82.4569,0.216946
82.4669,0.210387
82.4769,0.227153
82.4869,0.225251
82.4969,0.228486
82.5069,0.206781
82.5169,0.231130
82.5269,0.219356
82.5369,0.226360
82.5469,0.198837
82.5569,0.222982
82.5669,0.218892
82.5769,0.217493
82.5869,0.218250
82.5969,0.214046
82.6069,0.207293
82.6169,0.208254
82.6269,0.218360
82.6369,0.228412
82.6469,0.226552
82.6569,0.219315
82.6669,0.213337
82.6769,0.233526
82.6869,0.222243
82.6969,0.221326
82.7069,0.205682
82.7169,0.218159
82.7269,0.205985
82.7369,0.232313
82.7469,0.208703
82.7569,0.210348
82.7669,0.209779
82.7769,0.211782
82.7869,0.219877
82.7969,0.214308
82.8069,0.214391
82.8169,0.219574
82.8269,0.201451
82.8369,0.219344
82.8469,0.214203
82.8569,0.207271
82.8669,0.213715
82.8769,0.213334
82.8869,0.191203
82.8969,0.222958
82.9069,0.221396
82.9169,0.201042
82.9269,0.205210
82.9369,0.221850
82.9469,0.216101
82.9569,0.213659
82.9669,0.213799
82.9769,0.213068
82.9869,0.201320
82.9969,0.205084
83.0069,0.217343
83.0169,0.214376
83.0269,0.211159
83.0369,0.203465
83.0469,0.216323
83.0569,0.200437
83.0669,0.219777
83.0769,0.201887
83.0869,0.200478
83.0969,0.207451
83.1069,0.208669
83.1169,0.207504
83.1269,0.195903
83.1369,0.209616
83.1469,0.213837
83.1569,0.205111
83.1669,0.193147
83.1769,0.203583
83.1869,0.195967
83.1969,0.189333
83.2069,0.200157
83.2169,0.217292
83.2269,0.203394
83.2369,0.201625
83.2469,0.209244
83.2569,0.208208
83.2669,0.191347
83.2769,0.217780
83.2869,0.204163
83.2969,0.209588
83.3069,0.197328
83.3169,0.186200
83.3269,0.200659
83.3369,0.192528
83.3469,0.210468
83.3569,0.189515
83.3669,0.200815
83.3769,0.205149
83.3869,0.203507
83.3969,0.195849
83.4070,0.185366
83.4170,0.187302
83.4270,0.193050
83.4370,0.187577
83.4470,0.198004
83.4570,0.192257
83.4670,0.187764
83.4770,0.186474
83.4870,0.184869
83.4970,0.196902
83.5070,0.191230
83.5170,0.197056
83.5270,0.195979
83.5370,0.194719
83.5470,0.201271
83.5570,0.184053
83.5670,0.200809
83.5770,0.198474
83.5870,0.193498
83.5970,0.188363
83.6070,0.194889
83.6170,0.197908
83.6270,0.182864
83.6370,0.198689
83.6470,0.207466
83.6570,0.192781
83.6670,0.203472
83.6770,0.196590
83.6870,0.194643
83.6970,0.186674
83.7070,0.189296
83.7170,0.183921
83.7270,0.199058
83.7370,0.185299
83.7470,0.205095
83.7570,0.194249
83.7670,0.193637
83.7770,0.179640
83.7870,0.195295
83.7970,0.187951
83.8070,0.184943
83.8170,0.183950
83.8270,0.179010
83.8370,0.188761
83.8470,0.187088
83.8570,0.177656
83.8670,0.192024
83.8770,0.204675
83.8870,0.175996
83.8970,0.186223
83.9070,0.200136
83.9170,0.180392
83.9270,0.189868
83.9370,0.189231
83.9470,0.191097
83.9570,0.200232
83.9670,0.170992
83.9770,0.186578
83.9870,0.180782
83.9970,0.184211
84.0070,0.184629
84.0170,0.181655
84.0270,0.175048
84.0370,0.175332
84.0470,0.200229
84.0570,0.171910
84.0670,0.192514
84.0770,0.174159
84.0870,0.182941
84.0970,0.197661
84.1070,0.188012
84.1170,0.169886
84.1270,0.178433
84.1370,0.180659
84.1470,0.188848
84.1570,0.180719
84.1670,0.178807
84.1770,0.193575
84.1870,0.192195
84.1970,0.184878
84.2070,0.174017
84.2170,0.157552
84.2270,0.168266
84.2370,0.165885
84.2470,0.177482
84.2570,0.185211
84.2670,0.193250
84.2770,0.187368
84.2870,0.171238
84.2970,0.178683
84.3070,0.179605
84.3170,0.163647
84.3270,0.168869
84.3370,0.172147
84.3470,0.192368
84.3570,0.178155
84.3670,0.164282
84.3770,0.171135
84.3870,0.177859
84.3970,0.171995
84.4070,0.170889
84.4170,0.179329
84.4270,0.184420
84.4370,0.182672
84.4470,0.170275
84.4570,0.171091
84.4670,0.169672
84.4770,0.180328
84.4870,0.168503
84.4970,0.155960
84.5070,0.174942
84.5170,0.175050
84.5270,0.167307
84.5370,0.185109
84.5470,0.165679
84.5570,0.181093
84.5670,0.158773
84.5770,0.171429
84.5870,0.162483
84.5970,0.168101
84.6071,0.174511
84.6171,0.163594
84.6271,0.162302
84.6371,0.165838
84.6471,0.197429
84.6571,0.168703
84.6671,0.167963
84.6771,0.170030
84.6871,0.152555
84.6971,0.173384
84.7071,0.171441
84.7171,0.151212
84.7271,0.184451
84.7371,0.164973
84.7471,0.155747
84.7571,0.166923
84.7671,0.156876
84.7771,0.150996
84.7871,0.161431
84.7971,0.161524
84.8071,0.150480
84.8171,0.156567
84.8271,0.154277
84.8371,0.159415
84.8471,0.167188
84.8571,0.162870
84.8671,0.161210
84.8771,0.146603
84.8871,0.160711
84.8971,0.151965
84.9071,0.146658
84.9171,0.167154
84.9271,0.149217
84.9371,0.160350
84.9471,0.155432
84.9571,0.151434
84.9671,0.168553
84.9771,0.153723
84.9871,0.153998
84.9971,0.152110
85.0071,0.159130
85.0171,0.156179
85.0271,0.151572
85.0371,0.149538
85.0471,0.156320
85.0571,0.151180
85.0671,0.169911
85.0771,0.151644
85.0871,0.158253
85.0971,0.154584
85.1071,0.152731
85.1171,0.161970
85.1271,0.159149
85.1371,0.158728
85.1471,0.158371
85.1571,0.140789
85.1671,0.156962
85.1771,0.151189
85.1871,0.148798
85.1971,0.180316
85.2071,0.140576
85.2171,0.151373
85.2271,0.150459
85.2371,0.150907
85.2471,0.143182
85.2571,0.152826
85.2671,0.141768
85.2771,0.152759
85.2871,0.151476
85.2971,0.148002
85.3071,0.149106
85.3171,0.162093
85.3271,0.153778
85.3371,0.150269
85.3471,0.152014
85.3571,0.148672
85.3671,0.152500
85.3771,0.142968
85.3871,0.165233
85.3971,0.148783
85.4071,0.169623
85.4171,0.164479
85.4271,0.142447
85.4371,0.148127
85.4471,0.148868
85.4571,0.153146
85.4671,0.146459
85.4771,0.154797
85.4871,0.130802
85.4971,0.139728
85.5071,0.142813
85.5171,0.138740
85.5271,0.129951
85.5371,0.150610
85.5471,0.134417
85.5571,0.137611
85.5671,0.148778
85.5771,0.152267
85.5871,0.137681
85.5971,0.133645
85.6071,0.135166
85.6171,0.150323
85.6271,0.150510
85.6371,0.143565
85.6471,0.142583
85.6571,0.129790
85.6671,0.143794
85.6771,0.146093
85.6871,0.140865
85.6971,0.140890
85.7071,0.130755
85.7171,0.148091
85.7271,0.127603
85.7371,0.138078
85.7471,0.141606
85.7571,0.146808
85.7671,0.145843
85.7771,0.146262
85.7871,0.134466
85.7971,0.155208
85.8072,0.145054
85.8172,0.133263
85.8272,0.133514
85.8372,0.141639
85.8472,0.131551
85.8572,0.124806
85.8672,0.135420
85.8772,0.116316
85.8872,0.137097
85.8972,0.139069
85.9072,0.131572
85.9172,0.142635
85.9272,0.139987
85.9372,0.124755
85.9472,0.132996
85.9572,0.128222
85.9672,0.129528
85.9772,0.141019
85.9872,0.136588
85.9972,0.125580
86.0072,0.132850
86.0172,0.124747
86.0272,0.126650
86.0372,0.142578
86.0472,0.150376
86.0572,0.143969
86.0672,0.131693
86.0772,0.130682
86.0872,0.137102
86.0972,0.129495
86.1072,0.117013
86.1172,0.142708
86.1272,0.118392
86.1372,0.137293
86.1472,0.133446
86.1572,0.141983
86.1672,0.133742
86.1772,0.121877
86.1872,0.135000
86.1972,0.123148
86.2072,0.117972
86.2172,0.110878
86.2272,0.124278
86.2372,0.111497
86.2472,0.136236
86.2572,0.111914
86.2672,0.121179
86.2772,0.121260
86.2872,0.125070
86.2972,0.116497
86.3072,0.132252
86.3172,0.124217
86.3272,0.122509
86.3372,0.117187
86.3472,0.126526
86.3572,0.133046
86.3672,0.143167
86.3772,0.113817
86.3872,0.119993
86.3972,0.105568
86.4072,0.126003
86.4172,0.109382
86.4272,0.122247
86.4372,0.129663
86.4472,0.116228
86.4572,0.111807
86.4672,0.129549
86.4772,0.124430
86.4872,0.109446
86.4972,0.119343
86.5072,0.111136
86.5172,0.126191
86.5272,0.118431
86.5372,0.129409
86.5472,0.109477
86.5572,0.118487
86.5672,0.116313
86.5772,0.118190
86.5872,0.111364
86.5972,0.097628
86.6072,0.120810
86.6172,0.115548
86.6272,0.108211
86.6372,0.110589
86.6472,0.104991
86.6572,0.099221
86.6672,0.122140
86.6772,0.118145
86.6872,0.102504
86.6972,0.133255
86.7072,0.103786
86.7172,0.118260
86.7272,0.112316
86.7372,0.101926
86.7472,0.114570
86.7572,0.110041
86.7672,0.106164
86.7772,0.121557
86.7872,0.115738
86.7972,0.116245
86.8072,0.108513
86.8172,0.112796
86.8272,0.109508
86.8372,0.113462
86.8472,0.101440
86.8572,0.089964
86.8672,0.119551
86.8772,0.108329
86.8872,0.112765
86.8972,0.102461
86.9072,0.105892
86.9172,0.119590
86.9272,0.110084
86.9372,0.124556
86.9472,0.113797
86.9572,0.101065
86.9672,0.109689
86.9772,0.119360
86.9872,0.107410
86.9972,0.110558
87.0073,0.116443
87.0173,0.086124
87.0273,0.110245
87.0373,0.115156
87.0473,0.097988
87.0573,0.112238
87.0673,0.103581
87.0773,0.089833
87.0873,0.109443
87.0973,0.102789
87.1073,0.102018
87.1173,0.107530
87.1273,0.094516
87.1373,0.108032
87.1473,0.094308
87.1573,0.113457
87.1673,0.110215
87.1773,0.113154
87.1873,0.104314
87.1973,0.096960
87.2073,0.094331
87.2173,0.093603
87.2273,0.098216
87.2373,0.093856
87.2473,0.101695
87.2573,0.092403
87.2673,0.093618
87.2773,0.095299
87.2873,0.091887
87.2973,0.095109
87.3073,0.102268
87.3173,0.090276
87.3273,0.087468
87.3373,0.095423
87.3473,0.087487
87.3573,0.107044
87.3673,0.090514
87.3773,0.096239
87.3873,0.099238
87.3973,0.085261
87.4073,0.088352
87.4173,0.089821
87.4273,0.100874
87.4373,0.109018
87.4473,0.108966
87.4573,0.104057
87.4673,0.083704
87.4773,0.086365
87.4873,0.104229
87.4973,0.105087
87.5073,0.099002
87.5173,0.098836
87.5273,0.088710
87.5373,0.105626
87.5473,0.085802
87.5573,0.078520
87.5673,0.097569
87.5773,0.086251
87.5873,0.080279
87.5973,0.097446
87.6073,0.075550
87.6173,0.093566
87.6273,0.086114
87.6373,0.102253
87.6473,0.092855
87.6573,0.097543
87.6673,0.080033
87.6773,0.074911
87.6873,0.085321
87.6973,0.092870
87.7073,0.088302
87.7173,0.096694
87.7273,0.091616
87.7373,0.078606
87.7473,0.090475
87.7573,0.087891
87.7673,0.096439
87.7773,0.078621
87.7873,0.080481
87.7973,0.088719
87.8073,0.096612
87.8173,0.083465
87.8273,0.089590
87.8373,0.084858
87.8473,0.083994
87.8573,0.093308
87.8673,0.084730
87.8773,0.080069
87.8873,0.079355
87.8973,0.080671
87.9073,0.077350
87.9173,0.080743
87.9273,0.082876
87.9373,0.084459
87.9473,0.074043
87.9573,0.078320
87.9673,0.078472
87.9773,0.075098
87.9873,0.076330
87.9973,0.087932
88.0073,0.091398
88.0173,0.077743
88.0273,0.074320
88.0373,0.079119
88.0473,0.080205
88.0573,0.084829
88.0673,0.075883
88.0773,0.074479
88.0873,0.098190
88.0973,0.067991
88.1073,0.085310
88.1173,0.089782
88.1273,0.075596
88.1373,0.080908
88.1473,0.063737
88.1573,0.077114
88.1673,0.085954
88.1773,0.077405
88.1873,0.076510
88.1973,0.089842
88.2074,0.082284
88.2174,0.081162
88.2274,0.068775
88.2374,0.055465
88.2474,0.077773
88.2574,0.074597
88.2674,0.080418
88.2774,0.075080
88.2874,0.074202
88.2974,0.073858
88.3074,0.064500
88.3174,0.058383
88.3274,0.065823
88.3374,0.063853
88.3474,0.072074
88.3574,0.059142
88.3674,0.068165
88.3774,0.087174
88.3874,0.070908
88.3974,0.071656
88.4074,0.071163
88.4174,0.072501
88.4274,0.066361
88.4374,0.069019
88.4474,0.065771
88.4574,0.057931
88.4674,0.079027
88.4774,0.062353
88.4874,0.081983
88.4974,0.062829
88.5074,0.057847
88.5174,0.083971
88.5274,0.056415
88.5374,0.049904
88.5474,0.056219
88.5574,0.066456
88.5674,0.056627
88.5774,0.062597
88.5874,0.050600
88.5974,0.075337
88.6074,0.069766
88.6174,0.056051
88.6274,0.047424
88.6374,0.058488
88.6474,0.070690
88.6574,0.073873
88.6674,0.063145
88.6774,0.060790
88.6874,0.059944
88.6974,0.066779
88.7074,0.071167
88.7174,0.062742
88.7274,0.060668
88.7374,0.069677
88.7474,0.075158
88.7574,0.060682
88.7674,0.063427
88.7774,0.056509
88.7874,0.062935
88.7974,0.054653
88.8074,0.073214
88.8174,0.068701
88.8274,0.075282
88.8374,0.056679
88.8474,0.077496
88.8574,0.062663
88.8674,0.059410
88.8774,0.070319
88.8874,0.051865
88.8974,0.060071
88.9074,0.058327
88.9174,0.062693
88.9274,0.055578
88.9374,0.054588
88.9474,0.055632
88.9574,0.056130
88.9674,0.058858
88.9774,0.068309
88.9874,0.040529
88.9974,0.063688
89.0074,0.053555
89.0174,0.055678
89.0274,0.048192
89.0374,0.057032
89.0474,0.053308
89.0574,0.054417
89.0674,0.060658
89.0774,0.060854
89.0874,0.066908
89.0974,0.050588
89.1074,0.060562
89.1174,0.059950
89.1274,0.055362
89.1374,0.067921
89.1474,0.049110
89.1574,0.055202
89.1674,0.056213
89.1774,0.043969
89.1874,0.063451
89.1974,0.052258
89.2074,0.056388
89.2174,0.065307
89.2274,0.054169
89.2374,0.052552
89.2474,0.052540
89.2574,0.043749
89.2674,0.048524
89.2774,0.050138
89.2874,0.051916
89.2974,0.061940
89.3074,0.058125
89.3174,0.045772
89.3274,0.050066
89.3374,0.061241
89.3474,0.036025
89.3574,0.047779
89.3674,0.038931
89.3774,0.068710
89.3874,0.055123
89.3974,0.044757
89.4075,0.048223
89.4175,0.041718
89.4275,0.064005
89.4375,0.029512
89.4475,0.050260
89.4575,0.046854
89.4675,0.038977
89.4775,0.044980
89.4875,0.033808
89.4975,0.059117
89.5075,0.046547
89.5175,0.053447
89.5275,0.042034
89.5375,0.056452
89.5475,0.045758
89.5575,0.053848
89.5675,0.049589
89.5775,0.044565
89.5875,0.052617
89.5975,0.077888
89.6075,0.035141
89.6175,0.043009
89.6275,0.033413
89.6375,0.046866
89.6475,0.045140
89.6575,0.058662
89.6675,0.040854
89.6775,0.050308
89.6875,0.025843
89.6975,0.043481
89.7075,0.035096
89.7175,0.046580
89.7275,0.050840
89.7375,0.036617
89.7475,0.045529
89.7575,0.038137
89.7675,0.041159
89.7775,0.043859
89.7875,0.032325
89.7975,0.032152
89.8075,0.046872
89.8175,0.034303
89.8275,0.049749
89.8375,0.025100
89.8475,0.046572
89.8575,0.038945
89.8675,0.037920
89.8775,0.039637
89.8875,0.026681
89.8975,0.047014
89.9075,0.034386
89.9175,0.030944
89.9275,0.054725
89.9375,0.034408
89.9475,0.030081
89.9575,0.043284
89.9675,0.038680
89.9775,0.044443
89.9875,0.036822
89.9975,0.043587
90.0075,0.052158
90.0175,0.029470
90.0275,0.031658
90.0375,0.022305
90.0475,0.037965
90.0575,0.035727
90.0675,0.044630
90.0775,0.034103
90.0875,0.033463
90.0975,0.035509
90.1075,0.031878
90.1175,0.036505
90.1275,0.035184
90.1375,0.037496
90.1475,0.031176
90.1575,0.037215
90.1675,0.037568
90.1775,0.029838
90.1875,0.031615
90.1975,0.030683
90.2075,0.022096
90.2175,0.027850
90.2275,0.037646
90.2375,0.038157
90.2475,0.033924
90.2575,0.022939
90.2675,0.038705
90.2775,0.045523
90.2875,0.035288
90.2975,0.030353
90.3075,0.023299
90.3175,0.029936
90.3275,0.025927
90.3375,0.028133
90.3475,0.039880
90.3575,0.036474
90.3675,0.026509
90.3775,0.029799
90.3875,0.028904
90.3975,0.025323
90.4075,0.017890
90.4175,0.035111
90.4275,0.037793
90.4375,0.023330
90.4475,0.022817
90.4575,0.035158
90.4675,0.022424
90.4775,0.016514
90.4875,0.023913
90.4975,0.038171
90.5075,0.022996
90.5175,0.021857
90.5275,0.023138
90.5375,0.017562
90.5475,0.016092
90.5575,0.024399
90.5675,0.015142
90.5775,0.023044
90.5875,0.028207
90.5975,0.028983
90.6076,0.024714
90.6176,0.016124
90.6276,0.022292
90.6376,0.028218
90.6476,0.030296
90.6576,0.023023
90.6676,0.019452
90.6776,0.025625
90.6876,0.022009
90.6976,0.016570
90.7076,0.027054
90.7176,0.024627
90.7276,0.015501
90.7376,0.019195
90.7476,0.022611
90.7576,0.011821
90.7676,0.018084
90.7776,0.028841
90.7876,0.019755
90.7976,0.017175
90.8076,0.032114
90.8176,0.026139
90.8276,0.028797
90.8376,0.016843
90.8476,0.020743
90.8576,0.022826
90.8676,0.024622
90.8776,0.040989
90.8876,0.023272
90.8976,0.031167
90.9076,0.040700
90.9176,0.036022
90.9276,0.023452
90.9376,0.031274
90.9476,0.023014
90.9576,0.021584
90.9676,0.028527
90.9776,0.028771
90.9876,0.025664
90.9976,0.020172
91.0076,0.017554
91.0176,0.011670
91.0276,0.022530
91.0376,0.023032
91.0476,0.027692
91.0576,0.009285
91.0676,0.021702
91.0776,0.019160
91.0876,0.020231
91.0976,0.030566
91.1076,0.030770
91.1176,0.028556
91.1276,0.021095
91.1376,0.018745
91.1476,0.029809
91.1576,0.033775
91.1676,0.032801
91.1776,0.023842
91.1876,0.020167
91.1976,0.025300
91.2076,0.025727
91.2176,0.016406
91.2276,0.017989
91.2376,0.043829
91.2476,0.016169
91.2576,0.026111
91.2676,0.015104
91.2776,0.018149
91.2876,0.011693
91.2976,0.011638
91.3076,0.023859
91.3176,0.022833
91.3276,0.033497
91.3376,0.018910
91.3476,0.019875
91.3576,0.018217
91.3676,0.010708
91.3776,0.023134
91.3876,0.016997
91.3976,0.006797
91.4076,0.027072
91.4176,0.013550
91.4276,0.020724
91.4376,0.020942
91.4476,0.019628
91.4576,0.009847
91.4676,0.028986
91.4776,0.011923
91.4876,0.000000
91.4976,0.024414
91.5076,0.024089
91.5176,0.007942
91.5276,0.017394
91.5376,0.026018
91.5476,0.028612
91.5576,0.022156
91.5676,0.023812
91.5776,0.022872
91.5876,0.015981
91.5976,0.008308
91.6076,0.014873
91.6176,0.025899
91.6276,0.025767
91.6376,0.018419
91.6476,0.014068
91.6576,0.030558
91.6676,0.017617
91.6776,0.021670
91.6876,0.006864
91.6976,0.016014
91.7076,0.025099
91.7176,0.005401
91.7276,0.015995
91.7376,0.019524
91.7476,0.027628
91.7576,0.023957
91.7676,0.029644
91.7776,0.022703
91.7876,0.023115
91.7976,0.008306
91.8077,0.008027
91.8177,0.029296
91.8277,0.012175
91.8377,0.011420
91.8477,0.000000
91.8577,0.024142
91.8677,0.006661
91.8777,0.009005
91.8877,0.024276
91.8977,0.000000
91.9077,0.026300
91.9177,0.008752
91.9277,0.014166
91.9377,0.009090
91.9477,0.004614
91.9577,0.009139
91.9677,0.008548
91.9777,0.005276
91.9877,0.027422
91.9977,0.007284
92.0077,0.000000
92.0177,0.000000
92.0277,0.018401
92.0377,0.001003
92.0477,0.013409
92.0577,0.030551
92.0677,0.016211
92.0777,0.017309
92.0877,0.010440
92.0977,0.014531
92.1077,0.012874
92.1177,0.017032
92.1277,0.027781
92.1377,0.011070
92.1477,0.008146
92.1577,0.013809
92.1677,0.022057
92.1777,0.011633
92.1877,0.016437
92.1977,0.018359
92.2077,0.031454
92.2177,0.021578
92.2277,0.007182
92.2377,0.000000
92.2477,0.015298
92.2577,0.008420
92.2677,0.010141
92.2777,0.006026
92.2877,0.009919
92.2977,0.009726
92.3077,0.012970
92.3177,0.008481
92.3277,0.008094
92.3377,0.018040
92.3477,0.013748
92.3577,0.013773
92.3677,0.013311
92.3777,0.006515
92.3877,0.025139
92.3977,0.029873
92.4077,0.023493
92.4177,0.000000
92.4277,0.008233
92.4377,0.019160
92.4477,0.007467
92.4577,0.007830
92.4677,0.002440
92.4777,0.010483
92.4877,0.006781
92.4977,0.000000
92.5077,0.022510
92.5177,0.016605
92.5277,0.002559
92.5377,0.020161
92.5477,0.014206
92.5577,0.022438
92.5677,0.019012
92.5777,0.006909
92.5877,0.018437
92.5977,0.018750
92.6077,0.021479
92.6177,0.020989
92.6277,0.029611
92.6377,0.020581
92.6477,0.006659
92.6577,0.014330
92.6677,0.004495
92.6777,0.022538
92.6877,0.005989
92.6977,0.030665
92.7077,0.010453
92.7177,0.012418
92.7277,0.009029
92.7377,0.006988
92.7477,0.008458
92.7577,0.014532
92.7677,0.012798
92.7777,0.009218
92.7877,0.015064
92.7977,0.008248
92.8077,0.012529
92.8177,0.026674
92.8277,0.007942
92.8377,0.010079
92.8477,0.003246
92.8577,0.009758
92.8677,0.015441
92.8777,0.008195
92.8877,0.003330
92.8977,0.015276
92.9077,0.016102
92.9177,0.017256
92.9277,0.002412
92.9377,0.023270
92.9477,0.008383
92.9577,0.004206
92.9677,0.020445
92.9777,0.022912
92.9877,0.009689
92.9977,0.005531
93.0078,0.015713
93.0178,0.001497
93.0278,0.032551
93.0378,0.003864
93.0478,0.014953
93.0578,0.010800
93.0678,0.004711
93.0778,0.004565
93.0878,0.021056
93.0978,0.014956
93.1078,0.006432
93.1178,0.007505
93.1278,0.005458
93.1378,0.019000
93.1478,0.019314
93.1578,0.016138
93.1678,0.013933
93.1778,0.016900
93.1878,0.000000
93.1978,0.014057
93.2078,0.020388
93.2178,0.013673
93.2278,0.012234
93.2378,0.006707
93.2478,0.007225
93.2578,0.007579
93.2678,0.013535
93.2778,0.007855
93.2878,0.000000
93.2978,0.018089
93.3078,0.015871
93.3178,0.014521
93.3278,0.004170
93.3378,0.007713
93.3478,0.015790
93.3578,0.011836
93.3678,0.006027
93.3778,0.021994
93.3878,0.004807
93.3978,0.000000
93.4078,0.012256
93.4178,0.012584
93.4278,0.011996
93.4378,0.014734
93.4478,0.007051
93.4578,0.019703
93.4678,0.000552
93.4778,0.011298
93.4878,0.006451
93.4978,0.019499
93.5078,0.005077
93.5178,0.011989
93.5278,0.012090
93.5378,0.012964
93.5478,0.005547
93.5578,0.014300
93.5678,0.011592
93.5778,0.014099
93.5878,0.023936
93.5978,0.012257
93.6078,0.003358
93.6178,0.026995
93.6278,0.019129
93.6378,0.016518
93.6478,0.009814
93.6578,0.017182
93.6678,0.000000
93.6778,0.023613
93.6878,0.018404
93.6978,0.009806
93.7078,0.018180
93.7178,0.016153
93.7278,0.003117
93.7378,0.012614
93.7478,0.014173
93.7578,0.010092
93.7678,0.009399
93.7778,0.018354
93.7878,0.012542
93.7978,0.026147
93.8078,0.005890
93.8178,0.014382
93.8278,0.003733
93.8378,0.016508
93.8478,0.002164
93.8578,0.013375
93.8678,0.020506
93.8778,0.011468
93.8878,0.003118
93.8978,0.018595
93.9078,0.013908
93.9178,0.010336
93.9278,0.003267
93.9378,0.000000
93.9478,0.029005
93.9578,0.006398
93.9678,0.003032
93.9778,0.013485
93.9878,0.002815
93.9978,0.014937
94.0078,0.021752
94.0178,0.002473
94.0278,0.008538
94.0378,0.014367
94.0478,0.001168
94.0578,0.003618
94.0678,0.009964
94.0778,0.026576
94.0878,0.004060
94.0978,0.008613
94.1078,0.030705
94.1178,0.017222
94.1278,0.000000
94.1378,0.008978
94.1478,0.015519
94.1578,0.022406
94.1678,0.021969
94.1778,0.015299
94.1878,0.016547
94.1978,0.000413
94.2079,0.005258
94.2179,0.000414
94.2279,0.019029
94.2379,0.013792
94.2479,0.011623
94.2579,0.023114
94.2679,0.015065
94.2779,0.019858
94.2879,0.016798
94.2979,0.017571
94.3079,0.002393
94.3179,0.018522
94.3279,0.014507
94.3379,0.007445
94.3479,0.016186
94.3579,0.020991
94.3679,0.009913
94.3779,0.004696
94.3879,0.005060
94.3979,0.000000
94.4079,0.009327
94.4179,0.015392
94.4279,0.024534
94.4379,0.004213
94.4479,0.013527
94.4579,0.010829
94.4679,0.010574
94.4779,0.000000
94.4879,0.002545
94.4979,0.025144
94.5079,0.018696
94.5179,0.012879
94.5279,0.014306
94.5379,0.016554
94.5479,0.007015
94.5579,0.007339
94.5679,0.005664
94.5779,0.011937
94.5879,0.001376
94.5979,0.005264
94.6079,0.014620
94.6179,0.007743
94.6279,0.000000
94.6379,0.007524
94.6479,0.014917
94.6579,0.011476
94.6679,0.000000
94.6779,0.018797
94.6879,0.008563
94.6979,0.013243
94.7079,0.018883
94.7179,0.009531
94.7279,0.000000
94.7379,0.024557
94.7479,0.000000
94.7579,0.007844
94.7679,0.020865
94.7779,0.004918
94.7879,0.005387
94.7979,0.008754
94.8079,0.009038
94.8179,0.003597
94.8279,0.005389
94.8379,0.019069
94.8479,0.006218
94.8579,0.014484
94.8679,0.003157
94.8779,0.021532
94.8879,0.017953
94.8979,0.009732
94.9079,0.015575
94.9179,0.022616
94.9279,0.002423
94.9379,0.001986
94.9479,0.013422
94.9579,0.000084
94.9679,0.000000
94.9779,0.000000
94.9879,0.011604
94.9979,0.000000
95.0079,0.007182
95.0179,0.000000
95.0279,0.013905
95.0379,0.014438
95.0479,0.008696
95.0579,0.019845
95.0679,0.016753
95.0779,0.004055
95.0879,0.003363
95.0979,0.017448
95.1079,0.015854
95.1179,0.008221
95.1279,0.000000
95.1379,0.017801
95.1479,0.010898
95.1579,0.009897
95.1679,0.000000
95.1779,0.014617
95.1879,0.009864
95.1979,0.006028
95.2079,0.003654
95.2179,0.011230
95.2279,0.014084
95.2379,0.007280
95.2479,0.014809
95.2579,0.001113
95.2679,0.005110
95.2779,0.015817
95.2879,0.007088
95.2979,0.024055
95.3079,0.012534
95.3179,0.000971
95.3279,0.000000
95.3379,0.016586
95.3479,0.005451
95.3579,0.017639
95.3679,0.005980
95.3779,0.012236
95.3879,0.007614
95.3979,0.012339
95.4080,0.016128
95.4180,0.010443
95.4280,0.015576
95.4380,0.000000
95.4480,0.013608
95.4580,0.010465
95.4680,0.008181
95.4780,0.000000
95.4880,0.000000
95.4980,0.012090
95.5080,0.013097
95.5180,0.013542
95.5280,0.010207
95.5380,0.000674
95.5480,0.002036
95.5580,0.000000
95.5680,0.011253
95.5780,0.025499
95.5880,0.009517
95.5980,0.004168
95.6080,0.010453
95.6180,0.009160
95.6280,0.000000
95.6380,0.012275
95.6480,0.009371
95.6580,0.008873
95.6680,0.026142
95.6780,0.009423
95.6880,0.024812
95.6980,0.003613
95.7080,0.000000
95.7180,0.003747
95.7280,0.019610
95.7380,0.004154
95.7480,0.000000
95.7580,0.012941
95.7680,0.007149
95.7780,0.014810
95.7880,0.004840
95.7980,0.002825
95.8080,0.023485
95.8180,0.003546
95.8280,0.003522
95.8380,0.013898
95.8480,0.000000
95.8580,0.016063
95.8680,0.024507
95.8780,0.017120
95.8880,0.001867
95.8980,0.004408
95.9080,0.010707
95.9180,0.013112
95.9280,0.023101
95.9380,0.022739
95.9480,0.008464
95.9580,0.005934
95.9680,0.003930
95.9780,0.015338
95.9880,0.018819
95.9980,0.010725
96.0080,0.010167
96.0180,0.027080
96.0280,0.015614
96.0380,0.000000
96.0480,0.009897
96.0580,0.011782
96.0680,0.008013
96.0780,0.020261
96.0880,0.007528
96.0980,0.002287
96.1080,0.004482
96.1180,0.015558
96.1280,0.000000
96.1380,0.006215
96.1480,0.016935
96.1580,0.000000
96.1680,0.001857
96.1780,0.000000
96.1880,0.002988
96.1980,0.005972
96.2080,0.008252
96.2180,0.002815
96.2280,0.007090
96.2380,0.017984
96.2480,0.012816
96.2580,0.027219
96.2680,0.004758
96.2780,0.006548
96.2880,0.011374
96.2980,0.006023
96.3080,0.009925
96.3180,0.000000
96.3280,0.007170
96.3380,0.017156
96.3480,0.025363
96.3580,0.021723
96.3680,0.011138
96.3780,0.013980
96.3880,0.012773
96.3980,0.005693
96.4080,0.002454
96.4180,0.012112
96.4280,0.009244
96.4380,0.016838
96.4480,0.000000
96.4580,0.008733
96.4680,0.019794
96.4780,0.014731
96.4880,0.002254
96.4980,0.000000
96.5080,0.009747
96.5180,0.016397
96.5280,0.014245
96.5380,0.011037
96.5480,0.015249
96.5580,0.012172
96.5680,0.014906
96.5780,0.017609
96.5880,0.006550
96.5980,0.003022
96.6081,0.015939
96.6181,0.006020
96.6281,0.000000
96.6381,0.021524
96.6481,0.012136
96.6581,0.011778
96.6681,0.008623
96.6781,0.016799
96.6881,0.000000
96.6981,0.010128
96.7081,0.012357
96.7181,0.014506
96.7281,0.000000
96.7381,0.014847
96.7481,0.006746
96.7581,0.004882
96.7681,0.000000
96.7781,0.027954
96.7881,0.009067
96.7981,0.012057
96.8081,0.001676
96.8181,0.000000
96.8281,0.016606
96.8381,0.000000
96.8481,0.020516
96.8581,0.024491
96.8681,0.003883
96.8781,0.006396
96.8881,0.000000
96.8981,0.000000
96.9081,0.015139
96.9181,0.020119
96.9281,0.003828
96.9381,0.005037
96.9481,0.000000
96.9581,0.001039
96.9681,0.020709
96.9781,0.012559
96.9881,0.000000
96.9981,0.014609
97.0081,0.029046
97.0181,0.006924
97.0281,0.004745
97.0381,0.014728
97.0481,0.018126
97.0581,0.016646
97.0681,0.007536
97.0781,0.006708
97.0881,0.000000
97.0981,0.000233
97.1081,0.012956
97.1181,0.005794
97.1281,0.012041
97.1381,0.008160
97.1481,0.010562
97.1581,0.010223
97.1681,0.016036
97.1781,0.016856
97.1881,0.009929
97.1981,0.008431
97.2081,0.009778
97.2181,0.003792
97.2281,0.018754
97.2381,0.005567
97.2481,0.008784
97.2581,0.011472
97.2681,0.012542
97.2781,0.012213
97.2881,0.008967
97.2981,0.023219
97.3081,0.010662
97.3181,0.008049
97.3281,0.024439
97.3381,0.003836
97.3481,0.024417
97.3581,0.000000
97.3681,0.006843
97.3781,0.000000
97.3881,0.000000
97.3981,0.013678
97.4081,0.012339
97.4181,0.005188
97.4281,0.023124
97.4381,0.019128
97.4481,0.009640
97.4581,0.000000
97.4681,0.017723
97.4781,0.006190
97.4881,0.012389
97.4981,0.016433
97.5081,0.006841
97.5181,0.020280
97.5281,0.007014
97.5381,0.014360
97.5481,0.016090
97.5581,0.017347
97.5681,0.024002
97.5781,0.003470
97.5881,0.000985
97.5981,0.007476
97.6081,0.034396
97.6181,0.020851
97.6281,0.005645
97.6381,0.007264
97.6481,0.009924
97.6581,0.012229
97.6681,0.015174
97.6781,0.015507
97.6881,0.019617
97.6981,0.026066
97.7081,0.008974
97.7181,0.008333
97.7281,0.007128
97.7381,0.007827
97.7481,0.012993
97.7581,0.015126
97.7681,0.023850
97.7781,0.004368
97.7881,0.012909
97.7981,0.003314
97.8082,0.013278
97.8182,0.031420
97.8282,0.008944
97.8382,0.029658
97.8482,0.003342
97.8582,0.006355
97.8682,0.007296
97.8782,0.011436
97.8882,0.008804
97.8982,0.016148
97.9082,0.000000
97.9182,0.002197
97.9282,0.025191
97.9382,0.000000
97.9482,0.007182
97.9582,0.014935
97.9682,0.009671
97.9782,0.003235
97.9882,0.013595
97.9982,0.016720
98.0082,0.005258
98.0182,0.013292
98.0282,0.016919
98.0382,0.018676
98.0482,0.012993
98.0582,0.023708
98.0682,0.010410
98.0782,0.002167
98.0882,0.008283
98.0982,0.019727
98.1082,0.002883
98.1182,0.000000
98.1282,0.013708
98.1382,0.006479
98.1482,0.028014
98.1582,0.012161
98.1682,0.019926
98.1782,0.006105
98.1882,0.014780
98.1982,0.013001
98.2082,0.021064
98.2182,0.011559
98.2282,0.005839
98.2382,0.018336
98.2482,0.004314
98.2582,0.003488
98.2682,0.009674
98.2782,0.007417
98.2882,0.010160
98.2982,0.004683
98.3082,0.018986
98.3182,0.018870
98.3282,0.016671
98.3382,0.015880
98.3482,0.000000
98.3582,0.010955
98.3682,0.016887
98.3782,0.020750
98.3882,0.008393
98.3982,0.020452
98.4082,0.012483
98.4182,0.000000
98.4282,0.009230
98.4382,0.003302
98.4482,0.005126
98.4582,0.018439
98.4682,0.012402
98.4782,0.005875
98.4882,0.004609
98.4982,0.013526
98.5082,0.008547
98.5182,0.015594
98.5282,0.003411
98.5382,0.006977
98.5482,0.001065
98.5582,0.005593
98.5682,0.027443
98.5782,0.004129
98.5882,0.006233
98.5982,0.003428
98.6082,0.008554
98.6182,0.009441
98.6282,0.019766
98.6382,0.006774
98.6482,0.010933
98.6582,0.000000
98.6682,0.003101
98.6782,0.018705
98.6882,0.003172
98.6982,0.016160
98.7082,0.002613
98.7182,0.008635
98.7282,0.023737
98.7382,0.015979
98.7482,0.000000
98.7582,0.035789
98.7682,0.001709
98.7782,0.024948
98.7882,0.006447
98.7982,0.000187
98.8082,0.006408
98.8182,0.004790
98.8282,0.005631
98.8382,0.010495
98.8482,0.013841
98.8582,0.021380
98.8682,0.011731
98.8782,0.010636
98.8882,0.004235
98.8982,0.007774
98.9082,0.005983
98.9182,0.000000
98.9282,0.030423
98.9382,0.011954
98.9482,0.012055
98.9582,0.019756
98.9682,0.000000
98.9782,0.027925
98.9882,0.003143
98.9982,0.002948
99.0083,0.005671
99.0183,0.017889
99.0283,0.027169
99.0383,0.023130
99.0483,0.006159
99.0583,0.000000
99.0683,0.006699
99.0783,0.004897
99.0883,0.000000
99.0983,0.014676
99.1083,0.010049
99.1183,0.014018
99.1283,0.015866
99.1383,0.015491
99.1483,0.009498
99.1583,0.023132
99.1683,0.006093
99.1783,0.004904
99.1883,0.008158
99.1983,0.014316
99.2083,0.015470
99.2183,0.007290
99.2283,0.007456
99.2383,0.020450
99.2483,0.000000
99.2583,0.031988
99.2683,0.007606
99.2783,0.008376
99.2883,0.012970
99.2983,0.014267
99.3083,0.004772
99.3183,0.012718
99.3283,0.002542
99.3383,0.005220
99.3483,0.000000
99.3583,0.011137
99.3683,0.008600
99.3783,0.000000
99.3883,0.004563
99.3983,0.009780
99.4083,0.016885
99.4183,0.000000
99.4283,0.007602
99.4383,0.001209
99.4483,0.015811
99.4583,0.004664
99.4683,0.014160
99.4783,0.007143
99.4883,0.000000
99.4983,0.009450
99.5083,0.000534
99.5183,0.018965
99.5283,0.024555
99.5383,0.015111
99.5483,0.004884
99.5583,0.010187
99.5683,0.012330
99.5783,0.018686
99.5883,0.008502
99.5983,0.013274
99.6083,0.000000
99.6183,0.011943
99.6283,0.003126
99.6383,0.010351
99.6483,0.001703
99.6583,0.013300
99.6683,0.015112
99.6783,0.008144
99.6883,0.003080
99.6983,0.014599
99.7083,0.022466
99.7183,0.025381
99.7283,0.013175
99.7383,0.012234
99.7483,0.000000
99.7583,0.020519
99.7683,0.000000
99.7783,0.019541
99.7883,0.010221
99.7983,0.000000
99.8083,0.012700
99.8183,0.008756
99.8283,0.006417
99.8383,0.007848
99.8483,0.009855
99.8583,0.009832
99.8683,0.000000
99.8783,0.013230
99.8883,0.006970
99.8983,0.022702
99.9083,0.016887
99.9183,0.017787
99.9283,0.024900
99.9383,0.015895
99.9483,0.008836
99.9583,0.000000
99.9683,0.011934
99.9783,0.023852
99.9883,0.017163
99.9983,0.005946
100.0083,0.010485
100.0183,0.005559
100.0283,0.012452
100.0383,0.005923
100.0483,0.021521
100.0583,0.010969
100.0683,0.012067
100.0783,0.003380
100.0883,0.006664
100.0983,0.000761
100.1083,0.021343
100.1183,0.005899
100.1283,0.011283
100.1383,0.000000
100.1483,0.000150
100.1583,0.008003
100.1683,0.007515
100.1783,0.011963
100.1883,0.026094
100.1983,0.000000
100.2084,0.017833
100.2184,0.013991
100.2284,0.005060
100.2384,0.006536
100.2484,0.018966
100.2584,0.009507
100.2684,0.007429
100.2784,0.001616
100.2884,0.003316
100.2984,0.000274
100.3084,0.017081
100.3184,0.003731
100.3284,0.000452
100.3384,0.011402
100.3484,0.003475
100.3584,0.022379
100.3684,0.010333
100.3784,0.011645
100.3884,0.011667
100.3984,0.014572
100.4084,0.015688
100.4184,0.010239
100.4284,0.001877
100.4384,0.008775
100.4484,0.010479
100.4584,0.000000
100.4684,0.000000
100.4784,0.000303
100.4884,0.000000
100.4984,0.006112
100.5084,0.003821
100.5184,0.010713
100.5284,0.015678
100.5384,0.012319
100.5484,0.013480
100.5584,0.017571
100.5684,0.007395
100.5784,0.000000
100.5884,0.000000
100.5984,0.013991
100.6084,0.011573
100.6184,0.015565
100.6284,0.032744
100.6384,0.011759
100.6484,0.009240
100.6584,0.012772
100.6684,0.000482
100.6784,0.016043
100.6884,0.008633
100.6984,0.023466
100.7084,0.000000
100.7184,0.010040
100.7284,0.004983
100.7384,0.001472
100.7484,0.014985
100.7584,0.007463
100.7684,0.020648
100.7784,0.005756
100.7884,0.006863
100.7984,0.026120
100.8084,0.000000
100.8184,0.003734
100.8284,0.000000
100.8384,0.006428
100.8484,0.015529
100.8584,0.013281
100.8684,0.011157
100.8784,0.002993
100.8884,0.008480
100.8984,0.006822
100.9084,0.009959
100.9184,0.011397
100.9284,0.007197
100.9384,0.010193
100.9484,0.009220
100.9584,0.004603
100.9684,0.010639
100.9784,0.000000
100.9884,0.011454
100.9984,0.001117
101.0084,0.009799
101.0184,0.013726
101.0284,0.002595
101.0384,0.018265
101.0484,0.024309
101.0584,0.004802
101.0684,0.008845
101.0784,0.019698
101.0884,0.000000
101.0984,0.010270
101.1084,0.007586
101.1184,0.017206
101.1284,0.008041
101.1384,0.013618
101.1484,0.003417
101.1584,0.017615
101.1684,0.001030
101.1784,0.016969
101.1884,0.010612
101.1984,0.000000
101.2084,0.010507
101.2184,0.014858
101.2284,0.000167
101.2384,0.003226
101.2484,0.010713
101.2584,0.005910
101.2684,0.012639
101.2784,0.008328
101.2884,0.000000
101.2984,0.028629
101.3084,0.007283
101.3184,0.010996
101.3284,0.024181
101.3384,0.016905
101.3484,0.014382
101.3584,0.018464
101.3684,0.014414
101.3784,0.014413
101.3884,0.014539
101.3984,0.008652
101.4085,0.018600
101.4185,0.015397
101.4285,0.000000
101.4385,0.016808
101.4485,0.003654
101.4585,0.011945
101.4685,0.000000
101.4785,0.005335
101.4885,0.007087
101.4985,0.014295
101.5085,0.005300
101.5185,0.000000
101.5285,0.006079
101.5385,0.006957
101.5485,0.015066
101.5585,0.011186
101.5685,0.003868
101.5785,0.012218
101.5885,0.024671
101.5985,0.019364
101.6085,0.000000
101.6185,0.029803
101.6285,0.019472
101.6385,0.022685
101.6485,0.000000
101.6585,0.006687
101.6685,0.014710
101.6785,0.001029
101.6885,0.014224
101.6985,0.023068
101.7085,0.007336
101.7185,0.023628
101.7285,0.015621
101.7385,0.000000
101.7485,0.003050
101.7585,0.018868
101.7685,0.001744
101.7785,0.018635
101.7885,0.014894
101.7985,0.012501
101.8085,0.005383
101.8185,0.012410
101.8285,0.023461
101.8385,0.006881
101.8485,0.014882
101.8585,0.026052
101.8685,0.012100
101.8785,0.006076
101.8885,0.005989
101.8985,0.000000
101.9085,0.000310
101.9185,0.012707
101.9285,0.017760
101.9385,0.006592
101.9485,0.017657
101.9585,0.017154
101.9685,0.003835
101.9785,0.005235
101.9885,0.000000
101.9985,0.015953
102.0085,0.010031
102.0185,0.017103
102.0285,0.009524
102.0385,0.002477
102.0485,0.016239
102.0585,0.000000
102.0685,0.007304
102.0785,0.003806
102.0885,0.022205
102.0985,0.023999
102.1085,0.013386
102.1185,0.005370
102.1285,0.023770
102.1385,0.004414
102.1485,0.000000
102.1585,0.000000
102.1685,0.010820
102.1785,0.000000
102.1885,0.021352
102.1985,0.005357
102.2085,0.000000
102.2185,0.018926
102.2285,0.017008
102.2385,0.023308
102.2485,0.000000
102.2585,0.000000
102.2685,0.022487
102.2785,0.000000
102.2885,0.000277
102.2985,0.010444
102.3085,0.000000
102.3185,0.011691
102.3285,0.000812
102.3385,0.020322
102.3485,0.015743
102.3585,0.012202
102.3685,0.007161
102.3785,0.001733
102.3885,0.008923
102.3985,0.000146
102.4085,0.025337
102.4185,0.012555
102.4285,0.003040
102.4385,0.022528
102.4485,0.009632
102.4585,0.021191
102.4685,0.020949
102.4785,0.013493
102.4885,0.000000
102.4985,0.005357
102.5085,0.038714
102.5185,0.005591
102.5285,0.007942
102.5385,0.006226
102.5485,0.002484
102.5585,0.015632
102.5685,0.000000
102.5785,0.003354
102.5885,0.012470
102.5985,0.007996
102.6086,0.011305
102.6186,0.009753
102.6286,0.000623
102.6386,0.021717
102.6486,0.019145
102.6586,0.002356
102.6686,0.013815
102.6786,0.006076
102.6886,0.018668
102.6986,0.016872
102.7086,0.020049
102.7186,0.002422
102.7286,0.000000
102.7386,0.000000
102.7486,0.031402
102.7586,0.017250
102.7686,0.019960
102.7786,0.000000
102.7886,0.015085
102.7986,0.000000
102.8086,0.013642
102.8186,0.010164
102.8286,0.007614
102.8386,0.005664
102.8486,0.019407
102.8586,0.005817
102.8686,0.020827
102.8786,0.009622
102.8886,0.012990
102.8986,0.014403
102.9086,0.013678
102.9186,0.011828
102.9286,0.027221
102.9386,0.019031
102.9486,0.000000
102.9586,0.008335
102.9686,0.021889
102.9786,0.003496
102.9886,0.010038
102.9986,0.010635
103.0086,0.022737
103.0186,0.001627
103.0286,0.002774
103.0386,0.014045
103.0486,0.012758
103.0586,0.014177
103.0686,0.012579
103.0786,0.009052
103.0886,0.014483
103.0986,0.011643
103.1086,0.008008
103.1186,0.009493
103.1286,0.005683
103.1386,0.004337
103.1486,0.014461
103.1586,0.000000
103.1686,0.015512
103.1786,0.007890
103.1886,0.009175
103.1986,0.008582
103.2086,0.014026
103.2186,0.021842
103.2286,0.024429
103.2386,0.018381
103.2486,0.010629
103.2586,0.016396
103.2686,0.000000
103.2786,0.014864
103.2886,0.013118
103.2986,0.000000
103.3086,0.005352
103.3186,0.012221
103.3286,0.013054
103.3386,0.017658
103.3486,0.023358
103.3586,0.008807
103.3686,0.000897
103.3786,0.016576
103.3886,0.020303
103.3986,0.020141
103.4086,0.013766
103.4186,0.025999
103.4286,0.007809
103.4386,0.022795
103.4486,0.000718
103.4586,0.000000
103.4686,0.000585
103.4786,0.005404
103.4886,0.010006
103.4986,0.002539
103.5086,0.011023
103.5186,0.015175
103.5286,0.012822
103.5386,0.008898
103.5486,0.019621
103.5586,0.003597
103.5686,0.008071
103.5786,0.005600
103.5886,0.015223
103.5986,0.006596
103.6086,0.013202
103.6186,0.016531
103.6286,0.005945
103.6386,0.000000
103.6486,0.008198
103.6586,0.003635
103.6686,0.004861
103.6786,0.000000
103.6886,0.000000
103.6986,0.016400
103.7086,0.002501
103.7186,0.019248
103.7286,0.004275
103.7386,0.013891
103.7486,0.007975
103.7586,0.015197
103.7686,0.007973
103.7786,0.011706
103.7886,0.019847
103.7986,0.013769
103.8087,0.004495
103.8187,0.000000
103.8287,0.009129
103.8387,0.013443
103.8487,0.011232
103.8587,0.002978
103.8687,0.011214
103.8787,0.015279
103.8887,0.021149
103.8987,0.008193
103.9087,0.029656
103.9187,0.021626
103.9287,0.011346
103.9387,0.012093
103.9487,0.021112
103.9587,0.002294
103.9687,0.003582
103.9787,0.000000
103.9887,0.007959
103.9987,0.003120
104.0087,0.007161
104.0187,0.009723
104.0287,0.000000
104.0387,0.020930
104.0487,0.019535
104.0587,0.006321
104.0687,0.021855
104.0787,0.013108
104.0887,0.018793
104.0987,0.000000
104.1087,0.007309
104.1187,0.015026
104.1287,0.008689
104.1387,0.008593
104.1487,0.009115
104.1587,0.012988
104.1687,0.010892
104.1787,0.022465
104.1887,0.002085
104.1987,0.010756
104.2087,0.015632
104.2187,0.000051
104.2287,0.007251
104.2387,0.011391
104.2487,0.022023
104.2587,0.011091
104.2687,0.016064
104.2787,0.016588
104.2887,0.000000
104.2987,0.010643
104.3087,0.006515
104.3187,0.022025
104.3287,0.015589
104.3387,0.016998
104.3487,0.014157
104.3587,0.010838
104.3687,0.016685
104.3787,0.009830
104.3887,0.020274
104.3987,0.001448
104.4087,0.018303
104.4187,0.007098
104.4287,0.015436
104.4387,0.000000
104.4487,0.012158
104.4587,0.008791
104.4687,0.009637
104.4787,0.000000
104.4887,0.010263
104.4987,0.011038
104.5087,0.000000
104.5187,0.000795
104.5287,0.011262
104.5387,0.013255
104.5487,0.009595
104.5587,0.010360
104.5687,0.010215
104.5787,0.005641
104.5887,0.008574
104.5987,0.000000
104.6087,0.005323
104.6187,0.009661
104.6287,0.019888
104.6387,0.009027
104.6487,0.026492
104.6587,0.025440
104.6687,0.010558
104.6787,0.006690
104.6887,0.028128
104.6987,0.015968
104.7087,0.013509
104.7187,0.004228
104.7287,0.006580
104.7387,0.001996
104.7487,0.021904
104.7587,0.014012
104.7687,0.007518
104.7787,0.006222
104.7887,0.002070
104.7987,0.009441
104.8087,0.011366
104.8187,0.000000
104.8287,0.002287
104.8387,0.004588
104.8487,0.018684
104.8587,0.005570
104.8687,0.000000
104.8787,0.001193
104.8887,0.023796
104.8987,0.007018
104.9087,0.001692
104.9187,0.000000
104.9287,0.010195
104.9387,0.011038
104.9487,0.013529
104.9587,0.031814
104.9687,0.000110
104.9787,0.007046
104.9887,0.012340
104.9987,0.006500
105.0088,0.000000
105.0188,0.014091
105.0288,0.004949
105.0388,0.001488
105.0488,0.002852
105.0588,0.022409
105.0688,0.020392
105.0788,0.001271
105.0888,0.000000
105.0988,0.017187
105.1088,0.026466
105.1188,0.028662
105.1288,0.000000
105.1388,0.020863
105.1488,0.009957
105.1588,0.000000
105.1688,0.003123
105.1788,0.003714
105.1888,0.013804
105.1988,0.000000
105.2088,0.017552
105.2188,0.013804
105.2288,0.018161
105.2388,0.004718
105.2488,0.013172
105.2588,0.001713
105.2688,0.015414
105.2788,0.008102
105.2888,0.008887
105.2988,0.009738
105.3088,0.000000
105.3188,0.019519
105.3288,0.010663
105.3388,0.019551
105.3488,0.018961
105.3588,0.003494
105.3688,0.007841
105.3788,0.000000
105.3888,0.019808
105.3988,0.012597
105.4088,0.011609
105.4188,0.007792
105.4288,0.002242
105.4388,0.020262
105.4488,0.026044
105.4588,0.020572
105.4688,0.008661
105.4788,0.013121
105.4888,0.018560
105.4988,0.010753
105.5088,0.025557
105.5188,0.019987
105.5288,0.032284
105.5388,0.011554
105.5488,0.000000
105.5588,0.010575
105.5688,0.006963
105.5788,0.011382
105.5888,0.024264
105.5988,0.005665
105.6088,0.003347
105.6188,0.004825
105.6288,0.027233
105.6388,0.006314
105.6488,0.012076
105.6588,0.024772
105.6688,0.015309
105.6788,0.000000
105.6888,0.006135
105.6988,0.004778
105.7088,0.000000
105.7188,0.006190
105.7288,0.000000
105.7388,0.012600
105.7488,0.010060
105.7588,0.004335
105.7688,0.000000
105.7788,0.021156
105.7888,0.005453
105.7988,0.018781
105.8088,0.008994
105.8188,0.021675
105.8288,0.014676
105.8388,0.010892
105.8488,0.003282
105.8588,0.020392
105.8688,0.008357
105.8788,0.003481
105.8888,0.008742
105.8988,0.009631
105.9088,0.016993
105.9188,0.000000
105.9288,0.029065
105.9388,0.013707
105.9488,0.009873
105.9588,0.013552
105.9688,0.000000
105.9788,0.010992
105.9888,0.015203
105.9988,0.007643
106.0088,0.014189
106.0188,0.016345
106.0288,0.004172
106.0388,0.019990
106.0488,0.009518
106.0588,0.025252
106.0688,0.020475
106.0788,0.013252
106.0888,0.003505
106.0988,0.009108
106.1088,0.018063
106.1188,0.005523
106.1288,0.013468
106.1388,0.014372
106.1488,0.009100
106.1588,0.003427
106.1688,0.022781
106.1788,0.013801
106.1888,0.007585
106.1988,0.003679
106.2089,0.017188
106.2189,0.009445
106.2289,0.017820
106.2389,0.002623
106.2489,0.012421
106.2589,0.006162
106.2689,0.023932
106.2789,0.012946
106.2889,0.002034
106.2989,0.017480
106.3089,0.019878
106.3189,0.007304
106.3289,0.003522
106.3389,0.000000
106.3489,0.018806
106.3589,0.000000
106.3689,0.009613
106.3789,0.000000
106.3889,0.024408
106.3989,0.020676
106.4089,0.012401
106.4189,0.018382
106.4289,0.008942
106.4389,0.003402
106.4489,0.000000
106.4589,0.016336
106.4689,0.001925
106.4789,0.030212
106.4889,0.001101
106.4989,0.018097
106.5089,0.020208
106.5189,0.000000
106.5289,0.006403
106.5389,0.008161
106.5489,0.037861
106.5589,0.008037
106.5689,0.000895
106.5789,0.013934
106.5889,0.001620
106.5989,0.009508
106.6089,0.006361
106.6189,0.014144
106.6289,0.005510
106.6389,0.004431
106.6489,0.018632
106.6589,0.012313
106.6689,0.010226
106.6789,0.000000
106.6889,0.014975
106.6989,0.006235
106.7089,0.012227
106.7189,0.000000
106.7289,0.012218
106.7389,0.011545
106.7489,0.008164
106.7589,0.002912
106.7689,0.019328
106.7789,0.004028
106.7889,0.017282
106.7989,0.018377
106.8089,0.003342
106.8189,0.015984
106.8289,0.006562
106.8389,0.015108
106.8489,0.002513
106.8589,0.009079
106.8689,0.010616
106.8789,0.009765
106.8889,0.013050
106.8989,0.003530
106.9089,0.005581
106.9189,0.015711
106.9289,0.006701
106.9389,0.006022
106.9489,0.003265
106.9589,0.006320
106.9689,0.001784
106.9789,0.015834
106.9889,0.006408
106.9989,0.001331
107.0089,0.008375
107.0189,0.000000
107.0289,0.003154
107.0389,0.020836
107.0489,0.001295
107.0589,0.008853
107.0689,0.027651
107.0789,0.011994
107.0889,0.005914
107.0989,0.000000
107.1089,0.011335
107.1189,0.003858
107.1289,0.014462
107.1389,0.004590
107.1489,0.012217
107.1589,0.021571
107.1689,0.015370
107.1789,0.000000
107.1889,0.010712
107.1989,0.017708
107.2089,0.000000
107.2189,0.023498
107.2289,0.011127
107.2389,0.014612
107.2489,0.007249
107.2589,0.010371
107.2689,0.002844
107.2789,0.022377
107.2889,0.024344
107.2989,0.027173
107.3089,0.000000
107.3189,0.012636
107.3289,0.013457
107.3389,0.004356
107.3489,0.012983
107.3589,0.000000
107.3689,0.021773
107.3789,0.000000
107.3889,0.012003
107.3989,0.016314
107.4090,0.005204
107.4190,0.020981
107.4290,0.000000
107.4390,0.009755
107.4490,0.000000
107.4590,0.003814
107.4690,0.006049
107.4790,0.005561
107.4890,0.020167
107.4990,0.000621
107.5090,0.000000
107.5190,0.006551
107.5290,0.010907
107.5390,0.014026
107.5490,0.019231
107.5590,0.000000
107.5690,0.023509
107.5790,0.003453
107.5890,0.007772
107.5990,0.010185
107.6090,0.000000
107.6190,0.006541
107.6290,0.017936
107.6390,0.015051
107.6490,0.005996
107.6590,0.011704
107.6690,0.013692
107.6790,0.007930
107.6890,0.013940
107.6990,0.003596
107.7090,0.002437
107.7190,0.007624
107.7290,0.000000
107.7390,0.015546
107.7490,0.010665
107.7590,0.008223
107.7690,0.016372
107.7790,0.013097
107.7890,0.018510
107.7990,0.022639
107.8090,0.012644
107.8190,0.004242
107.8290,0.015799
107.8390,0.004269
107.8490,0.003902
107.8590,0.007659
107.8690,0.019265
107.8790,0.016002
107.8890,0.017087
107.8990,0.010983
107.9090,0.014555
107.9190,0.014807
107.9290,0.004494
107.9390,0.014706
107.9490,0.009969
107.9590,0.006760
107.9690,0.007144
107.9790,0.005581
107.9890,0.007753
107.9990,0.009935
108.0090,0.015321
108.0190,0.022078
108.0290,0.014556
108.0390,0.010951
108.0490,0.000000
108.0590,0.029381
108.0690,0.004376
108.0790,0.004646
108.0890,0.020177
108.0990,0.001268
108.1090,0.013067
108.1190,0.006406
108.1290,0.008106
108.1390,0.010545
108.1490,0.000618
108.1590,0.009202
108.1690,0.018420
108.1790,0.009640
108.1890,0.038252
108.1990,0.011023
108.2090,0.000746
108.2190,0.006176
108.2290,0.000000
108.2390,0.019032
108.2490,0.023288
108.2590,0.017222
108.2690,0.003793
108.2790,0.003571
108.2890,0.016481
108.2990,0.006460
108.3090,0.003782
108.3190,0.002929
108.3290,0.025704
108.3390,0.007082
108.3490,0.017493
108.3590,0.015282
108.3690,0.004143
108.3790,0.011304
108.3890,0.003020
108.3990,0.022663
108.4090,0.003844
108.4190,0.014105
108.4290,0.007282
108.4390,0.003891
108.4490,0.019964
108.4590,0.007232
108.4690,0.000000
108.4790,0.014911
108.4890,0.005916
108.4990,0.012897
108.5090,0.018547
108.5190,0.014613
108.5290,0.018933
108.5390,0.001502
108.5490,0.021540
108.5590,0.009638
108.5690,0.000671
108.5790,0.000000
108.5890,0.009754
108.5990,0.006001
108.6091,0.006195
108.6191,0.015107
108.6291,0.026267
108.6391,0.005365
108.6491,0.013388
108.6591,0.008184
108.6691,0.004907
108.6791,0.004751
108.6891,0.026094
108.6991,0.013141
108.7091,0.011593
108.7191,0.007711
108.7291,0.013812
108.7391,0.008251
108.7491,0.028878
108.7591,0.015535
108.7691,0.014720
108.7791,0.014623
108.7891,0.024237
108.7991,0.013684
108.8091,0.010136
108.8191,0.015324
108.8291,0.020454
108.8391,0.023676
108.8491,0.016023
108.8591,0.016228
108.8691,0.022426
108.8791,0.000000
108.8891,0.015375
108.8991,0.010087
108.9091,0.015321
108.9191,0.017797
108.9291,0.025007
108.9391,0.004068
108.9491,0.009487
108.9591,0.008223
108.9691,0.010582
108.9791,0.004574
108.9891,0.032735
108.9991,0.022701
109.0091,0.009633
109.0191,0.016062
109.0291,0.012562
109.0391,0.017392
109.0491,0.010104
109.0591,0.004166
109.0691,0.011877
109.0791,0.027611
109.0891,0.004787
109.0991,0.025550
109.1091,0.021360
109.1191,0.013791
109.1291,0.023097
109.1391,0.018874
109.1491,0.000215
109.1591,0.014188
109.1691,0.014533
109.1791,0.029206
109.1891,0.014552
109.1991,0.016184
109.2091,0.008694
109.2191,0.017591
109.2291,0.008700
109.2391,0.027014
109.2491,0.015076
109.2591,0.009026
109.2691,0.028476
109.2791,0.008341
109.2891,0.020949
109.2991,0.007126
109.3091,0.021486
109.3191,0.027801
109.3291,0.014195
109.3391,0.010062
109.3491,0.010431
109.3591,0.019298
109.3691,0.035286
109.3791,0.028528
109.3891,0.029470
109.3991,0.011670
109.4091,0.029128
109.4191,0.028373
109.4291,0.023040
109.4391,0.015672
109.4491,0.028627
109.4591,0.015553
109.4691,0.026359
109.4791,0.018182
109.4891,0.013471
109.4991,0.018240
109.5091,0.037353
109.5191,0.012411
109.5291,0.029799
109.5391,0.028718
109.5491,0.020651
109.5591,0.017839
109.5691,0.012400
109.5791,0.032826
109.5891,0.013131
109.5991,0.000473
109.6091,0.025376
109.6191,0.012239
109.6291,0.022300
109.6391,0.012561
109.6491,0.018794
109.6591,0.024134
109.6691,0.025886
109.6791,0.034559
109.6891,0.023995
109.6991,0.024977
109.7091,0.022337
109.7191,0.031784
109.7291,0.015481
109.7391,0.021166
109.7491,0.024794
109.7591,0.017693
109.7691,0.036247
109.7791,0.027768
109.7891,0.015553
109.7991,0.028765
109.8092,0.036119
109.8192,0.020021
109.8292,0.036812
109.8392,0.028115
109.8492,0.027815
109.8592,0.035930
109.8692,0.028115
109.8792,0.029750
109.8892,0.027509
109.8992,0.012883
109.9092,0.030349
109.9192,0.029218
109.9292,0.024304
109.9392,0.007093
109.9492,0.032610
109.9592,0.020896
109.9692,0.018910
109.9792,0.018295
109.9892,0.012544
109.9992,0.032056
110.0092,0.047357
110.0192,0.024017
110.0292,0.035372
110.0392,0.028202
110.0492,0.031305
110.0592,0.028714
110.0692,0.035654
110.0792,0.019880
110.0892,0.030491
110.0992,0.038922
110.1092,0.035603
110.1192,0.032754
110.1292,0.031074
110.1392,0.027558
110.1492,0.027774
110.1592,0.018320
110.1692,0.034924
110.1792,0.041969
110.1892,0.033555
110.1992,0.031488
110.2092,0.036300
110.2192,0.014713
110.2292,0.027756
110.2392,0.031377
110.2492,0.018467
110.2592,0.033559
110.2692,0.017624
110.2792,0.038114
110.2892,0.034546
110.2992,0.031368
110.3092,0.039142
110.3192,0.034382
110.3292,0.037165
110.3392,0.035787
110.3492,0.026795
110.3592,0.046378
110.3692,0.043955
110.3792,0.037576
110.3892,0.035507
110.3992,0.040464
110.4092,0.044701
110.4192,0.050010
110.4292,0.030604
110.4392,0.043462
110.4492,0.034557
110.4592,0.022540
110.4692,0.042278
110.4792,0.047472
110.4892,0.043677
110.4992,0.034701
110.5092,0.039314
110.5192,0.041966
110.5292,0.041120
110.5392,0.046538
110.5492,0.044403
110.5592,0.032390
110.5692,0.037394
110.5792,0.033307
110.5892,0.038797
110.5992,0.022719
110.6092,0.053259
110.6192,0.031759
110.6292,0.034054
110.6392,0.038985
110.6492,0.027465
110.6592,0.035968
110.6692,0.040164
110.6792,0.052169
110.6892,0.040281
110.6992,0.036064
110.7092,0.030469
110.7192,0.056746
110.7292,0.040419
110.7392,0.040631
110.7492,0.029166
110.7592,0.044501
110.7692,0.035765
110.7792,0.052410
110.7892,0.044519
110.7992,0.041971
110.8092,0.030556
110.8192,0.040520
110.8292,0.039763
110.8392,0.042625
110.8492,0.026049
110.8592,0.034701
110.8692,0.038179
110.8792,0.046317
110.8892,0.027041
110.8992,0.053707
110.9092,0.052758
110.9192,0.035037
110.9292,0.062914
110.9392,0.045238
110.9492,0.042630
110.9592,0.048425
110.9692,0.047187
110.9792,0.044951
110.9892,0.035508
110.9992,0.040858
111.0093,0.047385
111.0193,0.051371
111.0293,0.056386
111.0393,0.041384
111.0493,0.045848
111.0593,0.040104
111.0693,0.054309
111.0793,0.043241
111.0893,0.041201
111.0993,0.046573
111.1093,0.032866
111.1193,0.050752
111.1293,0.044119
111.1393,0.068912
111.1493,0.041999
111.1593,0.044981
111.1693,0.055431
111.1793,0.053724
111.1893,0.055930
111.1993,0.045580
111.2093,0.038817
111.2193,0.069513
111.2293,0.052474
111.2393,0.050324
111.2493,0.055141
111.2593,0.038445
111.2693,0.045395
111.2793,0.040879
111.2893,0.050735
111.2993,0.038551
111.3093,0.055143
111.3193,0.059398
111.3293,0.059281
111.3393,0.053807
111.3493,0.051999
111.3593,0.047295
111.3693,0.054405
111.3793,0.050117
111.3893,0.036216
111.3993,0.046418
111.4093,0.057868
111.4193,0.042703
111.4293,0.042724
111.4393,0.050469
111.4493,0.034894
111.4593,0.058262
111.4693,0.057734
111.4793,0.060362
111.4893,0.054734
111.4993,0.046321
111.5093,0.043484
111.5193,0.057912
111.5293,0.059408
111.5393,0.044932
111.5493,0.044041
111.5593,0.054075
111.5693,0.055501
111.5793,0.062069
111.5893,0.060070
111.5993,0.054313
111.6093,0.063419
111.6193,0.052520
111.6293,0.053030
111.6393,0.062467
111.6493,0.063524
111.6593,0.063916
111.6693,0.054793
111.6793,0.056984
111.6893,0.049664
111.6993,0.063977
111.7093,0.052231
111.7193,0.041172
111.7293,0.053800
111.7393,0.050666
111.7493,0.036040
111.7593,0.053292
111.7693,0.064324
111.7793,0.061558
111.7893,0.061728
111.7993,0.070023
111.8093,0.054172
111.8193,0.049825
111.8293,0.063125
111.8393,0.062215
111.8493,0.049414
111.8593,0.058321
111.8693,0.064223
111.8793,0.062299
111.8893,0.066142
111.8993,0.055096
111.9093,0.049312
111.9193,0.053540
111.9293,0.067948
111.9393,0.069505
111.9493,0.060066
111.9593,0.073695
111.9693,0.060484
111.9793,0.057869
111.9893,0.050869
111.9993,0.061738
112.0093,0.071016
112.0193,0.072868
112.0293,0.071462
112.0393,0.067092
112.0493,0.076058
112.0593,0.055723
112.0693,0.073142
112.0793,0.066100
112.0893,0.065724
112.0993,0.052844
112.1093,0.067149
112.1193,0.073839
112.1293,0.047767
112.1393,0.071351
112.1493,0.046896
112.1593,0.054027
112.1693,0.064802
112.1793,0.078408
112.1893,0.064913
112.1993,0.069888
112.2094,0.059040
112.2194,0.064955
112.2294,0.066261
112.2394,0.079925
112.2494,0.061104
112.2594,0.062001
112.2694,0.076080
112.2794,0.065683
112.2894,0.068755
112.2994,0.071523
112.3094,0.063141
112.3194,0.052007
112.3294,0.077219
112.3394,0.069739
112.3494,0.058787
112.3594,0.075421
112.3694,0.085463
112.3794,0.079123
112.3894,0.086422
112.3994,0.060146
112.4094,0.072158
112.4194,0.073194
112.4294,0.069615
112.4394,0.068121
112.4494,0.047261
112.4594,0.084671
112.4694,0.058391
112.4794,0.078750
112.4894,0.071802
112.4994,0.071665
112.5094,0.070460
112.5194,0.073891
112.5294,0.077620
112.5394,0.080303
112.5494,0.071878
112.5594,0.063436
112.5694,0.063357
112.5794,0.081783
112.5894,0.071497
112.5994,0.065665
112.6094,0.068126
112.6194,0.073505
112.6294,0.064186
112.6394,0.074400
112.6494,0.084870
112.6594,0.074093
112.6694,0.061099
112.6794,0.082379
112.6894,0.084516
112.6994,0.085135
112.7094,0.076501
112.7194,0.094879
112.7294,0.082312
112.7394,0.100541
112.7494,0.087633
112.7594,0.086607
112.7694,0.072236
112.7794,0.069832
112.7894,0.078538
112.7994,0.076273
112.8094,0.073711
112.8194,0.077170
112.8294,0.076825
112.8394,0.073488
112.8494,0.084066
112.8594,0.072995
112.8694,0.078862
112.8794,0.069692
112.8894,0.080408
112.8994,0.081418
112.9094,0.072317
112.9194,0.080772
112.9294,0.079626
112.9394,0.076923
112.9494,0.077199
112.9594,0.084593
112.9694,0.081438
112.9794,0.089073
112.9894,0.073323
112.9994,0.080314
113.0094,0.077101
113.0194,0.082702
113.0294,0.084573
113.0394,0.073166
113.0494,0.087568
113.0594,0.100328
113.0694,0.084593
113.0794,0.076488
113.0894,0.081297
113.0994,0.081242
113.1094,0.078700
113.1194,0.090023
113.1294,0.069859
113.1394,0.086827
113.1494,0.095174
113.1594,0.094862
113.1694,0.093454
113.1794,0.080180
113.1894,0.097326
113.1994,0.088802
113.2094,0.097459
113.2194,0.094930
113.2294,0.088997
113.2394,0.084728
113.2494,0.105804
113.2594,0.072856
113.2694,0.085913
113.2794,0.076262
113.2894,0.088646
113.2994,0.090769
113.3094,0.082978
113.3194,0.083785
113.3294,0.077967
113.3394,0.092353
113.3494,0.085213
113.3594,0.092529
113.3694,0.085166
113.3794,0.091540
113.3894,0.095685
113.3994,0.093803
113.4095,0.091867
113.4195,0.089561
113.4295,0.094413
113.4395,0.085981
113.4495,0.089445
113.4595,0.093990
113.4695,0.103722
113.4795,0.086736
113.4895,0.084758
113.4995,0.094329
113.5095,0.101912
113.5195,0.098958
113.5295,0.092847
113.5395,0.102685
113.5495,0.078607
113.5595,0.101389
113.5695,0.090992
113.5795,0.098755
113.5895,0.101987
113.5995,0.095682
113.6095,0.094903
113.6195,0.091419
113.6295,0.108293
113.6395,0.097726
113.6495,0.096959
113.6595,0.107466
113.6695,0.091580
113.6795,0.093812
113.6895,0.103520
113.6995,0.110426
113.7095,0.096798
113.7195,0.099745
113.7295,0.084155
113.7395,0.107331
113.7495,0.088619
113.7595,0.093180
113.7695,0.099214
113.7795,0.092726
113.7895,0.082614
113.7995,0.088456
113.8095,0.099341
113.8195,0.110736
113.8295,0.110304
113.8395,0.102246
113.8495,0.100656
113.8595,0.105996
113.8695,0.110432
113.8795,0.100976
113.8895,0.101464
113.8995,0.102094
113.9095,0.108755
113.9195,0.089944
113.9295,0.101236
113.9395,0.104523
113.9495,0.086386
113.9595,0.109083
113.9695,0.110569
113.9795,0.086605
113.9895,0.099081
113.9995,0.099562
114.0095,0.095706
114.0195,0.097023
114.0295,0.099066
114.0395,0.108340
114.0495,0.113655
114.0595,0.108305
114.0695,0.096795
114.0795,0.110649
114.0895,0.109368
114.0995,0.081287
114.1095,0.114887
114.1195,0.106251
114.1295,0.106764
114.1395,0.091672
114.1495,0.118743
114.1595,0.108743
114.1695,0.112465
114.1795,0.095890
114.1895,0.110792
114.1995,0.111168
114.2095,0.105887
114.2195,0.097003
114.2295,0.107074
114.2395,0.100142
114.2495,0.102415
114.2595,0.117498
114.2695,0.109130
114.2795,0.108007
114.2895,0.099468
114.2995,0.108723
114.3095,0.108106
114.3195,0.101673
114.3295,0.118425
114.3395,0.118260
114.3495,0.103986
114.3595,0.113568
114.3695,0.095798
114.3795,0.113385
114.3895,0.117309
114.3995,0.102296
114.4095,0.111618
114.4195,0.112738
114.4295,0.135050
114.4395,0.132804
114.4495,0.114953
114.4595,0.107288
114.4695,0.114773
114.4795,0.122048
114.4895,0.099867
114.4995,0.096748
114.5095,0.104533
114.5195,0.120020
114.5295,0.120708
114.5395,0.117902
114.5495,0.123471
114.5595,0.113354
114.5695,0.112861
114.5795,0.118331
114.5895,0.129162
114.5995,0.118983
114.6096,0.115150
114.6196,0.119361
114.6296,0.127744
114.6396,0.113705
114.6496,0.113223
114.6596,0.113237
114.6696,0.123774
114.6796,0.111241
114.6896,0.122824
114.6996,0.106153
114.7096,0.116068
114.7196,0.117903
114.7296,0.132896
114.7396,0.126579
114.7496,0.116193
114.7596,0.115116
114.7696,0.114095
114.7796,0.110736
114.7896,0.132864
114.7996,0.114114
114.8096,0.134154
114.8196,0.121407
114.8296,0.120177
114.8396,0.121843
114.8496,0.130968
114.8596,0.114678
114.8696,0.125805
114.8796,0.121654
114.8896,0.125417
114.8996,0.120781
114.9096,0.119755
114.9196,0.127071
114.9296,0.112051
114.9396,0.134473
114.9496,0.124412
114.9596,0.119380
114.9696,0.126951
114.9796,0.118673
114.9896,0.125087
114.9996,0.125364
115.0096,0.134977
115.0196,0.127370
115.0296,0.116410
115.0396,0.130244
115.0496,0.131591
115.0596,0.113153
115.0696,0.116774
115.0796,0.142586
115.0896,0.124082
115.0996,0.124499
115.1096,0.126914
115.1196,0.122296
115.1296,0.113471
115.1396,0.118903
115.1496,0.122998
115.1596,0.124316
115.1696,0.122414
115.1796,0.116864
115.1896,0.124601
115.1996,0.138181
115.2096,0.124114
115.2196,0.128261
115.2296,0.141501
115.2396,0.124681
115.2496,0.154868
115.2596,0.137777
115.2696,0.131491
115.2796,0.129119
115.2896,0.142072
115.2996,0.126021
115.3096,0.128336
115.3196,0.144888
115.3296,0.129257
115.3396,0.128760
115.3496,0.127426
115.3596,0.117499
115.3696,0.141309
115.3796,0.133078
115.3896,0.142212
115.3996,0.132537
115.4096,0.130744
115.4196,0.129046
115.4296,0.140058
115.4396,0.128386
115.4496,0.138129
115.4596,0.135592
115.4696,0.127180
115.4796,0.132168
115.4896,0.136069
115.4996,0.133739
115.5096,0.151619
115.5196,0.138571
115.5296,0.135357
115.5396,0.134255
115.5496,0.135561
115.5596,0.132768
115.5696,0.131280
115.5796,0.142889
115.5896,0.150656
115.5996,0.134965
115.6096,0.142242
115.6196,0.133728
115.6296,0.140109
115.6396,0.129046
115.6496,0.132923
115.6596,0.132873
115.6696,0.139061
115.6796,0.131101
115.6896,0.122773
115.6996,0.129973
115.7096,0.139774
115.7196,0.135067
115.7296,0.137012
115.7396,0.143998
115.7496,0.135551
115.7596,0.141717
115.7696,0.159689
115.7796,0.139785
115.7896,0.141427
115.7996,0.146353
115.8097,0.137006
115.8197,0.139053
115.8297,0.143262
115.8397,0.145817
115.8497,0.137059
115.8597,0.149207
115.8697,0.157355
115.8797,0.129917
115.8897,0.148593
115.8997,0.144969
115.9097,0.143563
115.9197,0.148790
115.9297,0.157454
115.9397,0.148717
115.9497,0.154574
115.9597,0.146829
115.9697,0.150302
115.9797,0.143271
115.9897,0.148166
115.9997,0.145929
116.0097,0.149200
116.0197,0.135345
116.0297,0.139907
116.0397,0.158575
116.0497,0.160464
116.0597,0.135702
116.0697,0.145259
116.0797,0.144055
116.0897,0.152307
116.0997,0.149852
116.1097,0.156207
116.1197,0.140198
116.1297,0.154050
116.1397,0.148823
116.1497,0.145839
116.1597,0.155514
116.1697,0.150247
116.1797,0.151662
116.1897,0.163402
116.1997,0.153522
116.2097,0.168759
116.2197,0.134805
116.2297,0.153611
116.2397,0.145039
116.2497,0.146752
116.2597,0.149177
116.2697,0.162047
116.2797,0.151658
116.2897,0.146024
116.2997,0.160680
116.3097,0.146189
116.3197,0.169269
116.3297,0.145811
116.3397,0.154086
116.3497,0.172026
116.3597,0.154280
116.3697,0.160513
116.3797,0.156494
116.3897,0.157606
116.3997,0.151316
116.4097,0.161736
116.4197,0.168976
116.4297,0.143068
116.4397,0.151457
116.4497,0.154679
116.4597,0.152249
116.4697,0.164737
116.4797,0.154995
116.4897,0.160739
116.4997,0.172268
116.5097,0.146229
116.5197,0.163372
116.5297,0.160103
116.5397,0.160376
116.5497,0.154342
116.5597,0.158787
116.5697,0.162018
116.5797,0.160858
116.5897,0.168157
116.5997,0.154078
116.6097,0.151905
116.6197,0.147280
116.6297,0.164711
116.6397,0.169882
116.6497,0.154694
116.6597,0.154231
116.6697,0.179690
116.6797,0.175052
116.6897,0.175754
116.6997,0.168129
116.7097,0.171230
116.7197,0.163542
116.7297,0.154700
116.7397,0.155356
116.7497,0.166619
116.7597,0.174245
116.7697,0.165758
116.7797,0.172222
116.7897,0.166885
116.7997,0.170290
116.8097,0.174275
116.8197,0.179008
116.8297,0.170897
116.8397,0.184382
116.8497,0.167256
116.8597,0.179964
116.8697,0.174288
116.8797,0.155237
116.8897,0.181445
116.8997,0.163044
116.9097,0.168653
116.9197,0.177884
116.9297,0.165197
116.9397,0.170839
116.9497,0.176921
116.9597,0.165340
116.9697,0.170287
116.9797,0.169601
116.9897,0.180396
116.9997,0.185486
117.0098,0.164395
117.0198,0.174073
117.0298,0.169515
117.0398,0.174212
117.0498,0.188354
117.0598,0.177516
117.0698,0.170229
117.0798,0.164045
117.0898,0.183240
117.0998,0.171831
117.1098,0.169554
117.1198,0.178452
117.1298,0.180909
117.1398,0.173587
117.1498,0.169226
117.1598,0.188000
117.1698,0.182778
117.1798,0.185466
117.1898,0.174971
117.1998,0.171448
117.2098,0.174082
117.2198,0.166414
117.2298,0.176186
117.2398,0.173719
117.2498,0.178759
117.2598,0.180033
117.2698,0.180626
117.2798,0.175477
117.2898,0.170914
117.2998,0.169143
117.3098,0.182504
117.3198,0.182284
117.3298,0.170326
117.3398,0.193135
117.3498,0.188662
117.3598,0.174073
117.3698,0.184631
117.3798,0.181673
117.3898,0.185138
117.3998,0.184668
117.4098,0.188927
117.4198,0.195649
117.4298,0.186471
117.4398,0.188604
117.4498,0.196322
117.4598,0.180563
117.4698,0.177664
117.4798,0.190767
117.4898,0.175872
117.4998,0.179457
117.5098,0.198221
117.5198,0.172702
117.5298,0.189132
117.5398,0.175435
117.5498,0.190521
117.5598,0.202161
117.5698,0.179664
117.5798,0.171204
117.5898,0.191148
117.5998,0.183540
117.6098,0.187353
117.6198,0.192008
117.6298,0.193859
117.6398,0.194204
117.6498,0.189668
117.6598,0.193639
117.6698,0.188915
117.6798,0.188054
117.6898,0.190821
117.6998,0.195836
117.7098,0.186309
117.7198,0.193470
117.7298,0.188347
117.7398,0.186398
117.7498,0.200964
117.7598,0.195790
117.7698,0.196131
117.7798,0.185793
117.7898,0.191651
117.7998,0.198698
117.8098,0.197138
117.8198,0.214946
117.8298,0.196456
117.8398,0.189646
117.8498,0.191754
117.8598,0.188652
117.8698,0.190602
117.8798,0.196840
117.8898,0.192602
117.8998,0.207270
117.9098,0.203900
117.9198,0.204034
117.9298,0.195377
117.9398,0.204973
117.9498,0.206118
117.9598,0.210970
117.9698,0.194145
117.9798,0.198838
117.9898,0.193010
117.9998,0.220402
118.0098,0.197943
118.0198,0.210033
118.0298,0.201347
118.0398,0.207396
118.0498,0.200509
118.0598,0.208274
118.0698,0.203361
118.0798,0.215053
118.0898,0.204121
118.0998,0.196151
118.1098,0.206333
118.1198,0.202518
118.1298,0.194806
118.1398,0.205986
118.1498,0.198271
118.1598,0.201570
118.1698,0.204035
118.1798,0.187736
118.1898,0.200752
118.1998,0.211840
118.2099,0.203156
118.2199,0.189725
118.2299,0.204528
118.2399,0.209287
118.2499,0.203282
118.2599,0.203780
118.2699,0.202572
118.2799,0.211345
118.2899,0.200039
118.2999,0.211221
118.3099,0.204942
118.3199,0.217343
118.3299,0.203667
118.3399,0.198894
118.3499,0.212961
118.3599,0.212180
118.3699,0.211761
118.3799,0.215464
118.3899,0.200903
118.3999,0.202835
118.4099,0.219922
118.4199,0.213071
118.4299,0.206163
118.4399,0.195919
118.4499,0.200293
118.4599,0.202805
118.4699,0.206192
118.4799,0.213342
118.4899,0.200186
118.4999,0.207104
118.5099,0.201432
118.5199,0.208381
118.5299,0.231040
118.5399,0.221687
118.5499,0.216970
118.5599,0.208411
118.5699,0.204181
118.5799,0.212309
118.5899,0.200780
118.5999,0.218597
118.6099,0.212029
118.6199,0.213597
118.6299,0.200705
118.6399,0.214618
118.6499,0.212506
118.6599,0.206964
118.6699,0.216610
118.6799,0.211823
118.6899,0.217565
118.6999,0.220349
118.7099,0.206917
118.7199,0.216645
118.7299,0.216687
118.7399,0.226122
118.7499,0.223091
118.7599,0.213766
118.7699,0.213335
118.7799,0.218126
118.7899,0.208127
118.7999,0.209513
118.8099,0.213744
118.8199,0.198618
118.8299,0.209938
118.8399,0.215380
118.8499,0.240268
118.8599,0.213248
118.8699,0.223863
118.8799,0.217175
118.8899,0.222458
118.8999,0.210456
118.9099,0.206928
118.9199,0.230488
118.9299,0.209004
118.9399,0.231688
118.9499,0.217025
118.9599,0.213549
118.9699,0.216206
118.9799,0.233326
118.9899,0.215091
118.9999,0.217792
119.0099,0.228820
119.0199,0.224976
119.0299,0.237974
119.0399,0.230843
119.0499,0.216116
119.0599,0.232272
119.0699,0.206638
119.0799,0.228341
119.0899,0.217105
119.0999,0.227269
119.1099,0.238374
119.1199,0.209463
119.1299,0.230370
119.1399,0.229867
119.1499,0.228586
119.1599,0.215621
119.1699,0.222903
119.1799,0.216071
119.1899,0.227371
119.1999,0.213652
119.2099,0.220742
119.2199,0.229435
119.2299,0.218685
119.2399,0.221529
119.2499,0.217598
119.2599,0.227055
119.2699,0.224050
119.2799,0.219440
119.2899,0.220404
119.2999,0.226862
119.3099,0.217279
119.3199,0.225537
119.3299,0.226303
119.3399,0.227432
119.3499,0.222086
119.3599,0.231313
119.3699,0.234309
119.3799,0.231937
119.3899,0.228579
119.3999,0.215631
119.4100,0.240588
119.4200,0.227792
119.4300,0.229958
119.4400,0.221962
119.4500,0.226022
119.4600,0.237313
119.4700,0.234277
119.4800,0.225662
119.4900,0.240509
119.5000,0.220349
119.5100,0.215111
119.5200,0.213259
119.5300,0.235185
119.5400,0.223390
119.5500,0.227968
119.5600,0.237977
119.5700,0.231984
119.5800,0.219995
119.5900,0.242608
119.6000,0.227416
119.6100,0.229369
119.6200,0.224298
119.6300,0.221203
119.6400,0.232098
119.6500,0.218851
119.6600,0.229843
119.6700,0.243316
119.6800,0.236768
119.6900,0.232506
119.7000,0.222220
119.7100,0.230644
119.7200,0.224883
119.7300,0.242912
119.7400,0.227704
119.7500,0.225329
119.7600,0.229995
119.7700,0.225603
119.7800,0.233862
119.7900,0.246665
119.8000,0.232271
119.8100,0.224949
119.8200,0.231184
119.8300,0.222398
119.8400,0.255670
119.8500,0.247205
119.8600,0.242889
119.8700,0.239039
119.8800,0.231818
119.8900,0.232108
119.9000,0.231605
119.9100,0.252496
119.9200,0.232056
119.9300,0.229192
119.9400,0.232980
119.9500,0.238063
119.9600,0.206178
119.9700,0.237294
119.9800,0.213916
119.9900,0.246142
120.0000,0.220680
